institution,course_name,url,year,module_name,credits,type,bucket_1,bucket_2
Chichester,BA (hons) politics & international relations,https://www.chi.ac.uk/department-humanities/undergraduate/ba-hons-politics-and-international-relations,Year 3,War and Peace Twentieth Century Europe and Global Conflict,,,Security & Conflict,Sociology & History
Chichester,BA (hons) politics & international relations,https://www.chi.ac.uk/department-humanities/undergraduate/ba-hons-politics-and-international-relations,Year 3,The United States: An Introduction (1763 – The Present),,,Sociology & History,Regional & Area Studies
Chichester,BA (hons) politics & international relations,https://www.chi.ac.uk/department-humanities/undergraduate/ba-hons-politics-and-international-relations,Year 3,Introduction to International Relations Theory and Practice,,,IR Theory & Global Order,
Chichester,BA (hons) politics & international relations,https://www.chi.ac.uk/department-humanities/undergraduate/ba-hons-politics-and-international-relations,Year 3,Introduction to Soft Power,,,Diplomacy & Foreign Policy,
Chichester,BA (hons) politics & international relations,https://www.chi.ac.uk/department-humanities/undergraduate/ba-hons-politics-and-international-relations,Year 3,Russia and China: An Introduction to Post-Communism,,,Regional & Area Studies,
Chichester,BA (hons) politics & international relations,https://www.chi.ac.uk/department-humanities/undergraduate/ba-hons-politics-and-international-relations,Year 3,"Britain and Europe: Brexit – Before, During and After",,,Comparative & British Politics,Regional & Area Studies
Chichester,BA (hons) politics & international relations,https://www.chi.ac.uk/department-humanities/undergraduate/ba-hons-politics-and-international-relations,Year 3,Contemporary Issues in International Relations I: Global Security Challenges,,,Security & Conflict,IR Theory & Global Order
Chichester,BA (hons) politics & international relations,https://www.chi.ac.uk/department-humanities/undergraduate/ba-hons-politics-and-international-relations,Year 3,EU Law II,,,Law,Regional & Area Studies
Chichester,BA (hons) politics & international relations,https://www.chi.ac.uk/department-humanities/undergraduate/ba-hons-politics-and-international-relations,Year 3,International Human Rights,,,Human Rights & Humanitarianism,
Chichester,BA (hons) politics & international relations,https://www.chi.ac.uk/department-humanities/undergraduate/ba-hons-politics-and-international-relations,Year 3,International Organisations,,,Diplomacy & Foreign Policy,
Chichester,BA (hons) politics & international relations,https://www.chi.ac.uk/department-humanities/undergraduate/ba-hons-politics-and-international-relations,Year 3,Identity and Conflict in Russia and Eurasia,,,Regional & Area Studies,Security & Conflict
Chichester,BA (hons) politics & international relations,https://www.chi.ac.uk/department-humanities/undergraduate/ba-hons-politics-and-international-relations,Year 3,Contemporary Issues in International Relations II: Climate Change and Activism,,,Environment & Sustainability,IR Theory & Global Order
Chichester,BA (hons) politics & international relations,https://www.chi.ac.uk/department-humanities/undergraduate/ba-hons-politics-and-international-relations,Year 3,"Civil Society, NGOs and International Development",,,Human Rights & Humanitarianism,International Political Economy
Chichester,BA (hons) politics & international relations,https://www.chi.ac.uk/department-humanities/undergraduate/ba-hons-politics-and-international-relations,Year 3,Globalisation and Its Malcontents,,,IR Theory & Global Order,International Political Economy
Chichester,BA (hons) politics & international relations,https://www.chi.ac.uk/department-humanities/undergraduate/ba-hons-politics-and-international-relations,Year 3,International Law,,,Law,
Chichester,BA (hons) politics & international relations,https://www.chi.ac.uk/department-humanities/undergraduate/ba-hons-politics-and-international-relations,Year 3,"International Diplomacy, Sustaintable Growth and Cultural Heritage",,,Diplomacy & Foreign Policy,Environment & Sustainability
Chichester,BA (hons) politics & international relations,https://www.chi.ac.uk/department-humanities/undergraduate/ba-hons-politics-and-international-relations,Year 3,Multi-Media and Public Communications,,,"Media, Communication & Culture",
Chichester,BA (hons) politics & international relations,https://www.chi.ac.uk/department-humanities/undergraduate/ba-hons-politics-and-international-relations,Year 3,The Politics of East Asia,,,Regional & Area Studies,
Coventry,BA (hons) international relations,https://www.coventry.ac.uk/course-structure/ug/fah/international-relations-ba-hons/?term=2025-26,Year 2,Placement year,,,"Skills, Placement & Employability",
Coventry,BA (hons) international relations,https://www.coventry.ac.uk/course-structure/ug/fah/international-relations-ba-hons/?term=2025-26,Year 2,The Politics of the Global South,30,core,Regional & Area Studies,International Political Economy
Coventry,BA (hons) international relations,https://www.coventry.ac.uk/course-structure/ug/fah/international-relations-ba-hons/?term=2025-26,Year 2,The Spy Game: Intelligence and Surveillance,30,core,Security & Conflict,
Coventry,BA (hons) politics & international relations,https://www.coventry.ac.uk/course-structure/ug/fah/politics-and-international-relations/?term=2025-26,Year 2,Placement year,,,"Skills, Placement & Employability",
Coventry,BA (hons) politics & international relations,https://www.coventry.ac.uk/course-structure/ug/fah/politics-and-international-relations/?term=2025-26,Year 2,International Relations of the Middle East and South Asia,30,core,Regional & Area Studies,
Coventry,BA (hons) politics & international relations,https://www.coventry.ac.uk/course-structure/ug/fah/politics-and-international-relations/?term=2025-26,Year 2,"Global Conspiracies, Populism, and the Far Right",30,core,Political Theory & Philosophy,Comparative & British Politics
Glasgow,LLB (hons) common law & international relations,https://www.gla.ac.uk/undergraduate/degrees/commonlaw/,Year 1,Common Law System & Method,,,Law,
Glasgow,LLB (hons) common law & international relations,https://www.gla.ac.uk/undergraduate/degrees/commonlaw/,Year 1,Constitutional Law,,,Law,
Glasgow,LLB (hons) common law & international relations,https://www.gla.ac.uk/undergraduate/degrees/commonlaw/,Year 1,Law of Torts,,,Law,
Glasgow,LLB (hons) common law & international relations,https://www.gla.ac.uk/undergraduate/degrees/commonlaw/,Year 1,Criminal Law of England & Wales,,,Law,
Glasgow,LLB (hons) common law & international relations,https://www.gla.ac.uk/undergraduate/degrees/commonlaw/,Year 1,Law of Contract.,,,Law,
Glasgow,LLB (hons) common law & international relations,https://www.gla.ac.uk/undergraduate/degrees/commonlaw/,Year 1,Common Law System and Method,,,Law,
Glasgow,LLB (hons) common law & international relations,https://www.gla.ac.uk/undergraduate/degrees/commonlaw/,Year 1,Constitutional Law 1,,,Law,
Glasgow,LLB (hons) common law & international relations,https://www.gla.ac.uk/undergraduate/degrees/commonlaw/,Year 1,Law of Torts,,,Law,
Glasgow,LLB (hons) common law & international relations,https://www.gla.ac.uk/undergraduate/degrees/commonlaw/,Year 1,Criminal Law of England and Wales,,,Law,
Glasgow,LLB (hons) common law & international relations,https://www.gla.ac.uk/undergraduate/degrees/commonlaw/,Year 1,Law of Contract,,,Law,
Glasgow,LLB (hons) common law & international relations,https://www.gla.ac.uk/undergraduate/degrees/commonlaw/,Year 2,European Union Law,,core,Law,Regional & Area Studies
Glasgow,LLB (hons) common law & international relations,https://www.gla.ac.uk/undergraduate/degrees/commonlaw/,Year 2,Jurisprudence,,core,Law,Political Theory & Philosophy
Glasgow,LLB (hons) common law & international relations,https://www.gla.ac.uk/undergraduate/degrees/commonlaw/,Year 2,Law & Government,,core,Law,Comparative & British Politics
Glasgow,LLB (hons) common law & international relations,https://www.gla.ac.uk/undergraduate/degrees/commonlaw/,Year 2,Land Law,,core,Law,
Glasgow,LLB (hons) common law & international relations,https://www.gla.ac.uk/undergraduate/degrees/commonlaw/,Year 2,Equity & Trusts.,,core,Law,
Glasgow,LLB (hons) common law & international relations,https://www.gla.ac.uk/undergraduate/degrees/commonlaw/,Year 2,Public International Law,,core,Law,
Glasgow,LLB (hons) common law & international relations,https://www.gla.ac.uk/undergraduate/degrees/commonlaw/,Year 2,Roman Law of Property and Obligations,,core,Law,
Glasgow,LLB (hons) common law & international relations,https://www.gla.ac.uk/undergraduate/degrees/commonlaw/,Year 2,Commercial Law,,core,Law,
Glasgow,LLB (hons) common law & international relations,https://www.gla.ac.uk/undergraduate/degrees/commonlaw/,Year 2,Business Organisations,,core,Law,
Glasgow,LLB (hons) common law & international relations,https://www.gla.ac.uk/undergraduate/degrees/commonlaw/,Year 2,>Foundations of Evidence Law.,,core,Law,
Glasgow,LLB (hons) common law & international relations,https://www.gla.ac.uk/undergraduate/degrees/commonlaw/,Year 2,Family Law.,,core,Law,
Glasgow,LLB (hons) common law & international relations,https://www.gla.ac.uk/undergraduate/degrees/commonlaw/,Year 2,European Union Law,,,Law,Regional & Area Studies
Glasgow,LLB (hons) common law & international relations,https://www.gla.ac.uk/undergraduate/degrees/commonlaw/,Year 2,Jurisprudence,,,Law,Political Theory & Philosophy
Glasgow,LLB (hons) common law & international relations,https://www.gla.ac.uk/undergraduate/degrees/commonlaw/,Year 2,Law and Government,,,Law,Comparative & British Politics
Glasgow,LLB (hons) common law & international relations,https://www.gla.ac.uk/undergraduate/degrees/commonlaw/,Year 2,Land Law,,,Law,
Glasgow,LLB (hons) common law & international relations,https://www.gla.ac.uk/undergraduate/degrees/commonlaw/,Year 2,Equity and Trusts,,,Law,
Glasgow,LLB (hons) common law & international relations,https://www.gla.ac.uk/undergraduate/degrees/commonlaw/,Year 2,Public International Law,,,Law,
Glasgow,LLB (hons) common law & international relations,https://www.gla.ac.uk/undergraduate/degrees/commonlaw/,Year 2,Roman Law Of Property & Obligations 1,,,Law,
Glasgow,LLB (hons) common law & international relations,https://www.gla.ac.uk/undergraduate/degrees/commonlaw/,Year 2,Commercial Law (Common Law),,,Law,
Glasgow,LLB (hons) common law & international relations,https://www.gla.ac.uk/undergraduate/degrees/commonlaw/,Year 2,Business Organisations,,,Law,
Glasgow,LLB (hons) common law & international relations,https://www.gla.ac.uk/undergraduate/degrees/commonlaw/,Year 2,Foundations of Evidence Law,,,Law,
Glasgow,LLB (hons) common law/ politics,http://www.gla.ac.uk/undergraduate/degrees/commonlaw/,Year 1,Common Law System & Method,,,Law,
Glasgow,LLB (hons) common law/ politics,http://www.gla.ac.uk/undergraduate/degrees/commonlaw/,Year 1,Constitutional Law,,,Law,
Glasgow,LLB (hons) common law/ politics,http://www.gla.ac.uk/undergraduate/degrees/commonlaw/,Year 1,Law of Torts,,,Law,
Glasgow,LLB (hons) common law/ politics,http://www.gla.ac.uk/undergraduate/degrees/commonlaw/,Year 1,Criminal Law of England & Wales,,,Law,
Glasgow,LLB (hons) common law/ politics,http://www.gla.ac.uk/undergraduate/degrees/commonlaw/,Year 1,Law of Contract.,,,Law,
Glasgow,LLB (hons) common law/ politics,http://www.gla.ac.uk/undergraduate/degrees/commonlaw/,Year 1,Common Law System and Method,,,Law,
Glasgow,LLB (hons) common law/ politics,http://www.gla.ac.uk/undergraduate/degrees/commonlaw/,Year 1,Constitutional Law 1,,,Law,
Glasgow,LLB (hons) common law/ politics,http://www.gla.ac.uk/undergraduate/degrees/commonlaw/,Year 1,Law of Torts,,,Law,
Glasgow,LLB (hons) common law/ politics,http://www.gla.ac.uk/undergraduate/degrees/commonlaw/,Year 1,Criminal Law of England and Wales,,,Law,
Glasgow,LLB (hons) common law/ politics,http://www.gla.ac.uk/undergraduate/degrees/commonlaw/,Year 1,Law of Contract,,,Law,
Glasgow,LLB (hons) common law/ politics,http://www.gla.ac.uk/undergraduate/degrees/commonlaw/,Year 2,European Union Law,,core,Law,Regional & Area Studies
Glasgow,LLB (hons) common law/ politics,http://www.gla.ac.uk/undergraduate/degrees/commonlaw/,Year 2,Jurisprudence,,core,Law,Political Theory & Philosophy
Glasgow,LLB (hons) common law/ politics,http://www.gla.ac.uk/undergraduate/degrees/commonlaw/,Year 2,Law & Government,,core,Law,Comparative & British Politics
Glasgow,LLB (hons) common law/ politics,http://www.gla.ac.uk/undergraduate/degrees/commonlaw/,Year 2,Land Law,,core,Law,
Glasgow,LLB (hons) common law/ politics,http://www.gla.ac.uk/undergraduate/degrees/commonlaw/,Year 2,Equity & Trusts.,,core,Law,
Glasgow,LLB (hons) common law/ politics,http://www.gla.ac.uk/undergraduate/degrees/commonlaw/,Year 2,Public International Law,,core,Law,
Glasgow,LLB (hons) common law/ politics,http://www.gla.ac.uk/undergraduate/degrees/commonlaw/,Year 2,Roman Law of Property and Obligations,,core,Law,
Glasgow,LLB (hons) common law/ politics,http://www.gla.ac.uk/undergraduate/degrees/commonlaw/,Year 2,Commercial Law,,core,Law,
Glasgow,LLB (hons) common law/ politics,http://www.gla.ac.uk/undergraduate/degrees/commonlaw/,Year 2,Business Organisations,,core,Law,
Glasgow,LLB (hons) common law/ politics,http://www.gla.ac.uk/undergraduate/degrees/commonlaw/,Year 2,>Foundations of Evidence Law.,,core,Law,
Glasgow,LLB (hons) common law/ politics,http://www.gla.ac.uk/undergraduate/degrees/commonlaw/,Year 2,Family Law.,,core,Law,
Glasgow,LLB (hons) common law/ politics,http://www.gla.ac.uk/undergraduate/degrees/commonlaw/,Year 2,European Union Law,,,Law,Regional & Area Studies
Glasgow,LLB (hons) common law/ politics,http://www.gla.ac.uk/undergraduate/degrees/commonlaw/,Year 2,Jurisprudence,,,Law,Political Theory & Philosophy
Glasgow,LLB (hons) common law/ politics,http://www.gla.ac.uk/undergraduate/degrees/commonlaw/,Year 2,Law and Government,,,Law,Comparative & British Politics
Glasgow,LLB (hons) common law/ politics,http://www.gla.ac.uk/undergraduate/degrees/commonlaw/,Year 2,Land Law,,,Law,
Glasgow,LLB (hons) common law/ politics,http://www.gla.ac.uk/undergraduate/degrees/commonlaw/,Year 2,Equity and Trusts,,,Law,
Glasgow,LLB (hons) common law/ politics,http://www.gla.ac.uk/undergraduate/degrees/commonlaw/,Year 2,Public International Law,,,Law,
Glasgow,LLB (hons) common law/ politics,http://www.gla.ac.uk/undergraduate/degrees/commonlaw/,Year 2,Roman Law Of Property & Obligations 1,,,Law,
Glasgow,LLB (hons) common law/ politics,http://www.gla.ac.uk/undergraduate/degrees/commonlaw/,Year 2,Commercial Law (Common Law),,,Law,
Glasgow,LLB (hons) common law/ politics,http://www.gla.ac.uk/undergraduate/degrees/commonlaw/,Year 2,Business Organisations,,,Law,
Glasgow,LLB (hons) common law/ politics,http://www.gla.ac.uk/undergraduate/degrees/commonlaw/,Year 2,Foundations of Evidence Law,,,Law,
Glasgow,MA (hons) / politics,http://www.gla.ac.uk/undergraduate/degrees/french/,Year 1,Non Beginners Language 1: Culture 1,,,Language & Area Language Modules,
Glasgow,MA (hons) / politics,http://www.gla.ac.uk/undergraduate/degrees/french/,Year 1,Beginners Language 1,,,Language & Area Language Modules,
Glasgow,MA (hons) / politics,http://www.gla.ac.uk/undergraduate/degrees/french/,Year 1,French Culture 1 (Non-Beginners),,,Language & Area Language Modules,
Glasgow,MA (hons) / politics,http://www.gla.ac.uk/undergraduate/degrees/french/,Year 1,French Language 1 (Beginners),,,Language & Area Language Modules,
Glasgow,MA (hons) / politics,http://www.gla.ac.uk/undergraduate/degrees/french/,Year 1,French Language 1 (Non-Beginners),,,Language & Area Language Modules,
Glasgow,MA (hons) / politics,http://www.gla.ac.uk/undergraduate/degrees/french/,Year 2,Language 2: Culture 2,,,Language & Area Language Modules,
Glasgow,MA (hons) / politics,http://www.gla.ac.uk/undergraduate/degrees/french/,Year 2,Language 2: Culture 2,,,Language & Area Language Modules,
Glasgow,MA (hons) / politics,http://www.gla.ac.uk/undergraduate/degrees/french/,Year 2,French Culture 2,,,Language & Area Language Modules,
Glasgow,MA (hons) / politics,http://www.gla.ac.uk/undergraduate/degrees/french/,Year 2,French Language 2,,,Language & Area Language Modules,
Glasgow,MA (hons) / politics,http://www.gla.ac.uk/undergraduate/degrees/french/,Year 3,Year abroad,,,"Skills, Placement & Employability",
Glasgow,MA (hons) / politics,http://www.gla.ac.uk/undergraduate/degrees/french/,Year 3,Year abroad,,,"Skills, Placement & Employability",
Glasgow,MA (hons) / politics,http://www.gla.ac.uk/undergraduate/degrees/french/,Year 3,FRENCH YEAR ABROAD ASSISTANTSHIP,,,"Skills, Placement & Employability",Language & Area Language Modules
Glasgow,MA (hons) / politics,http://www.gla.ac.uk/undergraduate/degrees/french/,Year 3,FRENCH YEAR ABROAD STUDY,,,"Skills, Placement & Employability",Language & Area Language Modules
Glasgow,MA (hons) / politics,http://www.gla.ac.uk/undergraduate/degrees/french/,Year 3,FRENCH YEAR ABROAD WORK PLACEMENT,,,"Skills, Placement & Employability",Language & Area Language Modules
Glasgow,MA (hons) / politics,http://www.gla.ac.uk/undergraduate/degrees/french/,Year 3,Bande Dessinee,,,"Media, Communication & Culture",
Glasgow,MA (hons) / politics,http://www.gla.ac.uk/undergraduate/degrees/french/,Year 3,Court And Conflict In Medieval French Literature,,,Sociology & History,
Glasgow,MA (hons) / politics,http://www.gla.ac.uk/undergraduate/degrees/french/,Year 3,French Cinema,,,"Media, Communication & Culture",
Glasgow,MA (hons) / politics,http://www.gla.ac.uk/undergraduate/degrees/french/,Year 3,Language And Socio-Cultural Identity In Modern France,,,Language & Area Language Modules,"Gender, Identity & Society"
Glasgow,MA (hons) / politics,http://www.gla.ac.uk/undergraduate/degrees/french/,Year 3,Modern French Thought,,,Political Theory & Philosophy,
Glasgow,MA (hons) / politics,http://www.gla.ac.uk/undergraduate/degrees/french/,Year 3,Satire And Subversion In Medieval French Literature,,,Sociology & History,
Glasgow,MA (hons) / politics,http://www.gla.ac.uk/undergraduate/degrees/french/,Year 3,The European Emblem,,,,
Glasgow,MA (hons) / politics,http://www.gla.ac.uk/undergraduate/degrees/french/,Year 3,Travel Writing,,,"Media, Communication & Culture",
Glasgow,MA (hons) / politics,http://www.gla.ac.uk/undergraduate/degrees/french/,Year 3,French Song and Society: From Troubadours to Rap,,,Language & Area Language Modules,"Media, Communication & Culture"
Glasgow,MA (hons) / politics,http://www.gla.ac.uk/undergraduate/degrees/french/,Year 3,French Honours Spoken Language (Junior),,,Language & Area Language Modules,
Glasgow,MA (hons) / politics,http://www.gla.ac.uk/undergraduate/degrees/french/,Year 3,French Honours Spoken Language (Senior),,,Language & Area Language Modules,
Glasgow,MA (hons) / politics,http://www.gla.ac.uk/undergraduate/degrees/french/,Year 3,French Honours Written Language (Junior),,,Language & Area Language Modules,
Glasgow,MA (hons) / politics,http://www.gla.ac.uk/undergraduate/degrees/french/,Year 3,French Honours Written Language (Senior),,,Language & Area Language Modules,
Glasgow,MA (hons) / politics,http://www.gla.ac.uk/undergraduate/degrees/french/,Year 3,"Consumption, Culture and Society in Modern France",,,"Media, Communication & Culture",
Glasgow,MA (hons) / politics,http://www.gla.ac.uk/undergraduate/degrees/french/,Year 3,The Twenty-First Century Novel in French,,,Language & Area Language Modules,
Glasgow,MA (hons) / politics,http://www.gla.ac.uk/undergraduate/degrees/french/,Year 3,Zombies and Terror: Representations of Haitian Dictatorship,,,"Media, Communication & Culture",Regional & Area Studies
Glasgow,MA (hons) / politics,http://www.gla.ac.uk/undergraduate/degrees/french/,Year 3,France 1940-44: The Occupation and its Legacies,,,Sociology & History,
Glasgow,MA (hons) / politics,http://www.gla.ac.uk/undergraduate/degrees/french/,Year 3,Food and Culture in France,,,Language & Area Language Modules,"Media, Communication & Culture"
Glasgow,MA (hons) / politics,http://www.gla.ac.uk/undergraduate/degrees/french/,Year 3,Writing the Visual: The Art of the Text,,,"Media, Communication & Culture",
Glasgow,MA (hons) / politics,http://www.gla.ac.uk/undergraduate/degrees/french/,Year 3,Modern French Poetry and Poetics,,,"Media, Communication & Culture",
Glasgow,MA (hons) / politics,http://www.gla.ac.uk/undergraduate/degrees/french/,Year 3,Subsidiary French Language (Beginners),,,Language & Area Language Modules,
Glasgow,MA (hons) / politics,http://www.gla.ac.uk/undergraduate/degrees/french/,Year 3,French Dissertation,,,Research Methods & Dissertation,Language & Area Language Modules
Glasgow,MA (hons) / politics,http://www.gla.ac.uk/undergraduate/degrees/french/,Year 3,Applied Dissertation with Placement in French,,,Language & Area Language Modules,"Skills, Placement & Employability"
Glasgow,MA (hons) / politics,http://www.gla.ac.uk/undergraduate/degrees/french/,Year 3,Translation Studies: An introduction to key topics in theory and practice,,,Language & Area Language Modules,
Glasgow,MA (hons) / politics,http://www.gla.ac.uk/undergraduate/degrees/french/,Year 3,The Brothers Grimm and the European Fairy Tale,,,"Media, Communication & Culture",
Glasgow,MA (hons) / politics,http://www.gla.ac.uk/undergraduate/degrees/french/,Year 3,Narrating the City: Representation of Urban Space in Literature and Film,,,"Media, Communication & Culture",
Glasgow,MA (hons) / politics,http://www.gla.ac.uk/undergraduate/degrees/french/,Year 3,Classic European Cinema East and West,,,"Media, Communication & Culture",
Glasgow,MA (hons) / politics,http://www.gla.ac.uk/undergraduate/degrees/french/,Year 3,Myths and Modern Imagination,,,"Media, Communication & Culture",
Glasgow,MA (hons) / politics,http://www.gla.ac.uk/undergraduate/degrees/french/,Year 3,Transcultural Connections: 'Classic' Texts and their Adaptations across Cultures,,,"Media, Communication & Culture",
Glasgow,MA (hons) / politics,http://www.gla.ac.uk/undergraduate/degrees/french/,Year 3,Bestsellers in the Pre-Industrial Age,,,Sociology & History,
Glasgow,MA (hons) / politics,http://www.gla.ac.uk/undergraduate/degrees/french/,Year 3,Cervantes in Hollywood,,,"Media, Communication & Culture",
Glasgow,MA (hons) / politics,http://www.gla.ac.uk/undergraduate/degrees/french/,Year 3,Czech Cinema,,,"Media, Communication & Culture",
Glasgow,MA (hons) / politics,http://www.gla.ac.uk/undergraduate/degrees/french/,Year 3,"Czech, Polish And Russian Women's Writing In English Translation",,,"Gender, Identity & Society","Media, Communication & Culture"
Glasgow,MA (hons) / politics,http://www.gla.ac.uk/undergraduate/degrees/french/,Year 3,Subsidiary Czech Language (Beginners),,,Language & Area Language Modules,
Glasgow,MA (hons) / politics,http://www.gla.ac.uk/undergraduate/degrees/french/,Year 3,Subsidiary Czech Language (Intermediate),,,Language & Area Language Modules,
Glasgow,MA (hons) / politics,http://www.gla.ac.uk/undergraduate/degrees/french/,Year 3,"Milan Kundera, a French writer? A study in intercultural literary discourse",,,"Media, Communication & Culture",
Glasgow,MA (hons) / politics,http://www.gla.ac.uk/undergraduate/degrees/french/,Year 3,Teaching English to Speakers of Other Languages (Hons),,,Language & Area Language Modules,
Glasgow,MA (hons) / politics,http://www.gla.ac.uk/undergraduate/degrees/french/,Year 3,European Political Thought: A View from Germany,,,Political Theory & Philosophy,Regional & Area Studies
Glasgow,MA (hons) / politics,http://www.gla.ac.uk/undergraduate/degrees/french/,Year 3,Brecht,,,"Media, Communication & Culture",
Glasgow,MA (hons) / politics,http://www.gla.ac.uk/undergraduate/degrees/french/,Year 3,Catalan 1,,,Language & Area Language Modules,
Glasgow,MA (hons) / politics,http://www.gla.ac.uk/undergraduate/degrees/french/,Year 3,Catalan 2,,,Language & Area Language Modules,
Glasgow,MA (hons) / politics,http://www.gla.ac.uk/undergraduate/degrees/french/,Year 3,"The Lost Empire: Byzantium And The Slavs, 800-1600",,,Sociology & History,
Glasgow,MA (hons) / politics,http://www.gla.ac.uk/undergraduate/degrees/french/,Year 3,The Medievalists,,,Sociology & History,
Glasgow,MA (hons) / politics,http://www.gla.ac.uk/undergraduate/degrees/french/,Year 3,Czechoslovakia,,,Regional & Area Studies,Sociology & History
Glasgow,MA (hons) / politics,http://www.gla.ac.uk/undergraduate/degrees/french/,Year 3,History through film and literature: Crisis situations,,,Sociology & History,"Media, Communication & Culture"
Glasgow,MA (hons) / politics,http://www.gla.ac.uk/undergraduate/degrees/french/,Year 3,Text/Image Cultures: Theory and Practice,,,"Media, Communication & Culture",
Glasgow,MA (hons) / politics,http://www.gla.ac.uk/undergraduate/degrees/french/,Year 3,Subsidiary Chinese (Mandarin) Language (Beginners),,,Language & Area Language Modules,
Glasgow,MA (hons) / politics,http://www.gla.ac.uk/undergraduate/degrees/french/,Year 3,Subsidiary Chinese (Mandarin) Language (Intermediate),,,Language & Area Language Modules,
Glasgow,MA (hons) / politics,http://www.gla.ac.uk/undergraduate/degrees/french/,Year 3,Latin American Cinema,,,"Media, Communication & Culture",Regional & Area Studies
Glasgow,MA (hons) / politics,http://www.gla.ac.uk/undergraduate/degrees/french/,Year 3,Censorship In Western Culture,,,"Media, Communication & Culture",
Glasgow,MA (hons) / politics,http://www.gla.ac.uk/undergraduate/degrees/french/,Year 3,Multilingualism in Context,,,Language & Area Language Modules,
Glasgow,MA (hons) / politics,http://www.gla.ac.uk/undergraduate/degrees/french/,Year 3,Language Policy and Planning for European Minority Languages,,,Language & Area Language Modules,Regional & Area Studies
Glasgow,MA (hons) / politics,http://www.gla.ac.uk/undergraduate/degrees/french/,Year 3,Subsidiary Polish Language (Beginners),,,Language & Area Language Modules,
Glasgow,MA (hons) / politics,http://www.gla.ac.uk/undergraduate/degrees/french/,Year 3,Subsidiary Polish Language (Intermediate),,,Language & Area Language Modules,
Glasgow,MA (hons) / politics,http://www.gla.ac.uk/undergraduate/degrees/french/,Year 3,Subsidiary Portuguese Language (Beginners),,,Language & Area Language Modules,
Glasgow,MA (hons) / politics,http://www.gla.ac.uk/undergraduate/degrees/french/,Year 3,Subsidiary Portuguese Language (Intermediate),,,Language & Area Language Modules,
Glasgow,MA (hons) / politics,http://www.gla.ac.uk/undergraduate/degrees/french/,Year 3,Subsidiary Russian Language (Beginners),,,Language & Area Language Modules,
Glasgow,MA (hons) / politics,http://www.gla.ac.uk/undergraduate/degrees/french/,Year 3,Subsidiary Russian Language (Intermediate),,,Language & Area Language Modules,
Glasgow,MA (hons) / politics,http://www.gla.ac.uk/undergraduate/degrees/french/,Year 3,Russian Literature and State Power,,,"Media, Communication & Culture",Regional & Area Studies
Glasgow,MA (hons) / politics,http://www.gla.ac.uk/undergraduate/degrees/french/,Year 3,Brave New Worlds: Russian Culture in the Age of Revolution,,,Regional & Area Studies,Sociology & History
Glasgow,MA (hons) / politics,http://www.gla.ac.uk/undergraduate/degrees/french/,Year 3,"Existentialism: Atheism, Reason, and Faith",,,Political Theory & Philosophy,
Glasgow,MA (hons) film & television studies/ politics,http://www.gla.ac.uk/undergraduate/degrees/filmtelevisionstudies/,Year 1,Screen Analysis,,,"Media, Communication & Culture",
Glasgow,MA (hons) film & television studies/ politics,http://www.gla.ac.uk/undergraduate/degrees/filmtelevisionstudies/,Year 1,Screen Histories,,,"Media, Communication & Culture",
Glasgow,MA (hons) film & television studies/ politics,http://www.gla.ac.uk/undergraduate/degrees/filmtelevisionstudies/,Year 2,Screen Industries,,,"Media, Communication & Culture",
Glasgow,MA (hons) film & television studies/ politics,http://www.gla.ac.uk/undergraduate/degrees/filmtelevisionstudies/,Year 2,Screen Experiences,,,"Media, Communication & Culture",
Glasgow,MA (hons) film & television studies/ politics,http://www.gla.ac.uk/undergraduate/degrees/filmtelevisionstudies/,Year 3,Film Analysis,,,"Media, Communication & Culture",
Glasgow,MA (hons) film & television studies/ politics,http://www.gla.ac.uk/undergraduate/degrees/filmtelevisionstudies/,Year 3,Television Analysis,,,"Media, Communication & Culture",
Glasgow,MA (hons) global sustainable development,https://www.gla.ac.uk/undergraduate/degrees/global-sustainable-development/,Year 1,Introduction to sustainable development,,,Environment & Sustainability,
Glasgow,MA (hons) global sustainable development,https://www.gla.ac.uk/undergraduate/degrees/global-sustainable-development/,Year 1,Introduction to global environmental issues,,,Environment & Sustainability,
Glasgow,MA (hons) global sustainable development,https://www.gla.ac.uk/undergraduate/degrees/global-sustainable-development/,Year 1,"People, power & place",,,Political Theory & Philosophy,
Glasgow,MA (hons) global sustainable development,https://www.gla.ac.uk/undergraduate/degrees/global-sustainable-development/,Year 1,"Energy, waste & pollution",,,Environment & Sustainability,
Glasgow,MA (hons) global sustainable development,https://www.gla.ac.uk/undergraduate/degrees/global-sustainable-development/,Year 1,Introduction to Sustainable Development,,core,Environment & Sustainability,
Glasgow,MA (hons) global sustainable development,https://www.gla.ac.uk/undergraduate/degrees/global-sustainable-development/,Year 1,Introduction To Global Environmental Issues,,core,Environment & Sustainability,
Glasgow,MA (hons) global sustainable development,https://www.gla.ac.uk/undergraduate/degrees/global-sustainable-development/,Year 1,"People, Power and Place",,core,Political Theory & Philosophy,
Glasgow,MA (hons) global sustainable development,https://www.gla.ac.uk/undergraduate/degrees/global-sustainable-development/,Year 1,"Energy, Waste and Pollution: Options for Sustainability",,core,Environment & Sustainability,
Glasgow,MA (hons) global sustainable development,https://www.gla.ac.uk/undergraduate/degrees/global-sustainable-development/,Year 2,Global perspectives on health & human development,,,International Political Economy,
Glasgow,MA (hons) global sustainable development,https://www.gla.ac.uk/undergraduate/degrees/global-sustainable-development/,Year 2,Leadership & teamworking,,,"Skills, Placement & Employability",
Glasgow,MA (hons) global sustainable development,https://www.gla.ac.uk/undergraduate/degrees/global-sustainable-development/,Year 2,Political economy of globalisation & development,,,International Political Economy,
Glasgow,MA (hons) global sustainable development,https://www.gla.ac.uk/undergraduate/degrees/global-sustainable-development/,Year 2,Politics and the environment,,,Environment & Sustainability,
Glasgow,MA (hons) global sustainable development,https://www.gla.ac.uk/undergraduate/degrees/global-sustainable-development/,Year 2,Environmental communication & behaviour change.,,,Environment & Sustainability,"Media, Communication & Culture"
Glasgow,MA (hons) global sustainable development,https://www.gla.ac.uk/undergraduate/degrees/global-sustainable-development/,Year 2,Global Perspectives on Health and Human Development,,core,International Political Economy,
Glasgow,MA (hons) global sustainable development,https://www.gla.ac.uk/undergraduate/degrees/global-sustainable-development/,Year 2,Ethics,,core,Political Theory & Philosophy,
Glasgow,MA (hons) global sustainable development,https://www.gla.ac.uk/undergraduate/degrees/global-sustainable-development/,Year 2,Political Economy of Globalisation and Development,,core,International Political Economy,
Glasgow,MA (hons) global sustainable development,https://www.gla.ac.uk/undergraduate/degrees/global-sustainable-development/,Year 2,Politics and the Environment,,core,Environment & Sustainability,
Glasgow,MA (hons) global sustainable development,https://www.gla.ac.uk/undergraduate/degrees/global-sustainable-development/,Year 2,Environmental Communication and Behaviour Change,,core,Environment & Sustainability,"Media, Communication & Culture"
Glasgow,MA (hons) global sustainable development,https://www.gla.ac.uk/undergraduate/degrees/global-sustainable-development/,Year 3,Advanced texts in sustainable development,,,Environment & Sustainability,
Glasgow,MA (hons) global sustainable development,https://www.gla.ac.uk/undergraduate/degrees/global-sustainable-development/,Year 3,Innovation & enterprise for sustainability,,,Environment & Sustainability,"Skills, Placement & Employability"
Glasgow,MA (hons) global sustainable development,https://www.gla.ac.uk/undergraduate/degrees/global-sustainable-development/,Year 3,Research methods for social science,,,Research Methods & Dissertation,
Glasgow,MA (hons) global sustainable development,https://www.gla.ac.uk/undergraduate/degrees/global-sustainable-development/,Year 3,Dissertation or placement in industry.,,,Research Methods & Dissertation,"Skills, Placement & Employability"
Glasgow,MA (hons) global sustainable development,https://www.gla.ac.uk/undergraduate/degrees/global-sustainable-development/,Year 3,"Natural capital promotion, development, investment and monitoring",,,Environment & Sustainability,International Political Economy
Glasgow,MA (hons) global sustainable development,https://www.gla.ac.uk/undergraduate/degrees/global-sustainable-development/,Year 3,Community climate action,,,Environment & Sustainability,
Glasgow,MA (hons) global sustainable development,https://www.gla.ac.uk/undergraduate/degrees/global-sustainable-development/,Year 3,Role of cultural and creative sector in sustainable development.,,,Environment & Sustainability,"Media, Communication & Culture"
Glasgow,MA (hons) global sustainable development,https://www.gla.ac.uk/undergraduate/degrees/global-sustainable-development/,Year 3,Advanced Texts in Sustainable Development,,core,Environment & Sustainability,
Glasgow,MA (hons) global sustainable development,https://www.gla.ac.uk/undergraduate/degrees/global-sustainable-development/,Year 3,Innovation and Enterprise for Sustainability,,core,Environment & Sustainability,"Skills, Placement & Employability"
Glasgow,MA (hons) global sustainable development,https://www.gla.ac.uk/undergraduate/degrees/global-sustainable-development/,Year 3,Research Methods for Social Science,,core,Research Methods & Dissertation,
Glasgow,MA (hons) global sustainable development,https://www.gla.ac.uk/undergraduate/degrees/global-sustainable-development/,Year 3,Dissertation 3,,optional,Research Methods & Dissertation,
Glasgow,MA (hons) global sustainable development,https://www.gla.ac.uk/undergraduate/degrees/global-sustainable-development/,Year 3,Placement (International),,optional,"Skills, Placement & Employability",
Glasgow,MA (hons) global sustainable development,https://www.gla.ac.uk/undergraduate/degrees/global-sustainable-development/,Year 4,Sustainable development field course,,,Environment & Sustainability,
Glasgow,MA (hons) global sustainable development,https://www.gla.ac.uk/undergraduate/degrees/global-sustainable-development/,Year 4,Ethics,,,Political Theory & Philosophy,
Glasgow,MA (hons) global sustainable development,https://www.gla.ac.uk/undergraduate/degrees/global-sustainable-development/,Year 4,Migration & development,,,International Political Economy,Human Rights & Humanitarianism
Glasgow,MA (hons) global sustainable development,https://www.gla.ac.uk/undergraduate/degrees/global-sustainable-development/,Year 4,Water resources,,,Environment & Sustainability,
Glasgow,MA (hons) global sustainable development,https://www.gla.ac.uk/undergraduate/degrees/global-sustainable-development/,Year 4,Honours action research project.,,,Research Methods & Dissertation,
Glasgow,MA (hons) global sustainable development,https://www.gla.ac.uk/undergraduate/degrees/global-sustainable-development/,Year 4,Environmental Field Course,,core,Environment & Sustainability,
Glasgow,MA (hons) global sustainable development,https://www.gla.ac.uk/undergraduate/degrees/global-sustainable-development/,Year 4,Migration and development,,core,International Political Economy,Human Rights & Humanitarianism
Glasgow,MA (hons) global sustainable development,https://www.gla.ac.uk/undergraduate/degrees/global-sustainable-development/,Year 4,Water resources policy and governance,,core,Environment & Sustainability,
Glasgow,MA (hons) global sustainable development,https://www.gla.ac.uk/undergraduate/degrees/global-sustainable-development/,Year 4,Honours Action Research Project II,,core,Research Methods & Dissertation,
Glasgow,MA (hons) politics,http://www.gla.ac.uk/undergraduate/degrees/spanish/,Year 1,Non Beginners Language 1: Culture 1,,,Language & Area Language Modules,
Glasgow,MA (hons) politics,http://www.gla.ac.uk/undergraduate/degrees/spanish/,Year 1,Beginners Language 1,,,Language & Area Language Modules,
Glasgow,MA (hons) politics,http://www.gla.ac.uk/undergraduate/degrees/spanish/,Year 1,Spanish Culture 1 (Non-Beginners),,,Language & Area Language Modules,
Glasgow,MA (hons) politics,http://www.gla.ac.uk/undergraduate/degrees/spanish/,Year 1,Spanish Language 1 (Beginners),,,Language & Area Language Modules,
Glasgow,MA (hons) politics,http://www.gla.ac.uk/undergraduate/degrees/spanish/,Year 1,Spanish Language 1 (Non-Beginners),,,Language & Area Language Modules,
Glasgow,MA (hons) politics,http://www.gla.ac.uk/undergraduate/degrees/spanish/,Year 2,Language 2: Culture 2,,,Language & Area Language Modules,
Glasgow,MA (hons) politics,http://www.gla.ac.uk/undergraduate/degrees/spanish/,Year 2,Language 2: Culture 2,,,Language & Area Language Modules,
Glasgow,MA (hons) politics,http://www.gla.ac.uk/undergraduate/degrees/spanish/,Year 2,Spanish Culture 2,,,Language & Area Language Modules,
Glasgow,MA (hons) politics,http://www.gla.ac.uk/undergraduate/degrees/spanish/,Year 2,Spanish Language 2,,,Language & Area Language Modules,
Glasgow,MA (hons) politics,http://www.gla.ac.uk/undergraduate/degrees/spanish/,Year 3,Year abroad,,,"Skills, Placement & Employability",
Glasgow,MA (hons) politics,http://www.gla.ac.uk/undergraduate/degrees/spanish/,Year 3,Year abroad,,,"Skills, Placement & Employability",
Glasgow,MA (hons) politics,http://www.gla.ac.uk/undergraduate/degrees/spanish/,Year 3,SPANISH YEAR ABROAD ASSISTANTSHIP,,,Language & Area Language Modules,"Skills, Placement & Employability"
Glasgow,MA (hons) politics,http://www.gla.ac.uk/undergraduate/degrees/spanish/,Year 3,SPANISH YEAR ABROAD STUDY,,,Language & Area Language Modules,"Skills, Placement & Employability"
Glasgow,MA (hons) politics,http://www.gla.ac.uk/undergraduate/degrees/spanish/,Year 3,SPANISH YEAR ABROAD WORK PLACEMENT,,,Language & Area Language Modules,"Skills, Placement & Employability"
Glasgow,MA (hons) politics,http://www.gla.ac.uk/undergraduate/degrees/spanish/,Year 3,Catalan 1,,,Language & Area Language Modules,
Glasgow,MA (hons) politics,http://www.gla.ac.uk/undergraduate/degrees/spanish/,Year 3,Catalan 2,,,Language & Area Language Modules,
Glasgow,MA (hons) politics,http://www.gla.ac.uk/undergraduate/degrees/spanish/,Year 3,Interpreting Skills In Spanish,,,Language & Area Language Modules,
Glasgow,MA (hons) politics,http://www.gla.ac.uk/undergraduate/degrees/spanish/,Year 3,"Mexico: Past, Present And Future",,,Regional & Area Studies,
Glasgow,MA (hons) politics,http://www.gla.ac.uk/undergraduate/degrees/spanish/,Year 3,Nonfiction Literature In Latin America,,,"Media, Communication & Culture",Regional & Area Studies
Glasgow,MA (hons) politics,http://www.gla.ac.uk/undergraduate/degrees/spanish/,Year 3,Power And Marginality In Latin America,,,Regional & Area Studies,
Glasgow,MA (hons) politics,http://www.gla.ac.uk/undergraduate/degrees/spanish/,Year 3,Women's Expressions Of Selfhood Across South America,,,"Gender, Identity & Society",Regional & Area Studies
Glasgow,MA (hons) politics,http://www.gla.ac.uk/undergraduate/degrees/spanish/,Year 3,Golden Age Iberia in Glasgow,,,Sociology & History,
Glasgow,MA (hons) politics,http://www.gla.ac.uk/undergraduate/degrees/spanish/,Year 3,Spanish Spoken Language (Junior),,,Language & Area Language Modules,
Glasgow,MA (hons) politics,http://www.gla.ac.uk/undergraduate/degrees/spanish/,Year 3,Spanish Honours Written Language (Junior),,,Language & Area Language Modules,
Glasgow,MA (hons) politics,http://www.gla.ac.uk/undergraduate/degrees/spanish/,Year 3,Spanish Honours Written Language (Senior),,,Language & Area Language Modules,
Glasgow,MA (hons) politics,http://www.gla.ac.uk/undergraduate/degrees/spanish/,Year 3,Spanish Honours Spoken Language (Senior),,,Language & Area Language Modules,
Glasgow,MA (hons) politics,http://www.gla.ac.uk/undergraduate/degrees/spanish/,Year 3,Cultural and Social Change in Contemporary Spain,,,Regional & Area Studies,Sociology & History
Glasgow,MA (hons) politics,http://www.gla.ac.uk/undergraduate/degrees/spanish/,Year 3,Representing Disappearance: Cultural Responses to the Argentine Dictatorship (1976-83),,,"Media, Communication & Culture",Regional & Area Studies
Glasgow,MA (hons) politics,http://www.gla.ac.uk/undergraduate/degrees/spanish/,Year 3,Images of Women in 20th century Hispanic Cultures,,,"Gender, Identity & Society","Media, Communication & Culture"
Glasgow,MA (hons) politics,http://www.gla.ac.uk/undergraduate/degrees/spanish/,Year 3,Realism and Magic Realism in Latin America,,,,
Glasgow,MA (hons) politics,http://www.gla.ac.uk/undergraduate/degrees/spanish/,Year 3,Contemporary Spanish Cinema,,,"Media, Communication & Culture",
Glasgow,MA (hons) politics,http://www.gla.ac.uk/undergraduate/degrees/spanish/,Year 3,Representations of the Spanish Civil War,,,Sociology & History,"Media, Communication & Culture"
Glasgow,MA (hons) politics,http://www.gla.ac.uk/undergraduate/degrees/spanish/,Year 3,"Women and Spanish Society, 1833-1931: From the wars over female succession to women's suffrage",,,"Gender, Identity & Society",Sociology & History
Glasgow,MA (hons) politics,http://www.gla.ac.uk/undergraduate/degrees/spanish/,Year 3,Catalan Society,,,Regional & Area Studies,
Glasgow,MA (hons) politics,http://www.gla.ac.uk/undergraduate/degrees/spanish/,Year 3,Foundational Fictions: The Nineteenth Century,,,"Media, Communication & Culture",
Glasgow,MA (hons) politics,http://www.gla.ac.uk/undergraduate/degrees/spanish/,Year 3,Medievalism and Orientalism in Hispanic America,,,"Media, Communication & Culture",Regional & Area Studies
Glasgow,MA (hons) politics,http://www.gla.ac.uk/undergraduate/degrees/spanish/,Year 3,Winter is Coming: The Middle Ages in the Modern World,,,Sociology & History,
Glasgow,MA (hons) politics,http://www.gla.ac.uk/undergraduate/degrees/spanish/,Year 3,Queer Subjectivities in Latin America,,,"Gender, Identity & Society",Regional & Area Studies
Glasgow,MA (hons) politics,http://www.gla.ac.uk/undergraduate/degrees/spanish/,Year 3,Sociolinguistics of the Spanish-speaking World,,,Sociology & History,Language & Area Language Modules
Glasgow,MA (hons) politics,http://www.gla.ac.uk/undergraduate/degrees/spanish/,Year 3,Humour and Horror in Early Modern Spain,,,Sociology & History,
Glasgow,MA (hons) politics,http://www.gla.ac.uk/undergraduate/degrees/spanish/,Year 3,Don Quixote against Reality,,,"Media, Communication & Culture",
Glasgow,MA (hons) politics,http://www.gla.ac.uk/undergraduate/degrees/spanish/,Year 3,Spanish Dissertation,,,Language & Area Language Modules,Research Methods & Dissertation
Glasgow,MA (hons) politics,http://www.gla.ac.uk/undergraduate/degrees/spanish/,Year 3,Applied Dissertation with Placement in Spanish,,,Language & Area Language Modules,"Skills, Placement & Employability"
Glasgow,MA (hons) politics,http://www.gla.ac.uk/undergraduate/degrees/spanish/,Year 3,Translation Studies: An introduction to key topics in theory and practice,,,Language & Area Language Modules,
Glasgow,MA (hons) politics,http://www.gla.ac.uk/undergraduate/degrees/spanish/,Year 3,The Brothers Grimm and the European Fairy Tale,,,"Media, Communication & Culture",
Glasgow,MA (hons) politics,http://www.gla.ac.uk/undergraduate/degrees/spanish/,Year 3,Narrating the City: Representation of Urban Space in Literature and Film,,,"Media, Communication & Culture",
Glasgow,MA (hons) politics,http://www.gla.ac.uk/undergraduate/degrees/spanish/,Year 3,Classic European Cinema East and West,,,"Media, Communication & Culture",
Glasgow,MA (hons) politics,http://www.gla.ac.uk/undergraduate/degrees/spanish/,Year 3,Myths and Modern Imagination,,,"Media, Communication & Culture",
Glasgow,MA (hons) politics,http://www.gla.ac.uk/undergraduate/degrees/spanish/,Year 3,Transcultural Connections: 'Classic' Texts and their Adaptations across Cultures,,,"Media, Communication & Culture",
Glasgow,MA (hons) politics,http://www.gla.ac.uk/undergraduate/degrees/spanish/,Year 3,Bestsellers in the Pre-Industrial Age,,,Sociology & History,
Glasgow,MA (hons) politics,http://www.gla.ac.uk/undergraduate/degrees/spanish/,Year 3,Cervantes in Hollywood,,,"Media, Communication & Culture",
Glasgow,MA (hons) politics,http://www.gla.ac.uk/undergraduate/degrees/spanish/,Year 3,Czech Cinema,,,"Media, Communication & Culture",
Glasgow,MA (hons) politics,http://www.gla.ac.uk/undergraduate/degrees/spanish/,Year 3,"Czech, Polish And Russian Women's Writing In English Translation",,,"Gender, Identity & Society","Media, Communication & Culture"
Glasgow,MA (hons) politics,http://www.gla.ac.uk/undergraduate/degrees/spanish/,Year 3,Subsidiary Czech Language (Beginners),,,Language & Area Language Modules,
Glasgow,MA (hons) politics,http://www.gla.ac.uk/undergraduate/degrees/spanish/,Year 3,Subsidiary Czech Language (Intermediate),,,Language & Area Language Modules,
Glasgow,MA (hons) politics,http://www.gla.ac.uk/undergraduate/degrees/spanish/,Year 3,"Milan Kundera, a French writer? A study in intercultural literary discourse",,,"Media, Communication & Culture",
Glasgow,MA (hons) politics,http://www.gla.ac.uk/undergraduate/degrees/spanish/,Year 3,Teaching English to Speakers of Other Languages (Hons),,,Language & Area Language Modules,
Glasgow,MA (hons) politics,http://www.gla.ac.uk/undergraduate/degrees/spanish/,Year 3,European Political Thought: A View from Germany,,,Political Theory & Philosophy,Regional & Area Studies
Glasgow,MA (hons) politics,http://www.gla.ac.uk/undergraduate/degrees/spanish/,Year 3,Brecht,,,"Media, Communication & Culture",
Glasgow,MA (hons) politics,http://www.gla.ac.uk/undergraduate/degrees/spanish/,Year 3,The Medievalists,,,Sociology & History,
Glasgow,MA (hons) politics,http://www.gla.ac.uk/undergraduate/degrees/spanish/,Year 3,Czechoslovakia,,,Regional & Area Studies,Sociology & History
Glasgow,MA (hons) politics,http://www.gla.ac.uk/undergraduate/degrees/spanish/,Year 3,History through film and literature: Crisis situations,,,Sociology & History,"Media, Communication & Culture"
Glasgow,MA (hons) politics,http://www.gla.ac.uk/undergraduate/degrees/spanish/,Year 3,Text/Image Cultures: Theory and Practice,,,"Media, Communication & Culture",
Glasgow,MA (hons) politics,http://www.gla.ac.uk/undergraduate/degrees/spanish/,Year 3,Subsidiary Chinese (Mandarin) Language (Beginners),,,Language & Area Language Modules,
Glasgow,MA (hons) politics,http://www.gla.ac.uk/undergraduate/degrees/spanish/,Year 3,Subsidiary Chinese (Mandarin) Language (Intermediate),,,Language & Area Language Modules,
Glasgow,MA (hons) politics,http://www.gla.ac.uk/undergraduate/degrees/spanish/,Year 3,Latin American Cinema,,,"Media, Communication & Culture",Regional & Area Studies
Glasgow,MA (hons) politics,http://www.gla.ac.uk/undergraduate/degrees/spanish/,Year 3,Censorship In Western Culture,,,"Media, Communication & Culture",
Glasgow,MA (hons) politics,http://www.gla.ac.uk/undergraduate/degrees/spanish/,Year 3,Multilingualism in Context,,,Language & Area Language Modules,
Glasgow,MA (hons) politics,http://www.gla.ac.uk/undergraduate/degrees/spanish/,Year 3,Language Policy and Planning for European Minority Languages,,,Language & Area Language Modules,Regional & Area Studies
Glasgow,MA (hons) politics,http://www.gla.ac.uk/undergraduate/degrees/spanish/,Year 3,Subsidiary Polish Language (Beginners),,,Language & Area Language Modules,
Glasgow,MA (hons) politics,http://www.gla.ac.uk/undergraduate/degrees/spanish/,Year 3,Subsidiary Polish Language (Intermediate),,,Language & Area Language Modules,
Glasgow,MA (hons) politics,http://www.gla.ac.uk/undergraduate/degrees/spanish/,Year 3,Subsidiary Portuguese Language (Beginners),,,Language & Area Language Modules,
Glasgow,MA (hons) politics,http://www.gla.ac.uk/undergraduate/degrees/spanish/,Year 3,Subsidiary Portuguese Language (Intermediate),,,Language & Area Language Modules,
Glasgow,MA (hons) politics,http://www.gla.ac.uk/undergraduate/degrees/spanish/,Year 3,Subsidiary Russian Language (Beginners),,,Language & Area Language Modules,
Glasgow,MA (hons) politics,http://www.gla.ac.uk/undergraduate/degrees/spanish/,Year 3,Subsidiary Russian Language (Intermediate),,,Language & Area Language Modules,
Glasgow,MA (hons) politics,http://www.gla.ac.uk/undergraduate/degrees/spanish/,Year 3,Russian Literature and State Power,,,"Media, Communication & Culture",Regional & Area Studies
Glasgow,MA (hons) politics,http://www.gla.ac.uk/undergraduate/degrees/spanish/,Year 3,Brave New Worlds: Russian Culture in the Age of Revolution,,,Regional & Area Studies,Sociology & History
Glasgow,MA (hons) politics,http://www.gla.ac.uk/undergraduate/degrees/spanish/,Year 3,"Existentialism: Atheism, Reason, and Faith",,,Political Theory & Philosophy,
Glasgow,MA(SocSci) (hons) international relations & sociology,https://www.gla.ac.uk/undergraduate/degrees/internationalrelations/,Year 2,Politics 1A: Introduction to Politics,,,Comparative & British Politics,
Glasgow,MA(SocSci) (hons) international relations & sociology,https://www.gla.ac.uk/undergraduate/degrees/internationalrelations/,Year 2,Politics 1B: Introduction to International Relations,,,IR Theory & Global Order,
Glasgow,MA(SocSci) (hons) international relations & sociology,https://www.gla.ac.uk/undergraduate/degrees/internationalrelations/,Year 2,Politics 2A: History Of Political Thought,,,Political Theory & Philosophy,
Glasgow,MA(SocSci) (hons) international relations & sociology,https://www.gla.ac.uk/undergraduate/degrees/internationalrelations/,Year 2,Politics 2B: Introduction to Comparative Politics,,,Comparative & British Politics,
Glasgow,MA(SocSci) (hons) international relations & sociology,https://www.gla.ac.uk/undergraduate/degrees/internationalrelations/,Year 2,Politics 1A: Introduction to Politics,,,Comparative & British Politics,
Glasgow,MA(SocSci) (hons) international relations & sociology,https://www.gla.ac.uk/undergraduate/degrees/internationalrelations/,Year 2,Politics 1B: Introduction to International Relations,,,IR Theory & Global Order,
Glasgow,MA(SocSci) (hons) international relations & sociology,https://www.gla.ac.uk/undergraduate/degrees/internationalrelations/,Year 2,Politics 2A: History Of Political Thought,,,Political Theory & Philosophy,
Glasgow,MA(SocSci) (hons) international relations & sociology,https://www.gla.ac.uk/undergraduate/degrees/internationalrelations/,Year 2,Politics 2B: Introduction to Comparative Politics,,,Comparative & British Politics,
Glasgow,MA(SocSci) (hons) international relations & sociology,https://www.gla.ac.uk/undergraduate/degrees/internationalrelations/,Year 3,International Relations Concepts,,,IR Theory & Global Order,
Glasgow,MA(SocSci) (hons) international relations & sociology,https://www.gla.ac.uk/undergraduate/degrees/internationalrelations/,Year 3,African Politics in Global Perspective,,optional,Regional & Area Studies,
Glasgow,MA(SocSci) (hons) international relations & sociology,https://www.gla.ac.uk/undergraduate/degrees/internationalrelations/,Year 3,American Politics,,optional,Regional & Area Studies,
Glasgow,MA(SocSci) (hons) international relations & sociology,https://www.gla.ac.uk/undergraduate/degrees/internationalrelations/,Year 3,"Authoritarianism: Concepts, Theories and Comparative Analysis",,optional,Comparative & British Politics,Political Theory & Philosophy
Glasgow,MA(SocSci) (hons) international relations & sociology,https://www.gla.ac.uk/undergraduate/degrees/internationalrelations/,Year 3,British Prime Ministers since 1945,,optional,Comparative & British Politics,Sociology & History
Glasgow,MA(SocSci) (hons) international relations & sociology,https://www.gla.ac.uk/undergraduate/degrees/internationalrelations/,Year 3,China's International Relations,,optional,Regional & Area Studies,Diplomacy & Foreign Policy
Glasgow,MA(SocSci) (hons) international relations & sociology,https://www.gla.ac.uk/undergraduate/degrees/internationalrelations/,Year 3,Comparative Perspectives on Populism,,optional,Comparative & British Politics,Political Theory & Philosophy
Glasgow,MA(SocSci) (hons) international relations & sociology,https://www.gla.ac.uk/undergraduate/degrees/internationalrelations/,Year 3,Comparative Public Opinion,,optional,Comparative & British Politics,
Glasgow,MA(SocSci) (hons) international relations & sociology,https://www.gla.ac.uk/undergraduate/degrees/internationalrelations/,Year 3,Government and Public Policy in the UK,,optional,Comparative & British Politics,
Glasgow,MA(SocSci) (hons) international relations & sociology,https://www.gla.ac.uk/undergraduate/degrees/internationalrelations/,Year 3,Equality and Justice,,optional,Political Theory & Philosophy,
Glasgow,MA(SocSci) (hons) international relations & sociology,https://www.gla.ac.uk/undergraduate/degrees/internationalrelations/,Year 3,Global Environmental Politics,,optional,Environment & Sustainability,
Glasgow,MA(SocSci) (hons) international relations & sociology,https://www.gla.ac.uk/undergraduate/degrees/internationalrelations/,Year 3,Global Inequality and International Development,,optional,International Political Economy,
Glasgow,MA(SocSci) (hons) international relations & sociology,https://www.gla.ac.uk/undergraduate/degrees/internationalrelations/,Year 3,Political Ideas that Changed the World,,optional,Political Theory & Philosophy,
Glasgow,MA(SocSci) (hons) international relations & sociology,https://www.gla.ac.uk/undergraduate/degrees/internationalrelations/,Year 3,Human Rights In Global Perspective,,optional,Human Rights & Humanitarianism,
Glasgow,MA(SocSci) (hons) international relations & sociology,https://www.gla.ac.uk/undergraduate/degrees/internationalrelations/,Year 3,International Organizations,,optional,Diplomacy & Foreign Policy,
Glasgow,MA(SocSci) (hons) international relations & sociology,https://www.gla.ac.uk/undergraduate/degrees/internationalrelations/,Year 3,International Political Communication / International Political Communication,,optional,"Media, Communication & Culture",
Glasgow,MA(SocSci) (hons) international relations & sociology,https://www.gla.ac.uk/undergraduate/degrees/internationalrelations/,Year 3,International Political Economy,,optional,International Political Economy,
Glasgow,MA(SocSci) (hons) international relations & sociology,https://www.gla.ac.uk/undergraduate/degrees/internationalrelations/,Year 3,Politics of the Middle East,,optional,Regional & Area Studies,
Glasgow,MA(SocSci) (hons) international relations & sociology,https://www.gla.ac.uk/undergraduate/degrees/internationalrelations/,Year 3,Narratives of War and Conflict,,optional,Security & Conflict,"Media, Communication & Culture"
Glasgow,MA(SocSci) (hons) international relations & sociology,https://www.gla.ac.uk/undergraduate/degrees/internationalrelations/,Year 3,Political Parties and Democracy: Global Party Politics in Transition,,optional,Comparative & British Politics,
Glasgow,MA(SocSci) (hons) international relations & sociology,https://www.gla.ac.uk/undergraduate/degrees/internationalrelations/,Year 3,Politics Of The European Union,,optional,Regional & Area Studies,
Glasgow,MA(SocSci) (hons) international relations & sociology,https://www.gla.ac.uk/undergraduate/degrees/internationalrelations/,Year 3,Politics of Terror,,optional,Security & Conflict,
Glasgow,MA(SocSci) (hons) international relations & sociology,https://www.gla.ac.uk/undergraduate/degrees/internationalrelations/,Year 3,Politics and Popular Culture,,optional,"Media, Communication & Culture",
Glasgow,MA(SocSci) (hons) international relations & sociology,https://www.gla.ac.uk/undergraduate/degrees/internationalrelations/,Year 3,The Psychology of Politics,,optional,Sociology & History,
Glasgow,MA(SocSci) (hons) international relations & sociology,https://www.gla.ac.uk/undergraduate/degrees/internationalrelations/,Year 3,"Radical Politics: Marx, Marxism and Anarchism",,optional,Political Theory & Philosophy,
Glasgow,MA(SocSci) (hons) international relations & sociology,https://www.gla.ac.uk/undergraduate/degrees/internationalrelations/,Year 3,Social Movements,,optional,Sociology & History,
Glasgow,MA(SocSci) (hons) international relations & sociology,https://www.gla.ac.uk/undergraduate/degrees/internationalrelations/,Year 3,The Politics of Borders,,optional,IR Theory & Global Order,
Glasgow,MA(SocSci) (hons) international relations & sociology,https://www.gla.ac.uk/undergraduate/degrees/internationalrelations/,Year 3,Business and Politics,,optional,International Political Economy,
Glasgow,MA(SocSci) (hons) international relations & sociology,https://www.gla.ac.uk/undergraduate/degrees/internationalrelations/,Year 3,Chinese Politics,,optional,Regional & Area Studies,
Glasgow,MA(SocSci) (hons) international relations & sociology,https://www.gla.ac.uk/undergraduate/degrees/internationalrelations/,Year 3,Citizenship And Democracy,,optional,Political Theory & Philosophy,
Glasgow,MA(SocSci) (hons) international relations & sociology,https://www.gla.ac.uk/undergraduate/degrees/internationalrelations/,Year 3,Challenges to Democracy,,optional,Political Theory & Philosophy,
Glasgow,MA(SocSci) (hons) international relations & sociology,https://www.gla.ac.uk/undergraduate/degrees/internationalrelations/,Year 3,Comparative European Politics,,optional,Comparative & British Politics,Regional & Area Studies
Glasgow,MA(SocSci) (hons) international relations & sociology,https://www.gla.ac.uk/undergraduate/degrees/internationalrelations/,Year 3,Contemporary Challenges in Politics,,optional,Comparative & British Politics,
Glasgow,MA(SocSci) (hons) international relations & sociology,https://www.gla.ac.uk/undergraduate/degrees/internationalrelations/,Year 3,Defying Dictators:Political Opposition in Authoritarian States,,optional,Comparative & British Politics,
Glasgow,MA(SocSci) (hons) international relations & sociology,https://www.gla.ac.uk/undergraduate/degrees/internationalrelations/,Year 3,Elections and Voters,,optional,Comparative & British Politics,
Glasgow,MA(SocSci) (hons) international relations & sociology,https://www.gla.ac.uk/undergraduate/degrees/internationalrelations/,Year 3,Feminist Perspectives on Politics / Feminist Perspectives on Politics,,optional,"Gender, Identity & Society",Political Theory & Philosophy
Glasgow,MA(SocSci) (hons) international relations & sociology,https://www.gla.ac.uk/undergraduate/degrees/internationalrelations/,Year 3,Global Distributive Justice,,optional,Political Theory & Philosophy,IR Theory & Global Order
Glasgow,MA(SocSci) (hons) international relations & sociology,https://www.gla.ac.uk/undergraduate/degrees/internationalrelations/,Year 3,Issues In British Politics / Politics 3: Issues in British Politics,,optional,Comparative & British Politics,
Glasgow,MA(SocSci) (hons) international relations & sociology,https://www.gla.ac.uk/undergraduate/degrees/internationalrelations/,Year 3,Issues In International Relations,,optional,IR Theory & Global Order,
Glasgow,MA(SocSci) (hons) international relations & sociology,https://www.gla.ac.uk/undergraduate/degrees/internationalrelations/,Year 3,Latin American Politics,,optional,Regional & Area Studies,
Glasgow,MA(SocSci) (hons) international relations & sociology,https://www.gla.ac.uk/undergraduate/degrees/internationalrelations/,Year 3,"Politics, Communication and Democracy",,optional,"Media, Communication & Culture",Comparative & British Politics
Glasgow,MA(SocSci) (hons) international relations & sociology,https://www.gla.ac.uk/undergraduate/degrees/internationalrelations/,Year 3,The Politics of Immigration,,optional,Human Rights & Humanitarianism,
Glasgow,MA(SocSci) (hons) international relations & sociology,https://www.gla.ac.uk/undergraduate/degrees/internationalrelations/,Year 3,Post-colonial and De-colonial International Theory,,optional,IR Theory & Global Order,
Glasgow,MA(SocSci) (hons) international relations & sociology,https://www.gla.ac.uk/undergraduate/degrees/internationalrelations/,Year 3,"Protest Politics in a Post-Political Age: Reform, Resistance or Revolution?",,optional,Political Theory & Philosophy,
Glasgow,MA(SocSci) (hons) international relations & sociology,https://www.gla.ac.uk/undergraduate/degrees/internationalrelations/,Year 3,Scottish Politics / Scottish Politics,,optional,Comparative & British Politics,
Glasgow,MA(SocSci) (hons) international relations & sociology,https://www.gla.ac.uk/undergraduate/degrees/internationalrelations/,Year 3,Securitisation and the New Security Agenda,,optional,Security & Conflict,
Glasgow,MA(SocSci) (hons) international relations & sociology,https://www.gla.ac.uk/undergraduate/degrees/internationalrelations/,Year 3,US Foreign Policy,,optional,Diplomacy & Foreign Policy,
Glasgow,MA(SocSci) (hons) international relations & sociology,https://www.gla.ac.uk/undergraduate/degrees/internationalrelations/,Year 3,War and International Security,,optional,Security & Conflict,
Glasgow,MA(SocSci) (hons) international relations & sociology,https://www.gla.ac.uk/undergraduate/degrees/internationalrelations/,Year 3,International Relations Concepts,,,IR Theory & Global Order,
Glasgow,MA(SocSci) (hons) international relations & sociology,https://www.gla.ac.uk/undergraduate/degrees/internationalrelations/,Year 3,African Politics in Global Perspective,,optional,Regional & Area Studies,
Glasgow,MA(SocSci) (hons) international relations & sociology,https://www.gla.ac.uk/undergraduate/degrees/internationalrelations/,Year 3,American Politics,,optional,Regional & Area Studies,
Glasgow,MA(SocSci) (hons) international relations & sociology,https://www.gla.ac.uk/undergraduate/degrees/internationalrelations/,Year 3,"Authoritarianism: Concepts, Theories and Comparative Analysis",,optional,Comparative & British Politics,Political Theory & Philosophy
Glasgow,MA(SocSci) (hons) international relations & sociology,https://www.gla.ac.uk/undergraduate/degrees/internationalrelations/,Year 3,British Prime Ministers since 1945,,optional,Comparative & British Politics,Sociology & History
Glasgow,MA(SocSci) (hons) international relations & sociology,https://www.gla.ac.uk/undergraduate/degrees/internationalrelations/,Year 3,China's International Relations,,optional,Regional & Area Studies,Diplomacy & Foreign Policy
Glasgow,MA(SocSci) (hons) international relations & sociology,https://www.gla.ac.uk/undergraduate/degrees/internationalrelations/,Year 3,Comparative Perspectives on Populism,,optional,Comparative & British Politics,Political Theory & Philosophy
Glasgow,MA(SocSci) (hons) international relations & sociology,https://www.gla.ac.uk/undergraduate/degrees/internationalrelations/,Year 3,Comparative Public Opinion,,optional,Comparative & British Politics,
Glasgow,MA(SocSci) (hons) international relations & sociology,https://www.gla.ac.uk/undergraduate/degrees/internationalrelations/,Year 3,Government and Public Policy in the UK,,optional,Comparative & British Politics,
Glasgow,MA(SocSci) (hons) international relations & sociology,https://www.gla.ac.uk/undergraduate/degrees/internationalrelations/,Year 3,Equality and Justice,,optional,Political Theory & Philosophy,
Glasgow,MA(SocSci) (hons) international relations & sociology,https://www.gla.ac.uk/undergraduate/degrees/internationalrelations/,Year 3,Global Environmental Politics,,optional,Environment & Sustainability,
Glasgow,MA(SocSci) (hons) international relations & sociology,https://www.gla.ac.uk/undergraduate/degrees/internationalrelations/,Year 3,Global Inequality and International Development,,optional,International Political Economy,
Glasgow,MA(SocSci) (hons) international relations & sociology,https://www.gla.ac.uk/undergraduate/degrees/internationalrelations/,Year 3,Political Ideas that Changed the World,,optional,Political Theory & Philosophy,
Glasgow,MA(SocSci) (hons) international relations & sociology,https://www.gla.ac.uk/undergraduate/degrees/internationalrelations/,Year 3,Human Rights In Global Perspective,,optional,Human Rights & Humanitarianism,
Glasgow,MA(SocSci) (hons) international relations & sociology,https://www.gla.ac.uk/undergraduate/degrees/internationalrelations/,Year 3,International Organizations,,optional,Diplomacy & Foreign Policy,
Glasgow,MA(SocSci) (hons) international relations & sociology,https://www.gla.ac.uk/undergraduate/degrees/internationalrelations/,Year 3,International Political Communication / International Political Communication,,optional,"Media, Communication & Culture",
Glasgow,MA(SocSci) (hons) international relations & sociology,https://www.gla.ac.uk/undergraduate/degrees/internationalrelations/,Year 3,International Political Economy,,optional,International Political Economy,
Glasgow,MA(SocSci) (hons) international relations & sociology,https://www.gla.ac.uk/undergraduate/degrees/internationalrelations/,Year 3,Politics of the Middle East,,optional,Regional & Area Studies,
Glasgow,MA(SocSci) (hons) international relations & sociology,https://www.gla.ac.uk/undergraduate/degrees/internationalrelations/,Year 3,Narratives of War and Conflict,,optional,Security & Conflict,"Media, Communication & Culture"
Glasgow,MA(SocSci) (hons) international relations & sociology,https://www.gla.ac.uk/undergraduate/degrees/internationalrelations/,Year 3,Political Parties and Democracy: Global Party Politics in Transition,,optional,Comparative & British Politics,
Glasgow,MA(SocSci) (hons) international relations & sociology,https://www.gla.ac.uk/undergraduate/degrees/internationalrelations/,Year 3,Politics Of The European Union,,optional,Regional & Area Studies,
Glasgow,MA(SocSci) (hons) international relations & sociology,https://www.gla.ac.uk/undergraduate/degrees/internationalrelations/,Year 3,Politics of Terror,,optional,Security & Conflict,
Glasgow,MA(SocSci) (hons) international relations & sociology,https://www.gla.ac.uk/undergraduate/degrees/internationalrelations/,Year 3,Politics and Popular Culture,,optional,"Media, Communication & Culture",
Glasgow,MA(SocSci) (hons) international relations & sociology,https://www.gla.ac.uk/undergraduate/degrees/internationalrelations/,Year 3,The Psychology of Politics,,optional,Sociology & History,
Glasgow,MA(SocSci) (hons) international relations & sociology,https://www.gla.ac.uk/undergraduate/degrees/internationalrelations/,Year 3,"Radical Politics: Marx, Marxism and Anarchism",,optional,Political Theory & Philosophy,
Glasgow,MA(SocSci) (hons) international relations & sociology,https://www.gla.ac.uk/undergraduate/degrees/internationalrelations/,Year 3,Social Movements,,optional,Sociology & History,
Glasgow,MA(SocSci) (hons) international relations & sociology,https://www.gla.ac.uk/undergraduate/degrees/internationalrelations/,Year 3,The Politics of Borders,,optional,IR Theory & Global Order,
Glasgow,MA(SocSci) (hons) international relations & sociology,https://www.gla.ac.uk/undergraduate/degrees/internationalrelations/,Year 3,Business and Politics,,optional,International Political Economy,
Glasgow,MA(SocSci) (hons) international relations & sociology,https://www.gla.ac.uk/undergraduate/degrees/internationalrelations/,Year 3,Chinese Politics,,optional,Regional & Area Studies,
Glasgow,MA(SocSci) (hons) international relations & sociology,https://www.gla.ac.uk/undergraduate/degrees/internationalrelations/,Year 3,Citizenship And Democracy,,optional,Political Theory & Philosophy,
Glasgow,MA(SocSci) (hons) international relations & sociology,https://www.gla.ac.uk/undergraduate/degrees/internationalrelations/,Year 3,Challenges to Democracy,,optional,Political Theory & Philosophy,
Glasgow,MA(SocSci) (hons) international relations & sociology,https://www.gla.ac.uk/undergraduate/degrees/internationalrelations/,Year 3,Comparative European Politics,,optional,Comparative & British Politics,Regional & Area Studies
Glasgow,MA(SocSci) (hons) international relations & sociology,https://www.gla.ac.uk/undergraduate/degrees/internationalrelations/,Year 3,Contemporary Challenges in Politics,,optional,Comparative & British Politics,
Glasgow,MA(SocSci) (hons) international relations & sociology,https://www.gla.ac.uk/undergraduate/degrees/internationalrelations/,Year 3,Defying Dictators:Political Opposition in Authoritarian States,,optional,Comparative & British Politics,
Glasgow,MA(SocSci) (hons) international relations & sociology,https://www.gla.ac.uk/undergraduate/degrees/internationalrelations/,Year 3,Elections and Voters,,optional,Comparative & British Politics,
Glasgow,MA(SocSci) (hons) international relations & sociology,https://www.gla.ac.uk/undergraduate/degrees/internationalrelations/,Year 3,Feminist Perspectives on Politics / Feminist Perspectives on Politics,,optional,"Gender, Identity & Society",Political Theory & Philosophy
Glasgow,MA(SocSci) (hons) international relations & sociology,https://www.gla.ac.uk/undergraduate/degrees/internationalrelations/,Year 3,Global Distributive Justice,,optional,Political Theory & Philosophy,IR Theory & Global Order
Glasgow,MA(SocSci) (hons) international relations & sociology,https://www.gla.ac.uk/undergraduate/degrees/internationalrelations/,Year 3,Issues In British Politics / Politics 3: Issues in British Politics,,optional,Comparative & British Politics,
Glasgow,MA(SocSci) (hons) international relations & sociology,https://www.gla.ac.uk/undergraduate/degrees/internationalrelations/,Year 3,Issues In International Relations,,optional,IR Theory & Global Order,
Glasgow,MA(SocSci) (hons) international relations & sociology,https://www.gla.ac.uk/undergraduate/degrees/internationalrelations/,Year 3,Latin American Politics,,optional,Regional & Area Studies,
Glasgow,MA(SocSci) (hons) international relations & sociology,https://www.gla.ac.uk/undergraduate/degrees/internationalrelations/,Year 3,"Politics, Communication and Democracy",,optional,"Media, Communication & Culture",Comparative & British Politics
Glasgow,MA(SocSci) (hons) international relations & sociology,https://www.gla.ac.uk/undergraduate/degrees/internationalrelations/,Year 3,The Politics of Immigration,,optional,Human Rights & Humanitarianism,
Glasgow,MA(SocSci) (hons) international relations & sociology,https://www.gla.ac.uk/undergraduate/degrees/internationalrelations/,Year 3,Post-colonial and De-colonial International Theory,,optional,IR Theory & Global Order,
Glasgow,MA(SocSci) (hons) international relations & sociology,https://www.gla.ac.uk/undergraduate/degrees/internationalrelations/,Year 3,"Protest Politics in a Post-Political Age: Reform, Resistance or Revolution?",,optional,Political Theory & Philosophy,
Glasgow,MA(SocSci) (hons) international relations & sociology,https://www.gla.ac.uk/undergraduate/degrees/internationalrelations/,Year 3,Scottish Politics / Scottish Politics,,optional,Comparative & British Politics,
Glasgow,MA(SocSci) (hons) international relations & sociology,https://www.gla.ac.uk/undergraduate/degrees/internationalrelations/,Year 3,Securitisation and the New Security Agenda,,optional,Security & Conflict,
Glasgow,MA(SocSci) (hons) international relations & sociology,https://www.gla.ac.uk/undergraduate/degrees/internationalrelations/,Year 3,US Foreign Policy,,optional,Diplomacy & Foreign Policy,
Glasgow,MA(SocSci) (hons) international relations & sociology,https://www.gla.ac.uk/undergraduate/degrees/internationalrelations/,Year 3,War and International Security,,optional,Security & Conflict,
Glasgow,MA(SocSci) (hons) politics/ psychology,http://www.gla.ac.uk/undergraduate/degrees/politics/,Year 2,Politics 1A: Introduction to Politics,,,Comparative & British Politics,
Glasgow,MA(SocSci) (hons) politics/ psychology,http://www.gla.ac.uk/undergraduate/degrees/politics/,Year 2,Politics 1B: Introduction to International Relations,,,IR Theory & Global Order,
Glasgow,MA(SocSci) (hons) politics/ psychology,http://www.gla.ac.uk/undergraduate/degrees/politics/,Year 2,Politics 2A: History Of Political Thought,,,Political Theory & Philosophy,
Glasgow,MA(SocSci) (hons) politics/ psychology,http://www.gla.ac.uk/undergraduate/degrees/politics/,Year 2,Politics 2B: Introduction to Comparative Politics,,,Comparative & British Politics,
Glasgow,MA(SocSci) (hons) politics/ psychology,http://www.gla.ac.uk/undergraduate/degrees/politics/,Year 2,African Politics in Global Perspective,,,Regional & Area Studies,
Glasgow,MA(SocSci) (hons) politics/ psychology,http://www.gla.ac.uk/undergraduate/degrees/politics/,Year 2,American Politics,,,Regional & Area Studies,
Glasgow,MA(SocSci) (hons) politics/ psychology,http://www.gla.ac.uk/undergraduate/degrees/politics/,Year 2,"Authoritarianism: Concepts, Theories and Comparative Analysis",,,Comparative & British Politics,Political Theory & Philosophy
Glasgow,MA(SocSci) (hons) politics/ psychology,http://www.gla.ac.uk/undergraduate/degrees/politics/,Year 2,British Prime Ministers since 1945,,,Comparative & British Politics,Sociology & History
Glasgow,MA(SocSci) (hons) politics/ psychology,http://www.gla.ac.uk/undergraduate/degrees/politics/,Year 2,China's International Relations,,,Regional & Area Studies,Diplomacy & Foreign Policy
Glasgow,MA(SocSci) (hons) politics/ psychology,http://www.gla.ac.uk/undergraduate/degrees/politics/,Year 2,Comparative Perspectives on Populism,,,Comparative & British Politics,Political Theory & Philosophy
Glasgow,MA(SocSci) (hons) politics/ psychology,http://www.gla.ac.uk/undergraduate/degrees/politics/,Year 2,Comparative Public Opinion,,,Comparative & British Politics,
Glasgow,MA(SocSci) (hons) politics/ psychology,http://www.gla.ac.uk/undergraduate/degrees/politics/,Year 2,Government and Public Policy in the UK,,,Comparative & British Politics,
Glasgow,MA(SocSci) (hons) politics/ psychology,http://www.gla.ac.uk/undergraduate/degrees/politics/,Year 2,Equality and Justice,,,Political Theory & Philosophy,
Glasgow,MA(SocSci) (hons) politics/ psychology,http://www.gla.ac.uk/undergraduate/degrees/politics/,Year 2,Global Environmental Politics,,,Environment & Sustainability,
Glasgow,MA(SocSci) (hons) politics/ psychology,http://www.gla.ac.uk/undergraduate/degrees/politics/,Year 2,Global Inequality and International Development,,,International Political Economy,
Glasgow,MA(SocSci) (hons) politics/ psychology,http://www.gla.ac.uk/undergraduate/degrees/politics/,Year 2,Political Ideas that Changed the World,,,Political Theory & Philosophy,
Glasgow,MA(SocSci) (hons) politics/ psychology,http://www.gla.ac.uk/undergraduate/degrees/politics/,Year 2,Human Rights In Global Perspective,,,Human Rights & Humanitarianism,
Glasgow,MA(SocSci) (hons) politics/ psychology,http://www.gla.ac.uk/undergraduate/degrees/politics/,Year 2,International Organizations,,,Diplomacy & Foreign Policy,
Glasgow,MA(SocSci) (hons) politics/ psychology,http://www.gla.ac.uk/undergraduate/degrees/politics/,Year 2,International Political Communication / International Political Communication,,,"Media, Communication & Culture",
Glasgow,MA(SocSci) (hons) politics/ psychology,http://www.gla.ac.uk/undergraduate/degrees/politics/,Year 2,International Political Economy,,,International Political Economy,
Glasgow,MA(SocSci) (hons) politics/ psychology,http://www.gla.ac.uk/undergraduate/degrees/politics/,Year 2,Politics of the Middle East,,,Regional & Area Studies,
Glasgow,MA(SocSci) (hons) politics/ psychology,http://www.gla.ac.uk/undergraduate/degrees/politics/,Year 2,Narratives of War and Conflict,,,Security & Conflict,"Media, Communication & Culture"
Glasgow,MA(SocSci) (hons) politics/ psychology,http://www.gla.ac.uk/undergraduate/degrees/politics/,Year 2,Political Parties and Democracy: Global Party Politics in Transition,,,Comparative & British Politics,
Glasgow,MA(SocSci) (hons) politics/ psychology,http://www.gla.ac.uk/undergraduate/degrees/politics/,Year 2,Politics Of The European Union,,,Regional & Area Studies,
Glasgow,MA(SocSci) (hons) politics/ psychology,http://www.gla.ac.uk/undergraduate/degrees/politics/,Year 2,Politics of Terror,,,Security & Conflict,
Glasgow,MA(SocSci) (hons) politics/ psychology,http://www.gla.ac.uk/undergraduate/degrees/politics/,Year 2,Politics and Popular Culture,,,"Media, Communication & Culture",
Glasgow,MA(SocSci) (hons) politics/ psychology,http://www.gla.ac.uk/undergraduate/degrees/politics/,Year 2,The Psychology of Politics,,,Sociology & History,
Glasgow,MA(SocSci) (hons) politics/ psychology,http://www.gla.ac.uk/undergraduate/degrees/politics/,Year 2,"Radical Politics: Marx, Marxism and Anarchism",,,Political Theory & Philosophy,
Glasgow,MA(SocSci) (hons) politics/ psychology,http://www.gla.ac.uk/undergraduate/degrees/politics/,Year 2,Social Movements,,,Sociology & History,
Glasgow,MA(SocSci) (hons) politics/ psychology,http://www.gla.ac.uk/undergraduate/degrees/politics/,Year 2,The Politics of Borders,,,IR Theory & Global Order,
Glasgow,MA(SocSci) (hons) politics/ psychology,http://www.gla.ac.uk/undergraduate/degrees/politics/,Year 2,Business and Politics,,,International Political Economy,
Glasgow,MA(SocSci) (hons) politics/ psychology,http://www.gla.ac.uk/undergraduate/degrees/politics/,Year 2,Chinese Politics,,,Regional & Area Studies,
Glasgow,MA(SocSci) (hons) politics/ psychology,http://www.gla.ac.uk/undergraduate/degrees/politics/,Year 2,Citizenship And Democracy,,,Political Theory & Philosophy,
Glasgow,MA(SocSci) (hons) politics/ psychology,http://www.gla.ac.uk/undergraduate/degrees/politics/,Year 2,Challenges to Democracy,,,Political Theory & Philosophy,
Glasgow,MA(SocSci) (hons) politics/ psychology,http://www.gla.ac.uk/undergraduate/degrees/politics/,Year 2,Comparative European Politics,,,Comparative & British Politics,Regional & Area Studies
Glasgow,MA(SocSci) (hons) politics/ psychology,http://www.gla.ac.uk/undergraduate/degrees/politics/,Year 2,Contemporary Challenges in Politics,,,Comparative & British Politics,
Glasgow,MA(SocSci) (hons) politics/ psychology,http://www.gla.ac.uk/undergraduate/degrees/politics/,Year 2,Defying Dictators:Political Opposition in Authoritarian States,,,Comparative & British Politics,
Glasgow,MA(SocSci) (hons) politics/ psychology,http://www.gla.ac.uk/undergraduate/degrees/politics/,Year 2,Elections and Voters,,,Comparative & British Politics,
Glasgow,MA(SocSci) (hons) politics/ psychology,http://www.gla.ac.uk/undergraduate/degrees/politics/,Year 2,Feminist Perspectives on Politics / Feminist Perspectives on Politics,,,"Gender, Identity & Society",Political Theory & Philosophy
Glasgow,MA(SocSci) (hons) politics/ psychology,http://www.gla.ac.uk/undergraduate/degrees/politics/,Year 2,Global Distributive Justice,,,Political Theory & Philosophy,IR Theory & Global Order
Glasgow,MA(SocSci) (hons) politics/ psychology,http://www.gla.ac.uk/undergraduate/degrees/politics/,Year 2,Issues In British Politics / Politics 3: Issues in British Politics,,,Comparative & British Politics,
Glasgow,MA(SocSci) (hons) politics/ psychology,http://www.gla.ac.uk/undergraduate/degrees/politics/,Year 2,Issues In International Relations,,,IR Theory & Global Order,
Glasgow,MA(SocSci) (hons) politics/ psychology,http://www.gla.ac.uk/undergraduate/degrees/politics/,Year 2,Latin American Politics,,,Regional & Area Studies,
Glasgow,MA(SocSci) (hons) politics/ psychology,http://www.gla.ac.uk/undergraduate/degrees/politics/,Year 2,"Politics, Communication and Democracy",,,"Media, Communication & Culture",Comparative & British Politics
Glasgow,MA(SocSci) (hons) politics/ psychology,http://www.gla.ac.uk/undergraduate/degrees/politics/,Year 2,The Politics of Immigration,,,Human Rights & Humanitarianism,
Glasgow,MA(SocSci) (hons) politics/ psychology,http://www.gla.ac.uk/undergraduate/degrees/politics/,Year 2,Post-colonial and De-colonial International Theory,,,IR Theory & Global Order,
Glasgow,MA(SocSci) (hons) politics/ psychology,http://www.gla.ac.uk/undergraduate/degrees/politics/,Year 2,"Protest Politics in a Post-Political Age: Reform, Resistance or Revolution?",,,Political Theory & Philosophy,
Glasgow,MA(SocSci) (hons) politics/ psychology,http://www.gla.ac.uk/undergraduate/degrees/politics/,Year 2,Scottish Politics / Scottish Politics,,,Comparative & British Politics,
Glasgow,MA(SocSci) (hons) politics/ psychology,http://www.gla.ac.uk/undergraduate/degrees/politics/,Year 2,Securitisation and the New Security Agenda,,,Security & Conflict,
Glasgow,MA(SocSci) (hons) politics/ psychology,http://www.gla.ac.uk/undergraduate/degrees/politics/,Year 2,US Foreign Policy,,,Diplomacy & Foreign Policy,
Glasgow,MA(SocSci) (hons) politics/ psychology,http://www.gla.ac.uk/undergraduate/degrees/politics/,Year 2,War and International Security,,,Security & Conflict,
Glasgow,MA(SocSci) (hons) politics/ psychology,http://www.gla.ac.uk/undergraduate/degrees/politics/,Year 2,Politics 1A: Introduction to Politics,,,Comparative & British Politics,
Glasgow,MA(SocSci) (hons) politics/ psychology,http://www.gla.ac.uk/undergraduate/degrees/politics/,Year 2,Politics 1B: Introduction to International Relations,,,IR Theory & Global Order,
Glasgow,MA(SocSci) (hons) politics/ psychology,http://www.gla.ac.uk/undergraduate/degrees/politics/,Year 2,Politics 2A: History Of Political Thought,,,Political Theory & Philosophy,
Glasgow,MA(SocSci) (hons) politics/ psychology,http://www.gla.ac.uk/undergraduate/degrees/politics/,Year 2,Politics 2B: Introduction to Comparative Politics,,,Comparative & British Politics,
Glasgow,MA(SocSci) (hons) politics/ psychology,http://www.gla.ac.uk/undergraduate/degrees/politics/,Year 2,African Politics in Global Perspective,,,Regional & Area Studies,
Glasgow,MA(SocSci) (hons) politics/ psychology,http://www.gla.ac.uk/undergraduate/degrees/politics/,Year 2,American Politics,,,Regional & Area Studies,
Glasgow,MA(SocSci) (hons) politics/ psychology,http://www.gla.ac.uk/undergraduate/degrees/politics/,Year 2,"Authoritarianism: Concepts, Theories and Comparative Analysis",,,Comparative & British Politics,Political Theory & Philosophy
Glasgow,MA(SocSci) (hons) politics/ psychology,http://www.gla.ac.uk/undergraduate/degrees/politics/,Year 2,British Prime Ministers since 1945,,,Comparative & British Politics,Sociology & History
Glasgow,MA(SocSci) (hons) politics/ psychology,http://www.gla.ac.uk/undergraduate/degrees/politics/,Year 2,China's International Relations,,,Regional & Area Studies,Diplomacy & Foreign Policy
Glasgow,MA(SocSci) (hons) politics/ psychology,http://www.gla.ac.uk/undergraduate/degrees/politics/,Year 2,Comparative Perspectives on Populism,,,Comparative & British Politics,Political Theory & Philosophy
Glasgow,MA(SocSci) (hons) politics/ psychology,http://www.gla.ac.uk/undergraduate/degrees/politics/,Year 2,Comparative Public Opinion,,,Comparative & British Politics,
Glasgow,MA(SocSci) (hons) politics/ psychology,http://www.gla.ac.uk/undergraduate/degrees/politics/,Year 2,Government and Public Policy in the UK,,,Comparative & British Politics,
Glasgow,MA(SocSci) (hons) politics/ psychology,http://www.gla.ac.uk/undergraduate/degrees/politics/,Year 2,Equality and Justice,,,Political Theory & Philosophy,
Glasgow,MA(SocSci) (hons) politics/ psychology,http://www.gla.ac.uk/undergraduate/degrees/politics/,Year 2,Global Environmental Politics,,,Environment & Sustainability,
Glasgow,MA(SocSci) (hons) politics/ psychology,http://www.gla.ac.uk/undergraduate/degrees/politics/,Year 2,Global Inequality and International Development,,,International Political Economy,
Glasgow,MA(SocSci) (hons) politics/ psychology,http://www.gla.ac.uk/undergraduate/degrees/politics/,Year 2,Political Ideas that Changed the World,,,Political Theory & Philosophy,
Glasgow,MA(SocSci) (hons) politics/ psychology,http://www.gla.ac.uk/undergraduate/degrees/politics/,Year 2,Human Rights In Global Perspective,,,Human Rights & Humanitarianism,
Glasgow,MA(SocSci) (hons) politics/ psychology,http://www.gla.ac.uk/undergraduate/degrees/politics/,Year 2,International Organizations,,,Diplomacy & Foreign Policy,
Glasgow,MA(SocSci) (hons) politics/ psychology,http://www.gla.ac.uk/undergraduate/degrees/politics/,Year 2,International Political Communication / International Political Communication,,,"Media, Communication & Culture",
Glasgow,MA(SocSci) (hons) politics/ psychology,http://www.gla.ac.uk/undergraduate/degrees/politics/,Year 2,International Political Economy,,,International Political Economy,
Glasgow,MA(SocSci) (hons) politics/ psychology,http://www.gla.ac.uk/undergraduate/degrees/politics/,Year 2,Politics of the Middle East,,,Regional & Area Studies,
Glasgow,MA(SocSci) (hons) politics/ psychology,http://www.gla.ac.uk/undergraduate/degrees/politics/,Year 2,Narratives of War and Conflict,,,Security & Conflict,"Media, Communication & Culture"
Glasgow,MA(SocSci) (hons) politics/ psychology,http://www.gla.ac.uk/undergraduate/degrees/politics/,Year 2,Political Parties and Democracy: Global Party Politics in Transition,,,Comparative & British Politics,
Glasgow,MA(SocSci) (hons) politics/ psychology,http://www.gla.ac.uk/undergraduate/degrees/politics/,Year 2,Politics Of The European Union,,,Regional & Area Studies,
Glasgow,MA(SocSci) (hons) politics/ psychology,http://www.gla.ac.uk/undergraduate/degrees/politics/,Year 2,Politics of Terror,,,Security & Conflict,
Glasgow,MA(SocSci) (hons) politics/ psychology,http://www.gla.ac.uk/undergraduate/degrees/politics/,Year 2,Politics and Popular Culture,,,"Media, Communication & Culture",
Glasgow,MA(SocSci) (hons) politics/ psychology,http://www.gla.ac.uk/undergraduate/degrees/politics/,Year 2,The Psychology of Politics,,,Sociology & History,
Glasgow,MA(SocSci) (hons) politics/ psychology,http://www.gla.ac.uk/undergraduate/degrees/politics/,Year 2,"Radical Politics: Marx, Marxism and Anarchism",,,Political Theory & Philosophy,
Glasgow,MA(SocSci) (hons) politics/ psychology,http://www.gla.ac.uk/undergraduate/degrees/politics/,Year 2,Social Movements,,,Sociology & History,
Glasgow,MA(SocSci) (hons) politics/ psychology,http://www.gla.ac.uk/undergraduate/degrees/politics/,Year 2,The Politics of Borders,,,IR Theory & Global Order,
Glasgow,MA(SocSci) (hons) politics/ psychology,http://www.gla.ac.uk/undergraduate/degrees/politics/,Year 2,Business and Politics,,,International Political Economy,
Glasgow,MA(SocSci) (hons) politics/ psychology,http://www.gla.ac.uk/undergraduate/degrees/politics/,Year 2,Chinese Politics,,,Regional & Area Studies,
Glasgow,MA(SocSci) (hons) politics/ psychology,http://www.gla.ac.uk/undergraduate/degrees/politics/,Year 2,Citizenship And Democracy,,,Political Theory & Philosophy,
Glasgow,MA(SocSci) (hons) politics/ psychology,http://www.gla.ac.uk/undergraduate/degrees/politics/,Year 2,Challenges to Democracy,,,Political Theory & Philosophy,
Glasgow,MA(SocSci) (hons) politics/ psychology,http://www.gla.ac.uk/undergraduate/degrees/politics/,Year 2,Comparative European Politics,,,Comparative & British Politics,Regional & Area Studies
Glasgow,MA(SocSci) (hons) politics/ psychology,http://www.gla.ac.uk/undergraduate/degrees/politics/,Year 2,Contemporary Challenges in Politics,,,Comparative & British Politics,
Glasgow,MA(SocSci) (hons) politics/ psychology,http://www.gla.ac.uk/undergraduate/degrees/politics/,Year 2,Defying Dictators:Political Opposition in Authoritarian States,,,Comparative & British Politics,
Glasgow,MA(SocSci) (hons) politics/ psychology,http://www.gla.ac.uk/undergraduate/degrees/politics/,Year 2,Elections and Voters,,,Comparative & British Politics,
Glasgow,MA(SocSci) (hons) politics/ psychology,http://www.gla.ac.uk/undergraduate/degrees/politics/,Year 2,Feminist Perspectives on Politics / Feminist Perspectives on Politics,,,"Gender, Identity & Society",Political Theory & Philosophy
Glasgow,MA(SocSci) (hons) politics/ psychology,http://www.gla.ac.uk/undergraduate/degrees/politics/,Year 2,Global Distributive Justice,,,Political Theory & Philosophy,IR Theory & Global Order
Glasgow,MA(SocSci) (hons) politics/ psychology,http://www.gla.ac.uk/undergraduate/degrees/politics/,Year 2,Issues In British Politics / Politics 3: Issues in British Politics,,,Comparative & British Politics,
Glasgow,MA(SocSci) (hons) politics/ psychology,http://www.gla.ac.uk/undergraduate/degrees/politics/,Year 2,Issues In International Relations,,,IR Theory & Global Order,
Glasgow,MA(SocSci) (hons) politics/ psychology,http://www.gla.ac.uk/undergraduate/degrees/politics/,Year 2,Latin American Politics,,,Regional & Area Studies,
Glasgow,MA(SocSci) (hons) politics/ psychology,http://www.gla.ac.uk/undergraduate/degrees/politics/,Year 2,"Politics, Communication and Democracy",,,"Media, Communication & Culture",Comparative & British Politics
Glasgow,MA(SocSci) (hons) politics/ psychology,http://www.gla.ac.uk/undergraduate/degrees/politics/,Year 2,The Politics of Immigration,,,Human Rights & Humanitarianism,
Glasgow,MA(SocSci) (hons) politics/ psychology,http://www.gla.ac.uk/undergraduate/degrees/politics/,Year 2,Post-colonial and De-colonial International Theory,,,IR Theory & Global Order,
Glasgow,MA(SocSci) (hons) politics/ psychology,http://www.gla.ac.uk/undergraduate/degrees/politics/,Year 2,"Protest Politics in a Post-Political Age: Reform, Resistance or Revolution?",,,Political Theory & Philosophy,
Glasgow,MA(SocSci) (hons) politics/ psychology,http://www.gla.ac.uk/undergraduate/degrees/politics/,Year 2,Scottish Politics / Scottish Politics,,,Comparative & British Politics,
Glasgow,MA(SocSci) (hons) politics/ psychology,http://www.gla.ac.uk/undergraduate/degrees/politics/,Year 2,Securitisation and the New Security Agenda,,,Security & Conflict,
Glasgow,MA(SocSci) (hons) politics/ psychology,http://www.gla.ac.uk/undergraduate/degrees/politics/,Year 2,US Foreign Policy,,,Diplomacy & Foreign Policy,
Glasgow,MA(SocSci) (hons) politics/ psychology,http://www.gla.ac.uk/undergraduate/degrees/politics/,Year 2,War and International Security,,,Security & Conflict,
Leeds,BA (hons) international relations,https://courses.leeds.ac.uk/202526/a753/international-relations-ba,Year 1,The Politics of Global Challenges: Becoming an Independent Researcher,40,,Research Methods & Dissertation,
Leeds,BA (hons) international relations,https://courses.leeds.ac.uk/202526/a753/international-relations-ba,Year 1,International Politics,20,,IR Theory & Global Order,
Leeds,BA (hons) international relations,https://courses.leeds.ac.uk/202526/a753/international-relations-ba,Year 1,Making of the Modern World,20,,Sociology & History,
Leeds,BA (hons) international relations,https://courses.leeds.ac.uk/202526/a753/international-relations-ba,Year 1,Comparative Politics,20,,Comparative & British Politics,
Leeds,BA (hons) international relations,https://courses.leeds.ac.uk/202526/a753/international-relations-ba,Year 2,Approaches to Analysis,20,,Research Methods & Dissertation,
Leeds,BA (hons) international relations,https://courses.leeds.ac.uk/202526/a753/international-relations-ba,Year 2,Theories of International Relations,20,,IR Theory & Global Order,
Leeds,BA (hons) international relations,https://courses.leeds.ac.uk/202526/a753/international-relations-ba,Year 2,Global Security Challenges,20,,Security & Conflict,
Leeds,BA (hons) international relations,https://courses.leeds.ac.uk/202526/a753/international-relations-ba,Year 2,Politics and Policy in the EU,20,,Regional & Area Studies,
Leeds,BA (hons) international relations,https://courses.leeds.ac.uk/202526/a753/international-relations-ba,Year 2,"Analysing Data in Politics, International Development and International Relations",20,,Research Methods & Dissertation,
Leeds,BA (hons) international relations,https://courses.leeds.ac.uk/202526/a753/international-relations-ba,Year 2,United States Politics,20,,Regional & Area Studies,
Leeds,BA (hons) international relations,https://courses.leeds.ac.uk/202526/a753/international-relations-ba,Year 2,Politics of Contemporary China,20,,Regional & Area Studies,
Leeds,BA (hons) international relations,https://courses.leeds.ac.uk/202526/a753/international-relations-ba,Year 2,State and Politics in Africa,20,,Regional & Area Studies,
Leeds,BA (hons) international relations,https://courses.leeds.ac.uk/202526/a753/international-relations-ba,Year 2,The Political Economy of North-South Relations,20,,International Political Economy,
Leeds,BA (hons) international relations,https://courses.leeds.ac.uk/202526/a753/international-relations-ba,Year 3,POLIS Final Year Project,40,,Research Methods & Dissertation,
Leeds,BA (hons) international relations,https://courses.leeds.ac.uk/202526/a753/international-relations-ba,Year 3,British Foreign Policy,20,optional,Diplomacy & Foreign Policy,Comparative & British Politics
Leeds,BA (hons) international relations,https://courses.leeds.ac.uk/202526/a753/international-relations-ba,Year 3,"Gender, Violence, and Security in Global Politics",20,optional,"Gender, Identity & Society",Security & Conflict
Leeds,BA (hons) international relations,https://courses.leeds.ac.uk/202526/a753/international-relations-ba,Year 3,American Foreign Policy,20,optional,Diplomacy & Foreign Policy,Regional & Area Studies
Leeds,BA (hons) international relations,https://courses.leeds.ac.uk/202526/a753/international-relations-ba,Year 3,Terrorism,20,optional,Security & Conflict,
Leeds,BA (hons) international relations,https://courses.leeds.ac.uk/202526/a753/international-relations-ba,Year 3,Europe in the World,20,optional,Regional & Area Studies,IR Theory & Global Order
Leeds,BA (hons) international relations,https://courses.leeds.ac.uk/202526/a753/international-relations-ba,Year 3,Nuclear Weapons and Global Politics,20,optional,Security & Conflict,
Leeds,BA (hons) international relations,https://courses.leeds.ac.uk/202526/a753/international-relations-ba,Year 3,Global Political Economy,20,optional,International Political Economy,
Leeds,BA (hons) modern languages & international relations,https://courses.leeds.ac.uk/202526/j042/modern-languages-and-international-relations-ba,Year 4,British Foreign Policy,,optional,Diplomacy & Foreign Policy,Comparative & British Politics
Leeds,BA (hons) modern languages & international relations,https://courses.leeds.ac.uk/202526/j042/modern-languages-and-international-relations-ba,Year 4,Gender and Security in Global Politics,,optional,"Gender, Identity & Society",Security & Conflict
Leeds,BA (hons) modern languages & international relations,https://courses.leeds.ac.uk/202526/j042/modern-languages-and-international-relations-ba,Year 4,"Terrorism: Concepts, Debates, Cases",,optional,Security & Conflict,
Leeds,BA (hons) modern languages & international relations,https://courses.leeds.ac.uk/202526/j042/modern-languages-and-international-relations-ba,Year 4,"Video Games: Politics, Society and Culture",,optional,"Media, Communication & Culture",
Leeds,BA (hons) modern languages & international relations,https://courses.leeds.ac.uk/202526/j042/modern-languages-and-international-relations-ba,Year 4,Violence and Reconciliation in Africa,,optional,Security & Conflict,Regional & Area Studies
Leeds,BA (hons) modern languages & international relations,https://courses.leeds.ac.uk/202526/j042/modern-languages-and-international-relations-ba,Year 4,Europe in the World,,optional,Regional & Area Studies,IR Theory & Global Order
Leeds,BA (hons) modern languages & international relations,https://courses.leeds.ac.uk/202526/j042/modern-languages-and-international-relations-ba,Year 4,Nuclear Weapons and Global Politics,,optional,Security & Conflict,
Leeds,BA (hons) modern languages & international relations,https://courses.leeds.ac.uk/202526/j042/modern-languages-and-international-relations-ba,Year 4,Global Political Economy,,optional,International Political Economy,
Leeds,BA (hons) politics,https://courses.leeds.ac.uk/202526/f552/politics-ba,Year 1,The Politics of Global Challenges: Becoming an Independent Researcher,40,,Research Methods & Dissertation,
Leeds,BA (hons) politics,https://courses.leeds.ac.uk/202526/f552/politics-ba,Year 1,Comparative Politics,20,,Comparative & British Politics,
Leeds,BA (hons) politics,https://courses.leeds.ac.uk/202526/f552/politics-ba,Year 1,British Politics,20,,Comparative & British Politics,
Leeds,BA (hons) politics,https://courses.leeds.ac.uk/202526/f552/politics-ba,Year 1,Freedom Power and Resistance,20,,Political Theory & Philosophy,
Leeds,BA (hons) politics,https://courses.leeds.ac.uk/202526/f552/politics-ba,Year 2,Approaches to Analysis,20,,Research Methods & Dissertation,
Leeds,BA (hons) politics,https://courses.leeds.ac.uk/202526/f552/politics-ba,Year 2,Revolution and Reaction,20,,Political Theory & Philosophy,Sociology & History
Leeds,BA (hons) politics,https://courses.leeds.ac.uk/202526/f552/politics-ba,Year 2,"Justice, Conflict and Community",20,,Political Theory & Philosophy,Sociology & History
Leeds,BA (hons) politics,https://courses.leeds.ac.uk/202526/f552/politics-ba,Year 2,The Labour Party since 1945,20,,Comparative & British Politics,
Leeds,BA (hons) politics,https://courses.leeds.ac.uk/202526/f552/politics-ba,Year 2,Politics and Policy in the EU,20,,Regional & Area Studies,
Leeds,BA (hons) politics,https://courses.leeds.ac.uk/202526/f552/politics-ba,Year 2,Media and Democracy,20,,"Media, Communication & Culture",Comparative & British Politics
Leeds,BA (hons) politics,https://courses.leeds.ac.uk/202526/f552/politics-ba,Year 2,United States Politics,20,,Regional & Area Studies,
Leeds,BA (hons) politics,https://courses.leeds.ac.uk/202526/f552/politics-ba,Year 2,State and Politics in Africa,20,,Regional & Area Studies,
Leeds,BA (hons) politics,https://courses.leeds.ac.uk/202526/f552/politics-ba,Year 2,Planet Politics,20,,Environment & Sustainability,
Leeds,BA (hons) politics,https://courses.leeds.ac.uk/202526/f552/politics-ba,Year 2,Britain in Flux,20,,Comparative & British Politics,
Leeds,BA (hons) politics,https://courses.leeds.ac.uk/202526/f552/politics-ba,Year 3,POLIS Final Year Project,40,,Research Methods & Dissertation,
Leeds,BA (hons) politics,https://courses.leeds.ac.uk/202526/f552/politics-ba,Year 3,Video Games,20,optional,"Media, Communication & Culture",
Leeds,BA (hons) politics,https://courses.leeds.ac.uk/202526/f552/politics-ba,Year 3,Nuclear Weapons and Global Politics,20,optional,Security & Conflict,
Leeds,BA (hons) politics,https://courses.leeds.ac.uk/202526/f552/politics-ba,Year 3,Ethics and Politics of Human Rights,20,optional,Political Theory & Philosophy,Human Rights & Humanitarianism
Leeds,BA (hons) politics,https://courses.leeds.ac.uk/202526/f552/politics-ba,Year 3,British Foreign Policy,20,optional,Diplomacy & Foreign Policy,Comparative & British Politics
Leeds,BA (hons) politics,https://courses.leeds.ac.uk/202526/f552/politics-ba,Year 3,The Far Right in Europe and Beyond,20,optional,Comparative & British Politics,Regional & Area Studies
Leeds,BA (hons) politics,https://courses.leeds.ac.uk/202526/f552/politics-ba,Year 3,Rethinking Resistance,20,optional,Political Theory & Philosophy,
Leeds,BA (hons) politics,https://courses.leeds.ac.uk/202526/f552/politics-ba,Year 3,Politics of National Identity in the UK,20,optional,"Gender, Identity & Society",Comparative & British Politics
Leeds,BA (hons) politics,https://courses.leeds.ac.uk/202526/f552/politics-ba,Year 3,"Gender, Violence and Security in Global Politics",20,optional,"Gender, Identity & Society",Security & Conflict
Leeds,BA (hons) politics,https://courses.leeds.ac.uk/202526/f552/politics-ba,Year 3,Terrorism,20,optional,Security & Conflict,
Leeds,BA (hons) politics,https://courses.leeds.ac.uk/202526/f552/politics-ba,Year 3,The End of British Politics?,20,optional,Comparative & British Politics,
Leeds,BA (hons) politics,https://courses.leeds.ac.uk/202526/f552/politics-ba,Year 3,Europe in the World,20,optional,Regional & Area Studies,IR Theory & Global Order
Leeds,BSc (hons) social & political sciences,https://courses.leeds.ac.uk/202526/j441/social-and-political-sciences-bsc,Year 1,Comparative Politics,20,,Comparative & British Politics,
Leeds,BSc (hons) social & political sciences,https://courses.leeds.ac.uk/202526/j441/social-and-political-sciences-bsc,Year 1,International Politics,20,,IR Theory & Global Order,
Leeds,BSc (hons) social & political sciences,https://courses.leeds.ac.uk/202526/j441/social-and-political-sciences-bsc,Year 1,Making Sense of Society: Reading Social Theory,20,,Sociology & History,
Leeds,BSc (hons) social & political sciences,https://courses.leeds.ac.uk/202526/j441/social-and-political-sciences-bsc,Year 1,Formations of Coloniality and Modernity,20,,Political Theory & Philosophy,"Gender, Identity & Society"
Leeds,BSc (hons) social & political sciences,https://courses.leeds.ac.uk/202526/j441/social-and-political-sciences-bsc,Year 2,Sociology and Social Policy Research Methods,20,,Research Methods & Dissertation,Sociology & History
Leeds,BSc (hons) social & political sciences,https://courses.leeds.ac.uk/202526/j441/social-and-political-sciences-bsc,Year 2,Theories of International Relations,20,optional,IR Theory & Global Order,
Leeds,BSc (hons) social & political sciences,https://courses.leeds.ac.uk/202526/j441/social-and-political-sciences-bsc,Year 2,Revolution and Reaction: Political Problems in the 20th Century,20,optional,Political Theory & Philosophy,Sociology & History
Leeds,BSc (hons) social & political sciences,https://courses.leeds.ac.uk/202526/j441/social-and-political-sciences-bsc,Year 2,"Justice, Community and Conflict",20,optional,Political Theory & Philosophy,Sociology & History
Leeds,BSc (hons) social & political sciences,https://courses.leeds.ac.uk/202526/j441/social-and-political-sciences-bsc,Year 2,Key Debates in Social Policy,20,optional,Sociology & History,
Leeds,BSc (hons) social & political sciences,https://courses.leeds.ac.uk/202526/j441/social-and-political-sciences-bsc,Year 2,Central Problems in Sociology,20,optional,Sociology & History,
Leeds,BSc (hons) social & political sciences,https://courses.leeds.ac.uk/202526/j441/social-and-political-sciences-bsc,Year 3,Dissertation,40,,Research Methods & Dissertation,
Leeds,BSc (hons) social & political sciences,https://courses.leeds.ac.uk/202526/j441/social-and-political-sciences-bsc,Year 3,Research Skills for your Dissertation,20,,Research Methods & Dissertation,
London Met,BA (hons) international relations,http://www.londonmet.ac.uk/courses/undergraduate/international-relations---ba-hons/,Year 1,After Empire: Regions and Powers in World Politics,,,IR Theory & Global Order,Regional & Area Studies
London Met,BA (hons) international relations,http://www.londonmet.ac.uk/courses/undergraduate/international-relations---ba-hons/,Year 1,Conflict and Diplomacy Since 1945,,,Security & Conflict,Diplomacy & Foreign Policy
London Met,BA (hons) international relations,http://www.londonmet.ac.uk/courses/undergraduate/international-relations---ba-hons/,Year 1,Global Wealth and Inequality: An Introduction to International Political Economy,,,International Political Economy,
London Met,BA (hons) international relations,http://www.londonmet.ac.uk/courses/undergraduate/international-relations---ba-hons/,Year 1,Perspectives from the Global South,,,IR Theory & Global Order,
London Met,BA (hons) international relations,http://www.londonmet.ac.uk/courses/undergraduate/international-relations---ba-hons/,Year 1,Political Science Concepts and Institutions,,,Political Theory & Philosophy,Comparative & British Politics
London Met,BA (hons) international relations,http://www.londonmet.ac.uk/courses/undergraduate/international-relations---ba-hons/,Year 1,Understanding the International System,,,IR Theory & Global Order,
London Met,BA (hons) international relations,http://www.londonmet.ac.uk/courses/undergraduate/international-relations---ba-hons/,Year 1,"Violence, Peace and Progress: Issues in World Politics",,,Security & Conflict,IR Theory & Global Order
London Met,BA (hons) international relations,http://www.londonmet.ac.uk/courses/undergraduate/international-relations---ba-hons/,Year 1,What is Politics For? Political Aims and Ideas,,,Political Theory & Philosophy,
London Met,BA (hons) international relations,http://www.londonmet.ac.uk/courses/undergraduate/international-relations---ba-hons/,Year 1,"Language Module (Arabic, French, Spanish or English)",,,Language & Area Language Modules,
London Met,BA (hons) international relations,http://www.londonmet.ac.uk/courses/undergraduate/international-relations---ba-hons/,Year 2,Paradigms and Politics: Research Methods and Models,,,Research Methods & Dissertation,
London Met,BA (hons) international relations,http://www.londonmet.ac.uk/courses/undergraduate/international-relations---ba-hons/,Year 2,Theories of International Relations: Discipline and Diversity,,,IR Theory & Global Order,
London Met,BA (hons) international relations,http://www.londonmet.ac.uk/courses/undergraduate/international-relations---ba-hons/,Year 2,"Language Module (Arabic, French, Spanish or English)",,,Language & Area Language Modules,
London Met,BA (hons) international relations,http://www.londonmet.ac.uk/courses/undergraduate/international-relations---ba-hons/,Year 2,"Language Module (Arabic, French, Spanish or English)",,,Language & Area Language Modules,
London Met,BA (hons) international relations,http://www.londonmet.ac.uk/courses/undergraduate/international-relations---ba-hons/,Year 2,British Politics,,,Comparative & British Politics,
London Met,BA (hons) international relations,http://www.londonmet.ac.uk/courses/undergraduate/international-relations---ba-hons/,Year 2,"Modern Diplomacy: Communication, Representation, Negotiation",,,Diplomacy & Foreign Policy,
London Met,BA (hons) international relations,http://www.londonmet.ac.uk/courses/undergraduate/international-relations---ba-hons/,Year 2,Peace and Conflict: Theories and Issues,,,Security & Conflict,
London Met,BA (hons) international relations,http://www.londonmet.ac.uk/courses/undergraduate/international-relations---ba-hons/,Year 2,"Political Ideas in Modernity: Choices, Rights and Challenges",,,Political Theory & Philosophy,
London Met,BA (hons) international relations,http://www.londonmet.ac.uk/courses/undergraduate/international-relations---ba-hons/,Year 2,Political Ideas in Modernity: From Renaissance to Revolution,,,Political Theory & Philosophy,
London Met,BA (hons) international relations,http://www.londonmet.ac.uk/courses/undergraduate/international-relations---ba-hons/,Year 2,Politics of the Middle East,,,Regional & Area Studies,
London Met,BA (hons) international relations,http://www.londonmet.ac.uk/courses/undergraduate/international-relations---ba-hons/,Year 2,Sustainability and Environmental Justice,,,Environment & Sustainability,
London Met,BA (hons) international relations,http://www.londonmet.ac.uk/courses/undergraduate/international-relations---ba-hons/,Year 2,The New Diplomacy,,,Diplomacy & Foreign Policy,
London Met,BA (hons) international relations,http://www.londonmet.ac.uk/courses/undergraduate/international-relations---ba-hons/,Year 2,The Politics of the European Union,,,Regional & Area Studies,
London Met,BA (hons) international relations,http://www.londonmet.ac.uk/courses/undergraduate/international-relations---ba-hons/,Year 3,International Security Studies: Issues and Challenges,,,Security & Conflict,
London Met,BA (hons) international relations,http://www.londonmet.ac.uk/courses/undergraduate/international-relations---ba-hons/,Year 3,International Security Studies: Theories and Challenges,,,Security & Conflict,
London Met,BA (hons) international relations,http://www.londonmet.ac.uk/courses/undergraduate/international-relations---ba-hons/,Year 3,Placement 1 Year,,,"Skills, Placement & Employability",
London Met,BA (hons) international relations,http://www.londonmet.ac.uk/courses/undergraduate/international-relations---ba-hons/,Year 3,Project 1 Semester,,,Research Methods & Dissertation,
London Met,BA (hons) international relations,http://www.londonmet.ac.uk/courses/undergraduate/international-relations---ba-hons/,Year 3,Project 1 Year,,,Research Methods & Dissertation,
London Met,BA (hons) international relations,http://www.londonmet.ac.uk/courses/undergraduate/international-relations---ba-hons/,Year 3,Action and Identity: Gender and Political Participation,,,"Gender, Identity & Society",
London Met,BA (hons) international relations,http://www.londonmet.ac.uk/courses/undergraduate/international-relations---ba-hons/,Year 3,Conflict Resolution: Building Sustainable Peace,,,Security & Conflict,
London Met,BA (hons) international relations,http://www.londonmet.ac.uk/courses/undergraduate/international-relations---ba-hons/,Year 3,Conflict Resolution: Concepts and Strategies,,,Security & Conflict,
London Met,BA (hons) international relations,http://www.londonmet.ac.uk/courses/undergraduate/international-relations---ba-hons/,Year 3,Global Populism and the Crisis of Democracy,,,IR Theory & Global Order,Political Theory & Philosophy
London Met,BA (hons) international relations,http://www.londonmet.ac.uk/courses/undergraduate/international-relations---ba-hons/,Year 3,Human Rights and Global Justice,,,Human Rights & Humanitarianism,Political Theory & Philosophy
London Met,BA (hons) international relations,http://www.londonmet.ac.uk/courses/undergraduate/international-relations---ba-hons/,Year 3,"Language Module (Arabic, French, Spanish or English)",,,Language & Area Language Modules,
London Met,BA (hons) international relations,http://www.londonmet.ac.uk/courses/undergraduate/international-relations---ba-hons/,Year 3,"Language Module (Arabic, French, Spanish or English)",,,Language & Area Language Modules,
London Met,BA (hons) international relations,http://www.londonmet.ac.uk/courses/undergraduate/international-relations---ba-hons/,Year 3,Public Diplomacy and Global Influence,,,Diplomacy & Foreign Policy,
London Met,BA (hons) international relations,http://www.londonmet.ac.uk/courses/undergraduate/international-relations---ba-hons/,Year 3,"The Modern State: Democracy, Dictatorship and Beyond",,,Comparative & British Politics,Political Theory & Philosophy
London Met,BA (hons) international relations,http://www.londonmet.ac.uk/courses/undergraduate/international-relations---ba-hons/,Year 3,"The Modern State: Progress, Protests and Power",,,Political Theory & Philosophy,Comparative & British Politics
London Met,BA (hons) international relations & politics,http://www.londonmet.ac.uk/courses/undergraduate/international-relations-and-politics---ba-hons/,Year 1,After Empire: Regions and Powers in World Politics,,,IR Theory & Global Order,Regional & Area Studies
London Met,BA (hons) international relations & politics,http://www.londonmet.ac.uk/courses/undergraduate/international-relations-and-politics---ba-hons/,Year 1,Conflict and Diplomacy Since 1945,,,Security & Conflict,Diplomacy & Foreign Policy
London Met,BA (hons) international relations & politics,http://www.londonmet.ac.uk/courses/undergraduate/international-relations-and-politics---ba-hons/,Year 1,Global Wealth and Inequality: An Introduction to International Political Economy,,,International Political Economy,
London Met,BA (hons) international relations & politics,http://www.londonmet.ac.uk/courses/undergraduate/international-relations-and-politics---ba-hons/,Year 1,Perspectives from the Global South,,,IR Theory & Global Order,
London Met,BA (hons) international relations & politics,http://www.londonmet.ac.uk/courses/undergraduate/international-relations-and-politics---ba-hons/,Year 1,Political Science Concepts and Institutions,,,Political Theory & Philosophy,Comparative & British Politics
London Met,BA (hons) international relations & politics,http://www.londonmet.ac.uk/courses/undergraduate/international-relations-and-politics---ba-hons/,Year 1,Understanding the International System,,,IR Theory & Global Order,
London Met,BA (hons) international relations & politics,http://www.londonmet.ac.uk/courses/undergraduate/international-relations-and-politics---ba-hons/,Year 1,"Violence, Peace and Progress: Issues in World Politics",,,Security & Conflict,IR Theory & Global Order
London Met,BA (hons) international relations & politics,http://www.londonmet.ac.uk/courses/undergraduate/international-relations-and-politics---ba-hons/,Year 1,What is Politics For? Political Aims and Ideas,,,Political Theory & Philosophy,
London Met,BA (hons) international relations & politics,http://www.londonmet.ac.uk/courses/undergraduate/international-relations-and-politics---ba-hons/,Year 2,British Politics,,,Comparative & British Politics,
London Met,BA (hons) international relations & politics,http://www.londonmet.ac.uk/courses/undergraduate/international-relations-and-politics---ba-hons/,Year 2,Paradigms and Politics: Research Methods and Models,,,Research Methods & Dissertation,
London Met,BA (hons) international relations & politics,http://www.londonmet.ac.uk/courses/undergraduate/international-relations-and-politics---ba-hons/,Year 2,"Political Ideas in Modernity: Choices, Rights and Challenges",,,Political Theory & Philosophy,
London Met,BA (hons) international relations & politics,http://www.londonmet.ac.uk/courses/undergraduate/international-relations-and-politics---ba-hons/,Year 2,Political Ideas in Modernity: From Renaissance to Revolution,,,Political Theory & Philosophy,
London Met,BA (hons) international relations & politics,http://www.londonmet.ac.uk/courses/undergraduate/international-relations-and-politics---ba-hons/,Year 2,Theories of International Relations: Discipline and Diversity,,,IR Theory & Global Order,
London Met,BA (hons) international relations & politics,http://www.londonmet.ac.uk/courses/undergraduate/international-relations-and-politics---ba-hons/,Year 2,"Modern Diplomacy: Communication, Representation, Negotiation",,,Diplomacy & Foreign Policy,
London Met,BA (hons) international relations & politics,http://www.londonmet.ac.uk/courses/undergraduate/international-relations-and-politics---ba-hons/,Year 2,Peace and Conflict: Theories and Issues,,,Security & Conflict,
London Met,BA (hons) international relations & politics,http://www.londonmet.ac.uk/courses/undergraduate/international-relations-and-politics---ba-hons/,Year 2,Politics of the Middle East,,,Regional & Area Studies,
London Met,BA (hons) international relations & politics,http://www.londonmet.ac.uk/courses/undergraduate/international-relations-and-politics---ba-hons/,Year 2,Sustainability and Environmental Justice,,,Environment & Sustainability,
London Met,BA (hons) international relations & politics,http://www.londonmet.ac.uk/courses/undergraduate/international-relations-and-politics---ba-hons/,Year 2,The New Diplomacy,,,Diplomacy & Foreign Policy,
London Met,BA (hons) international relations & politics,http://www.londonmet.ac.uk/courses/undergraduate/international-relations-and-politics---ba-hons/,Year 2,The Politics of the European Union,,,Regional & Area Studies,
London Met,BA (hons) international relations & politics,http://www.londonmet.ac.uk/courses/undergraduate/international-relations-and-politics---ba-hons/,Year 3,International Security Studies: Issues and Challenges,,,Security & Conflict,
London Met,BA (hons) international relations & politics,http://www.londonmet.ac.uk/courses/undergraduate/international-relations-and-politics---ba-hons/,Year 3,International Security Studies: Theories and Challenges,,,Security & Conflict,
London Met,BA (hons) international relations & politics,http://www.londonmet.ac.uk/courses/undergraduate/international-relations-and-politics---ba-hons/,Year 3,"The Modern State: Democracy, Dictatorship and Beyond",,,Comparative & British Politics,Political Theory & Philosophy
London Met,BA (hons) international relations & politics,http://www.londonmet.ac.uk/courses/undergraduate/international-relations-and-politics---ba-hons/,Year 3,"The Modern State: Progress, Protests and Power",,,Political Theory & Philosophy,Comparative & British Politics
London Met,BA (hons) international relations & politics,http://www.londonmet.ac.uk/courses/undergraduate/international-relations-and-politics---ba-hons/,Year 3,Placement 1 Year,,,"Skills, Placement & Employability",
London Met,BA (hons) international relations & politics,http://www.londonmet.ac.uk/courses/undergraduate/international-relations-and-politics---ba-hons/,Year 3,Project 1 Semester,,,Research Methods & Dissertation,
London Met,BA (hons) international relations & politics,http://www.londonmet.ac.uk/courses/undergraduate/international-relations-and-politics---ba-hons/,Year 3,Project 1 Year,,,Research Methods & Dissertation,
London Met,BA (hons) international relations & politics,http://www.londonmet.ac.uk/courses/undergraduate/international-relations-and-politics---ba-hons/,Year 3,Action and Identity: Gender and Political Participation,,,"Gender, Identity & Society",
London Met,BA (hons) international relations & politics,http://www.londonmet.ac.uk/courses/undergraduate/international-relations-and-politics---ba-hons/,Year 3,Conflict Resolution: Building Sustainable Peace,,,Security & Conflict,
London Met,BA (hons) international relations & politics,http://www.londonmet.ac.uk/courses/undergraduate/international-relations-and-politics---ba-hons/,Year 3,Conflict Resolution: Concepts and Strategies,,,Security & Conflict,
London Met,BA (hons) international relations & politics,http://www.londonmet.ac.uk/courses/undergraduate/international-relations-and-politics---ba-hons/,Year 3,Global Populism and the Crisis of Democracy,,,IR Theory & Global Order,Political Theory & Philosophy
London Met,BA (hons) international relations & politics,http://www.londonmet.ac.uk/courses/undergraduate/international-relations-and-politics---ba-hons/,Year 3,Human Rights and Global Justice,,,Human Rights & Humanitarianism,Political Theory & Philosophy
London Met,BA (hons) international relations & politics,http://www.londonmet.ac.uk/courses/undergraduate/international-relations-and-politics---ba-hons/,Year 3,Public Diplomacy and Global Influence,,,Diplomacy & Foreign Policy,
London Met,LLB (hons) law with international relations,http://www.londonmet.ac.uk/courses/undergraduate/law-with-international-relations---llb-hons/,Year 1,Administrative Law,,,Law,
London Met,LLB (hons) law with international relations,http://www.londonmet.ac.uk/courses/undergraduate/law-with-international-relations---llb-hons/,Year 1,Constitutional Law,,,Law,
London Met,LLB (hons) law with international relations,http://www.londonmet.ac.uk/courses/undergraduate/law-with-international-relations---llb-hons/,Year 1,Contract I,,,Law,
London Met,LLB (hons) law with international relations,http://www.londonmet.ac.uk/courses/undergraduate/law-with-international-relations---llb-hons/,Year 1,Criminal Law I,,,Law,
London Met,LLB (hons) law with international relations,http://www.londonmet.ac.uk/courses/undergraduate/law-with-international-relations---llb-hons/,Year 1,English Legal System,,,Law,
London Met,LLB (hons) law with international relations,http://www.londonmet.ac.uk/courses/undergraduate/law-with-international-relations---llb-hons/,Year 1,Land Law I,,,Law,
London Met,LLB (hons) law with international relations,http://www.londonmet.ac.uk/courses/undergraduate/law-with-international-relations---llb-hons/,Year 1,Law of Tort I,,,Law,
London Met,LLB (hons) law with international relations,http://www.londonmet.ac.uk/courses/undergraduate/law-with-international-relations---llb-hons/,Year 1,Legal Method,,,Law,
London Met,LLB (hons) law with international relations,http://www.londonmet.ac.uk/courses/undergraduate/law-with-international-relations---llb-hons/,Year 2,Contract Law II,,,Law,
London Met,LLB (hons) law with international relations,http://www.londonmet.ac.uk/courses/undergraduate/law-with-international-relations---llb-hons/,Year 2,Criminal Law II,,,Law,
London Met,LLB (hons) law with international relations,http://www.londonmet.ac.uk/courses/undergraduate/law-with-international-relations---llb-hons/,Year 2,Land Law II,,,Law,
London Met,LLB (hons) law with international relations,http://www.londonmet.ac.uk/courses/undergraduate/law-with-international-relations---llb-hons/,Year 2,Law of Equity and Trusts I,,,Law,
London Met,LLB (hons) law with international relations,http://www.londonmet.ac.uk/courses/undergraduate/law-with-international-relations---llb-hons/,Year 2,Law of Tort II,,,Law,
London Met,LLB (hons) law with international relations,http://www.londonmet.ac.uk/courses/undergraduate/law-with-international-relations---llb-hons/,Year 2,Law of the European Union I,,,Law,Regional & Area Studies
London Met,LLB (hons) law with international relations,http://www.londonmet.ac.uk/courses/undergraduate/law-with-international-relations---llb-hons/,Year 2,"Modern Diplomacy: Communication, Representation, Negotiation",,,Diplomacy & Foreign Policy,
London Met,LLB (hons) law with international relations,http://www.londonmet.ac.uk/courses/undergraduate/law-with-international-relations---llb-hons/,Year 2,Peace and Conflict: Practice and Approaches,,,Security & Conflict,
London Met,LLB (hons) law with international relations,http://www.londonmet.ac.uk/courses/undergraduate/law-with-international-relations---llb-hons/,Year 2,The New Diplomacy,,,Diplomacy & Foreign Policy,
London Met,LLB (hons) law with international relations,http://www.londonmet.ac.uk/courses/undergraduate/law-with-international-relations---llb-hons/,Year 2,Advocacy and Mooting,,,Law,
London Met,LLB (hons) law with international relations,http://www.londonmet.ac.uk/courses/undergraduate/law-with-international-relations---llb-hons/,Year 2,Alternative Dispute Resolution,,,Law,
London Met,LLB (hons) law with international relations,http://www.londonmet.ac.uk/courses/undergraduate/law-with-international-relations---llb-hons/,Year 2,Child Law,,,Law,
London Met,LLB (hons) law with international relations,http://www.londonmet.ac.uk/courses/undergraduate/law-with-international-relations---llb-hons/,Year 2,Civil Liberties and Human Rights,,,Human Rights & Humanitarianism,Law
London Met,LLB (hons) law with international relations,http://www.londonmet.ac.uk/courses/undergraduate/law-with-international-relations---llb-hons/,Year 2,Company Law,,,Law,
London Met,LLB (hons) law with international relations,http://www.londonmet.ac.uk/courses/undergraduate/law-with-international-relations---llb-hons/,Year 2,Competition Law,,,Law,
London Met,LLB (hons) law with international relations,http://www.londonmet.ac.uk/courses/undergraduate/law-with-international-relations---llb-hons/,Year 2,Consumer Rights Law,,,Law,
London Met,LLB (hons) law with international relations,http://www.londonmet.ac.uk/courses/undergraduate/law-with-international-relations---llb-hons/,Year 2,Criminal Punishment - Policies and Practice,,,Law,
London Met,LLB (hons) law with international relations,http://www.londonmet.ac.uk/courses/undergraduate/law-with-international-relations---llb-hons/,Year 2,Emerging Crimes and Criminal Law,,,Law,
London Met,LLB (hons) law with international relations,http://www.londonmet.ac.uk/courses/undergraduate/law-with-international-relations---llb-hons/,Year 2,Employment Law,,,Law,
London Met,LLB (hons) law with international relations,http://www.londonmet.ac.uk/courses/undergraduate/law-with-international-relations---llb-hons/,Year 2,Environmental Law and Sustainability,,,Law,Environment & Sustainability
London Met,LLB (hons) law with international relations,http://www.londonmet.ac.uk/courses/undergraduate/law-with-international-relations---llb-hons/,Year 2,Family Law,,,Law,
London Met,LLB (hons) law with international relations,http://www.londonmet.ac.uk/courses/undergraduate/law-with-international-relations---llb-hons/,Year 2,Housing Law,,,Law,
London Met,LLB (hons) law with international relations,http://www.londonmet.ac.uk/courses/undergraduate/law-with-international-relations---llb-hons/,Year 2,Immigrants and Nativists,,,"Gender, Identity & Society",
London Met,LLB (hons) law with international relations,http://www.londonmet.ac.uk/courses/undergraduate/law-with-international-relations---llb-hons/,Year 2,Jurisprudence,,,Law,Political Theory & Philosophy
London Met,LLB (hons) law with international relations,http://www.londonmet.ac.uk/courses/undergraduate/law-with-international-relations---llb-hons/,Year 2,Law and Deal-Making in the Entertainment Industry,,,Law,"Media, Communication & Culture"
London Met,LLB (hons) law with international relations,http://www.londonmet.ac.uk/courses/undergraduate/law-with-international-relations---llb-hons/,Year 2,Law of Immigration and Asylum,,,Law,Human Rights & Humanitarianism
London Met,LLB (hons) law with international relations,http://www.londonmet.ac.uk/courses/undergraduate/law-with-international-relations---llb-hons/,Year 2,Legal Research Methods,,,Law,Research Methods & Dissertation
London Met,LLB (hons) law with international relations,http://www.londonmet.ac.uk/courses/undergraduate/law-with-international-relations---llb-hons/,Year 2,Medical Law,,,Law,
London Met,LLB (hons) law with international relations,http://www.londonmet.ac.uk/courses/undergraduate/law-with-international-relations---llb-hons/,Year 2,Politics of the Middle East,,,Regional & Area Studies,
London Met,LLB (hons) law with international relations,http://www.londonmet.ac.uk/courses/undergraduate/law-with-international-relations---llb-hons/,Year 2,Public International Law,,,Law,
London Met,LLB (hons) law with international relations,http://www.londonmet.ac.uk/courses/undergraduate/law-with-international-relations---llb-hons/,Year 2,Sustainability and Environmental Justice,,,Environment & Sustainability,
London Met,LLB (hons) law with international relations,http://www.londonmet.ac.uk/courses/undergraduate/law-with-international-relations---llb-hons/,Year 2,The Law of Criminal Evidence,,,Law,
London Met,LLB (hons) law with international relations,http://www.londonmet.ac.uk/courses/undergraduate/law-with-international-relations---llb-hons/,Year 2,The Politics of the European Union,,,Regional & Area Studies,
London Met,LLB (hons) law with international relations,http://www.londonmet.ac.uk/courses/undergraduate/law-with-international-relations---llb-hons/,Year 2,Theories of International Relations: Discipline and Diversity,,,IR Theory & Global Order,
London Met,LLB (hons) law with international relations,http://www.londonmet.ac.uk/courses/undergraduate/law-with-international-relations---llb-hons/,Year 3,Civil Law and Practice,,,Law,
London Met,LLB (hons) law with international relations,http://www.londonmet.ac.uk/courses/undergraduate/law-with-international-relations---llb-hons/,Year 3,Criminal Litigation,,,Law,
London Met,LLB (hons) law with international relations,http://www.londonmet.ac.uk/courses/undergraduate/law-with-international-relations---llb-hons/,Year 3,Law of Equity and Trusts II,,,Law,
London Met,LLB (hons) law with international relations,http://www.londonmet.ac.uk/courses/undergraduate/law-with-international-relations---llb-hons/,Year 3,Law of the European Union II,,,Law,Regional & Area Studies
London Met,LLB (hons) law with international relations,http://www.londonmet.ac.uk/courses/undergraduate/law-with-international-relations---llb-hons/,Year 3,International Security Studies: Issues and Challenges,,,Security & Conflict,
London Met,LLB (hons) law with international relations,http://www.londonmet.ac.uk/courses/undergraduate/law-with-international-relations---llb-hons/,Year 3,International Security Studies: Theories and Challenges,,,Security & Conflict,
London Met,LLB (hons) law with international relations,http://www.londonmet.ac.uk/courses/undergraduate/law-with-international-relations---llb-hons/,Year 3,Action and Identity: Gender and Political Participation,,,"Gender, Identity & Society",
London Met,LLB (hons) law with international relations,http://www.londonmet.ac.uk/courses/undergraduate/law-with-international-relations---llb-hons/,Year 3,Advocacy and Mooting,,,Law,
London Met,LLB (hons) law with international relations,http://www.londonmet.ac.uk/courses/undergraduate/law-with-international-relations---llb-hons/,Year 3,Alternative Dispute Resolution,,,Law,
London Met,LLB (hons) law with international relations,http://www.londonmet.ac.uk/courses/undergraduate/law-with-international-relations---llb-hons/,Year 3,Child Law,,,Law,
London Met,LLB (hons) law with international relations,http://www.londonmet.ac.uk/courses/undergraduate/law-with-international-relations---llb-hons/,Year 3,Civil Liberties and Human Rights,,,Human Rights & Humanitarianism,Law
London Met,LLB (hons) law with international relations,http://www.londonmet.ac.uk/courses/undergraduate/law-with-international-relations---llb-hons/,Year 3,Company Law,,,Law,
London Met,LLB (hons) law with international relations,http://www.londonmet.ac.uk/courses/undergraduate/law-with-international-relations---llb-hons/,Year 3,Competition Law,,,Law,
London Met,LLB (hons) law with international relations,http://www.londonmet.ac.uk/courses/undergraduate/law-with-international-relations---llb-hons/,Year 3,Concise Legal Dissertation,,,Law,Research Methods & Dissertation
London Met,LLB (hons) law with international relations,http://www.londonmet.ac.uk/courses/undergraduate/law-with-international-relations---llb-hons/,Year 3,Conflict Resolution: Building Sustainable Peace,,,Security & Conflict,
London Met,LLB (hons) law with international relations,http://www.londonmet.ac.uk/courses/undergraduate/law-with-international-relations---llb-hons/,Year 3,Conflict Resolution: Concepts and Strategies,,,Security & Conflict,
London Met,LLB (hons) law with international relations,http://www.londonmet.ac.uk/courses/undergraduate/law-with-international-relations---llb-hons/,Year 3,Consumer Rights Law,,,Law,
London Met,LLB (hons) law with international relations,http://www.londonmet.ac.uk/courses/undergraduate/law-with-international-relations---llb-hons/,Year 3,Emerging Crimes and Criminal Law,,,Law,
London Met,LLB (hons) law with international relations,http://www.londonmet.ac.uk/courses/undergraduate/law-with-international-relations---llb-hons/,Year 3,Employment and Equality Law,,,Law,
London Met,LLB (hons) law with international relations,http://www.londonmet.ac.uk/courses/undergraduate/law-with-international-relations---llb-hons/,Year 3,Environmental Law and Sustainability,,,Law,Environment & Sustainability
London Met,LLB (hons) law with international relations,http://www.londonmet.ac.uk/courses/undergraduate/law-with-international-relations---llb-hons/,Year 3,Family Law,,,Law,
London Met,LLB (hons) law with international relations,http://www.londonmet.ac.uk/courses/undergraduate/law-with-international-relations---llb-hons/,Year 3,Housing Law,,,Law,
London Met,LLB (hons) law with international relations,http://www.londonmet.ac.uk/courses/undergraduate/law-with-international-relations---llb-hons/,Year 3,International Trade Law,,,Law,International Political Economy
London Met,LLB (hons) law with international relations,http://www.londonmet.ac.uk/courses/undergraduate/law-with-international-relations---llb-hons/,Year 3,Jurisprudence,,,Law,Political Theory & Philosophy
London Met,LLB (hons) law with international relations,http://www.londonmet.ac.uk/courses/undergraduate/law-with-international-relations---llb-hons/,Year 3,Law Dissertation,,,Law,Research Methods & Dissertation
London Met,LLB (hons) law with international relations,http://www.londonmet.ac.uk/courses/undergraduate/law-with-international-relations---llb-hons/,Year 3,Law and Deal-Making in the Entertainment Industry,,,Law,"Media, Communication & Culture"
London Met,LLB (hons) law with international relations,http://www.londonmet.ac.uk/courses/undergraduate/law-with-international-relations---llb-hons/,Year 3,Law of Immigration and Asylum,,,Law,Human Rights & Humanitarianism
London Met,LLB (hons) law with international relations,http://www.londonmet.ac.uk/courses/undergraduate/law-with-international-relations---llb-hons/,Year 3,Medical Law,,,Law,
London Met,LLB (hons) law with international relations,http://www.londonmet.ac.uk/courses/undergraduate/law-with-international-relations---llb-hons/,Year 3,Penal Policy,,,Comparative & British Politics,
London Met,LLB (hons) law with international relations,http://www.londonmet.ac.uk/courses/undergraduate/law-with-international-relations---llb-hons/,Year 3,Public Diplomacy and Global Influence,,,Diplomacy & Foreign Policy,
London Met,LLB (hons) law with international relations,http://www.londonmet.ac.uk/courses/undergraduate/law-with-international-relations---llb-hons/,Year 3,Public International Law,,,Law,
London Met,LLB (hons) law with international relations,http://www.londonmet.ac.uk/courses/undergraduate/law-with-international-relations---llb-hons/,Year 3,Strategic Communications and Global Media,,,"Media, Communication & Culture",
London Met,LLB (hons) law with international relations,http://www.londonmet.ac.uk/courses/undergraduate/law-with-international-relations---llb-hons/,Year 3,The Law of Criminal Evidence,,,Law,
Northumbria,BA (hons) international relations & politics,https://www.northumbria.ac.uk/study-at-northumbria/courses/international-relations-and-politics-ba-hons-uusirp1/,Year 1,"Researching International Relations and Politics (Core,",20,core,Research Methods & Dissertation,
Northumbria,BA (hons) international relations & politics,https://www.northumbria.ac.uk/study-at-northumbria/courses/international-relations-and-politics-ba-hons-uusirp1/,Year 1,Skills for Academic Success in a UK University (Core,0,core,"Skills, Placement & Employability",
Northumbria,BA (hons) international relations & politics,https://www.northumbria.ac.uk/study-at-northumbria/courses/international-relations-and-politics-ba-hons-uusirp1/,Year 1,"Researching International Relations and Politics (Core,",20,core,Research Methods & Dissertation,
Northumbria,BA (hons) international relations & politics,https://www.northumbria.ac.uk/study-at-northumbria/courses/international-relations-and-politics-ba-hons-uusirp1/,Year 1,Skills for Academic Success in a UK University (Core,0,core,"Skills, Placement & Employability",
Northumbria,BA (hons) international relations & politics,https://www.northumbria.ac.uk/study-at-northumbria/courses/international-relations-and-politics-ba-hons-uusirp1/,Year 2,"Social Sciences Study Abroad (60 credit) (Optional,",60,,"Skills, Placement & Employability",
Northumbria,BA (hons) international relations & politics,https://www.northumbria.ac.uk/study-at-northumbria/courses/international-relations-and-politics-ba-hons-uusirp1/,Year 2,"From Bastille to Strasbourg- A Journey through Human Rights (Optional,",20,optional,Human Rights & Humanitarianism,
Northumbria,BA (hons) international relations & politics,https://www.northumbria.ac.uk/study-at-northumbria/courses/international-relations-and-politics-ba-hons-uusirp1/,Year 2,"Government in Action: Inside the Civil Service (Core,",20,optional,Comparative & British Politics,
Northumbria,BA (hons) international relations & politics,https://www.northumbria.ac.uk/study-at-northumbria/courses/international-relations-and-politics-ba-hons-uusirp1/,Year 2,Skills for Academic Success in a UK University (Core,0,optional,"Skills, Placement & Employability",
Northumbria,BA (hons) international relations & politics,https://www.northumbria.ac.uk/study-at-northumbria/courses/international-relations-and-politics-ba-hons-uusirp1/,Year 2,"Social Sciences Study Abroad (60 credit) (Optional,",60,,"Skills, Placement & Employability",
Northumbria,BA (hons) international relations & politics,https://www.northumbria.ac.uk/study-at-northumbria/courses/international-relations-and-politics-ba-hons-uusirp1/,Year 2,"From Bastille to Strasbourg- A Journey through Human Rights (Optional,",20,optional,Human Rights & Humanitarianism,
Northumbria,BA (hons) international relations & politics,https://www.northumbria.ac.uk/study-at-northumbria/courses/international-relations-and-politics-ba-hons-uusirp1/,Year 2,"Government in Action: Inside the Civil Service (Core,",20,optional,Comparative & British Politics,
Northumbria,BA (hons) international relations & politics,https://www.northumbria.ac.uk/study-at-northumbria/courses/international-relations-and-politics-ba-hons-uusirp1/,Year 2,Skills for Academic Success in a UK University (Core,0,optional,"Skills, Placement & Employability",
Northumbria,BA (hons) international relations & politics,https://www.northumbria.ac.uk/study-at-northumbria/courses/international-relations-and-politics-ba-hons-uusirp1/,Year 4,"War Games- Negotiating Security through Simulations (Optional,",20,optional,Security & Conflict,
Northumbria,BA (hons) international relations & politics,https://www.northumbria.ac.uk/study-at-northumbria/courses/international-relations-and-politics-ba-hons-uusirp1/,Year 4,Skills for Academic Success in a UK University (Core,0,optional,"Skills, Placement & Employability",
Northumbria,BA (hons) international relations & politics,https://www.northumbria.ac.uk/study-at-northumbria/courses/international-relations-and-politics-ba-hons-uusirp1/,Year 4,"War Games- Negotiating Security through Simulations (Optional,",20,optional,Security & Conflict,
Northumbria,BA (hons) international relations & politics,https://www.northumbria.ac.uk/study-at-northumbria/courses/international-relations-and-politics-ba-hons-uusirp1/,Year 4,Skills for Academic Success in a UK University (Core,0,optional,"Skills, Placement & Employability",
Plymouth,BSc (hons) international relations,https://www.plymouth.ac.uk/courses/undergraduate/bsc-international-relations,Year 1,PIR4001 Democracy and Democratization,20,core,Comparative & British Politics,
Plymouth,BSc (hons) international relations,https://www.plymouth.ac.uk/courses/undergraduate/bsc-international-relations,Year 1,PIR4002 Discovering World Politics,20,core,IR Theory & Global Order,
Plymouth,BSc (hons) international relations,https://www.plymouth.ac.uk/courses/undergraduate/bsc-international-relations,Year 1,PIR4004 Comparative Democracies,20,core,Comparative & British Politics,
Plymouth,BSc (hons) international relations,https://www.plymouth.ac.uk/courses/undergraduate/bsc-international-relations,Year 1,PIR4005 International Relations Since 1945,20,core,IR Theory & Global Order,Sociology & History
Plymouth,BSc (hons) international relations,https://www.plymouth.ac.uk/courses/undergraduate/bsc-international-relations,Year 1,PIR4006 One Planet? Society and Sustainability,20,core,Environment & Sustainability,
Plymouth,BSc (hons) international relations,https://www.plymouth.ac.uk/courses/undergraduate/bsc-international-relations,Year 1,PIR4007 Theories of International Relations,20,core,IR Theory & Global Order,
Plymouth,BSc (hons) international relations,https://www.plymouth.ac.uk/courses/undergraduate/bsc-international-relations,Year 2,PIR5002 Global Governance and the United Nations,20,core,IR Theory & Global Order,Diplomacy & Foreign Policy
Plymouth,BSc (hons) international relations,https://www.plymouth.ac.uk/courses/undergraduate/bsc-international-relations,Year 2,PIR5007 Global Political Economy,20,core,International Political Economy,
Plymouth,BSc (hons) international relations,https://www.plymouth.ac.uk/courses/undergraduate/bsc-international-relations,Year 2,PIR5008 International Security Studies,20,core,Security & Conflict,
Plymouth,BSc (hons) international relations,https://www.plymouth.ac.uk/courses/undergraduate/bsc-international-relations,Year 2,PIR5009MX Refugee Studies,20,optional,Human Rights & Humanitarianism,
Plymouth,BSc (hons) international relations,https://www.plymouth.ac.uk/courses/undergraduate/bsc-international-relations,Year 2,PIR6000 Dissertation in Politics and International Relations,40,core,Research Methods & Dissertation,
Plymouth,BSc (hons) international relations,https://www.plymouth.ac.uk/courses/undergraduate/bsc-international-relations,Year 2,PIR6001 Work Based Learning in Politics or International Relations,20,optional,"Skills, Placement & Employability",
Plymouth,BSc (hons) international relations,https://www.plymouth.ac.uk/courses/undergraduate/bsc-international-relations,Year 2,PIR6002 NATO after the Cold War and Beyond,20,optional,Security & Conflict,Diplomacy & Foreign Policy
Plymouth,BSc (hons) international relations,https://www.plymouth.ac.uk/courses/undergraduate/bsc-international-relations,Year 2,PIR6006 The Politics of the United States,20,optional,Regional & Area Studies,
Plymouth,BSc (hons) international relations,https://www.plymouth.ac.uk/courses/undergraduate/bsc-international-relations,Year 2,PIR6010 The Politics and International Relations of the Middle East,20,optional,Regional & Area Studies,
Plymouth,BSc (hons) international relations,https://www.plymouth.ac.uk/courses/undergraduate/bsc-international-relations,Year 2,ANT6008MX Coastal Cultures,20,optional,Sociology & History,
Plymouth,BSc (hons) international relations,https://www.plymouth.ac.uk/courses/undergraduate/bsc-international-relations,Year 2,"ENG5010MX Writing Creative Nonfiction: Autobiography, Travel Writing, Reportage",20,optional,"Media, Communication & Culture",
Plymouth,BSc (hons) international relations,https://www.plymouth.ac.uk/courses/undergraduate/bsc-international-relations,Year 2,ENG6008MX Features Journalism Workshop,20,optional,"Media, Communication & Culture",
Plymouth,BSc (hons) international relations,https://www.plymouth.ac.uk/courses/undergraduate/bsc-international-relations,Year 2,ENG6005MX American Crime Writing,20,optional,"Media, Communication & Culture",
Plymouth,BSc (hons) international relations,https://www.plymouth.ac.uk/courses/undergraduate/bsc-international-relations,Year 2,HIS5014MX Dunkirk to D Day: The Second World War in Europe,20,optional,Sociology & History,Security & Conflict
Plymouth,BSc (hons) international relations,https://www.plymouth.ac.uk/courses/undergraduate/bsc-international-relations,Year 2,"HIS6002MX Piracy and Privateering, c.1560-1816",20,optional,Sociology & History,
Plymouth,BSc (hons) international relations,https://www.plymouth.ac.uk/courses/undergraduate/bsc-international-relations,Year 2,CRM6011MX Security Management,20,optional,Security & Conflict,
Plymouth,BSc (hons) international relations,https://www.plymouth.ac.uk/courses/undergraduate/bsc-international-relations,Year 2,SOC5005MX Globalisation and Social Justice,20,optional,Sociology & History,International Political Economy
Plymouth,BSc (hons) international relations,https://www.plymouth.ac.uk/courses/undergraduate/bsc-international-relations,Year 2,"SOC6004MX Health, Medical Power and Social Justice",20,optional,Sociology & History,
Plymouth,BSc (hons) international relations,https://www.plymouth.ac.uk/courses/undergraduate/bsc-international-relations,Year 2,CRM6011MX Security Management,20,optional,Security & Conflict,
Plymouth,BSc (hons) international relations,https://www.plymouth.ac.uk/courses/undergraduate/bsc-international-relations,Year 2,PIR5013MX Politics Beyond Parliaments,20,optional,Comparative & British Politics,
Plymouth,BSc (hons) international relations,https://www.plymouth.ac.uk/courses/undergraduate/bsc-international-relations,Year 2,PIR6008MX Voter Behaviour and Effective Election Campaigning,20,optional,Comparative & British Politics,
Plymouth,BSc (hons) international relations,https://www.plymouth.ac.uk/courses/undergraduate/bsc-international-relations,Year 2,PIR5009MX Refugee Studies,20,optional,Human Rights & Humanitarianism,
Plymouth,BSc (hons) politics & international relations,https://www.plymouth.ac.uk/courses/undergraduate/bsc-politics-and-international-relations,Year 1,PIR4001 Democracy and Democratization,20,core,Comparative & British Politics,
Plymouth,BSc (hons) politics & international relations,https://www.plymouth.ac.uk/courses/undergraduate/bsc-politics-and-international-relations,Year 1,PIR4002 Discovering World Politics,20,core,IR Theory & Global Order,
Plymouth,BSc (hons) politics & international relations,https://www.plymouth.ac.uk/courses/undergraduate/bsc-politics-and-international-relations,Year 1,PIR4004 Comparative Democracies,20,core,Comparative & British Politics,
Plymouth,BSc (hons) politics & international relations,https://www.plymouth.ac.uk/courses/undergraduate/bsc-politics-and-international-relations,Year 1,PIR4005 International Relations Since 1945,20,core,IR Theory & Global Order,Sociology & History
Plymouth,BSc (hons) politics & international relations,https://www.plymouth.ac.uk/courses/undergraduate/bsc-politics-and-international-relations,Year 1,PIR4006 One Planet? Society and Sustainability,20,core,Environment & Sustainability,
Plymouth,BSc (hons) politics & international relations,https://www.plymouth.ac.uk/courses/undergraduate/bsc-politics-and-international-relations,Year 1,PIR4007 Theories of International Relations,20,core,IR Theory & Global Order,
Plymouth,BSc (hons) politics & international relations,https://www.plymouth.ac.uk/courses/undergraduate/bsc-politics-and-international-relations,Year 2,PIR5002 Global Governance and the United Nations,20,optional,IR Theory & Global Order,Diplomacy & Foreign Policy
Plymouth,BSc (hons) politics & international relations,https://www.plymouth.ac.uk/courses/undergraduate/bsc-politics-and-international-relations,Year 2,PIR5005 Democracy in the UK: An Introduction to British Politics,20,optional,Comparative & British Politics,
Plymouth,BSc (hons) politics & international relations,https://www.plymouth.ac.uk/courses/undergraduate/bsc-politics-and-international-relations,Year 2,PIR5007 Global Political Economy,20,optional,International Political Economy,
Plymouth,BSc (hons) politics & international relations,https://www.plymouth.ac.uk/courses/undergraduate/bsc-politics-and-international-relations,Year 2,PIR5008 International Security Studies,20,optional,Security & Conflict,
Plymouth,BSc (hons) politics & international relations,https://www.plymouth.ac.uk/courses/undergraduate/bsc-politics-and-international-relations,Year 2,PIR5009MX Refugee Studies,20,optional,Human Rights & Humanitarianism,
Plymouth,BSc (hons) politics & international relations,https://www.plymouth.ac.uk/courses/undergraduate/bsc-politics-and-international-relations,Year 2,PIR5013MX Politics Beyond Parliaments,20,optional,Comparative & British Politics,
Plymouth,BSc (hons) politics & international relations,https://www.plymouth.ac.uk/courses/undergraduate/bsc-politics-and-international-relations,Year 2,PIR6000 Dissertation in Politics and International Relations,40,core,Research Methods & Dissertation,
Plymouth,BSc (hons) politics & international relations,https://www.plymouth.ac.uk/courses/undergraduate/bsc-politics-and-international-relations,Year 2,PIR6001 Work Based Learning in Politics or International Relations,20,optional,"Skills, Placement & Employability",
Plymouth,BSc (hons) politics & international relations,https://www.plymouth.ac.uk/courses/undergraduate/bsc-politics-and-international-relations,Year 2,PIR6002 NATO after the Cold War and Beyond,20,optional,Security & Conflict,Diplomacy & Foreign Policy
Plymouth,BSc (hons) politics & international relations,https://www.plymouth.ac.uk/courses/undergraduate/bsc-politics-and-international-relations,Year 2,PIR6006 The Politics of the United States,20,optional,Regional & Area Studies,
Plymouth,BSc (hons) politics & international relations,https://www.plymouth.ac.uk/courses/undergraduate/bsc-politics-and-international-relations,Year 2,PIR6010 The Politics and International Relations of the Middle East,20,optional,Regional & Area Studies,
Plymouth,BSc (hons) politics & international relations,https://www.plymouth.ac.uk/courses/undergraduate/bsc-politics-and-international-relations,Year 2,PIR6008MX Voter Behaviour and Effective Election Campaigning,20,optional,Comparative & British Politics,
Plymouth,BSc (hons) politics & international relations,https://www.plymouth.ac.uk/courses/undergraduate/bsc-politics-and-international-relations,Year 2,ANT6008MX Coastal Cultures,20,optional,Sociology & History,
Plymouth,BSc (hons) politics & international relations,https://www.plymouth.ac.uk/courses/undergraduate/bsc-politics-and-international-relations,Year 2,"ENG5010MX Writing Creative Nonfiction: Autobiography, Travel Writing, Reportage",20,optional,"Media, Communication & Culture",
Plymouth,BSc (hons) politics & international relations,https://www.plymouth.ac.uk/courses/undergraduate/bsc-politics-and-international-relations,Year 2,ENG6008MX Features Journalism Workshop,20,optional,"Media, Communication & Culture",
Plymouth,BSc (hons) politics & international relations,https://www.plymouth.ac.uk/courses/undergraduate/bsc-politics-and-international-relations,Year 2,ENG6005MX American Crime Writing,20,optional,"Media, Communication & Culture",
Plymouth,BSc (hons) politics & international relations,https://www.plymouth.ac.uk/courses/undergraduate/bsc-politics-and-international-relations,Year 2,HIS5014MX Dunkirk to D Day: The Second World War in Europe,20,optional,Sociology & History,Security & Conflict
Plymouth,BSc (hons) politics & international relations,https://www.plymouth.ac.uk/courses/undergraduate/bsc-politics-and-international-relations,Year 2,"HIS6002MX Piracy and Privateering, c.1560-1816",20,optional,Sociology & History,
Plymouth,BSc (hons) politics & international relations,https://www.plymouth.ac.uk/courses/undergraduate/bsc-politics-and-international-relations,Year 2,CRM6011MX Security Management,20,optional,Security & Conflict,
Plymouth,BSc (hons) politics & international relations,https://www.plymouth.ac.uk/courses/undergraduate/bsc-politics-and-international-relations,Year 2,SOC5005MX Globalisation and Social Justice,20,optional,Sociology & History,International Political Economy
Plymouth,BSc (hons) politics & international relations,https://www.plymouth.ac.uk/courses/undergraduate/bsc-politics-and-international-relations,Year 2,"SOC6004MX Health, Medical Power and Social Justice",20,optional,Sociology & History,
Plymouth,BSc (hons) politics & international relations,https://www.plymouth.ac.uk/courses/undergraduate/bsc-politics-and-international-relations,Year 2,CRM6011MX Security Management,20,optional,Security & Conflict,
Royal Holloway,BA (hons) international relations,https://www.royalholloway.ac.uk/studying-here/undergraduate/politics-and-international-relations/international-relations/,Year 3,The Politics of Africa,,,Regional & Area Studies,
Royal Holloway,BA (hons) international relations,https://www.royalholloway.ac.uk/studying-here/undergraduate/politics-and-international-relations/international-relations/,Year 3,American Political Development,,,Regional & Area Studies,
Royal Holloway,BA (hons) international relations,https://www.royalholloway.ac.uk/studying-here/undergraduate/politics-and-international-relations/international-relations/,Year 3,Defence and Security Governance,,,Security & Conflict,
Royal Holloway,BA (hons) politics,https://www.royalholloway.ac.uk/studying-here/undergraduate/politics-and-international-relations/politics/,Year 3,The Politics of Africa,,,Regional & Area Studies,
Royal Holloway,BA (hons) politics,https://www.royalholloway.ac.uk/studying-here/undergraduate/politics-and-international-relations/politics/,Year 3,American Political Development,,,Regional & Area Studies,
Royal Holloway,BA (hons) politics,https://www.royalholloway.ac.uk/studying-here/undergraduate/politics-and-international-relations/politics/,Year 3,Defence and Security Governance,,,Security & Conflict,
Royal Holloway,BA (hons) politics & international relations,https://www.royalholloway.ac.uk/studying-here/undergraduate/politics-and-international-relations/politics-and-international-relations/,Year 3,The Politics of Africa,,,Regional & Area Studies,
Royal Holloway,BA (hons) politics & international relations,https://www.royalholloway.ac.uk/studying-here/undergraduate/politics-and-international-relations/politics-and-international-relations/,Year 3,American Political Development,,,Regional & Area Studies,
Royal Holloway,BA (hons) politics & international relations,https://www.royalholloway.ac.uk/studying-here/undergraduate/politics-and-international-relations/politics-and-international-relations/,Year 3,Defence and Security Governance,,,Security & Conflict,
Royal Holloway,"BA (hons) politics, international relations",https://www.royalholloway.ac.uk/studying-here/undergraduate/politics-and-international-relations/politics-international-relations-and-modern-languages-french/,Year 4,American Political Development,,,Regional & Area Studies,
Royal Holloway,"BA (hons) politics, international relations",https://www.royalholloway.ac.uk/studying-here/undergraduate/politics-and-international-relations/politics-international-relations-and-modern-languages-french/,Year 4,Text and Image in France,,,Language & Area Language Modules,"Media, Communication & Culture"
Royal Holloway,"BA (hons) politics, international relations",https://www.royalholloway.ac.uk/studying-here/undergraduate/politics-and-international-relations/politics-international-relations-and-modern-languages-french/,Year 4,Blindness and Vision in French Culture,,,"Media, Communication & Culture",
Royal Holloway,LLB (hons) law with international relations,https://www.royalholloway.ac.uk/studying-here/undergraduate/law/law-with-international-relations/,Year 3,Law Dissertation,,,Law,Research Methods & Dissertation
Royal Holloway,LLB (hons) law with international relations,https://www.royalholloway.ac.uk/studying-here/undergraduate/law/law-with-international-relations/,Year 3,Company Law,,,Law,
Royal Holloway,LLB (hons) law with international relations,https://www.royalholloway.ac.uk/studying-here/undergraduate/law/law-with-international-relations/,Year 3,Medical Law,,,Law,
Royal Holloway,LLB (hons) law with international relations,https://www.royalholloway.ac.uk/studying-here/undergraduate/law/law-with-international-relations/,Year 3,Advocacy and Court Practice,,,Law,
Royal Holloway,LLB (hons) law with international relations,https://www.royalholloway.ac.uk/studying-here/undergraduate/law/law-with-international-relations/,Year 3,Law of Evidence,,,Law,
Royal Holloway,LLB (hons) law with international relations,https://www.royalholloway.ac.uk/studying-here/undergraduate/law/law-with-international-relations/,Year 3,International and Comparative Human Rights Law,,,Law,Human Rights & Humanitarianism
Royal Holloway,LLB (hons) law with international relations,https://www.royalholloway.ac.uk/studying-here/undergraduate/law/law-with-international-relations/,Year 3,Public International Law,,,Law,
Royal Holloway,LLB (hons) law with international relations,https://www.royalholloway.ac.uk/studying-here/undergraduate/law/law-with-international-relations/,Year 3,Family Law,,,Law,
Royal Holloway,LLB (hons) law with international relations,https://www.royalholloway.ac.uk/studying-here/undergraduate/law/law-with-international-relations/,Year 3,Jurisprudence,,,Law,Political Theory & Philosophy
Royal Holloway,LLB (hons) law with international relations,https://www.royalholloway.ac.uk/studying-here/undergraduate/law/law-with-international-relations/,Year 3,Intellectual Property Law,,,Law,
Royal Holloway,LLB (hons) law with international relations,https://www.royalholloway.ac.uk/studying-here/undergraduate/law/law-with-international-relations/,Year 3,The Politics of Africa,,,Regional & Area Studies,
Royal Holloway,LLB (hons) law with international relations,https://www.royalholloway.ac.uk/studying-here/undergraduate/law/law-with-international-relations/,Year 3,Defence in the Post-Cold War World,,,Security & Conflict,
Royal Holloway,LLB (hons) law with international relations,https://www.royalholloway.ac.uk/studying-here/undergraduate/law/law-with-international-relations/,Year 3,Understanding China's Rise: Domestic Politics and Foreign Policy,,,Regional & Area Studies,Diplomacy & Foreign Policy
Royal Holloway,LLB (hons) law with international relations,https://www.royalholloway.ac.uk/studying-here/undergraduate/law/law-with-international-relations/,Year 3,Refugees and Migration in World Politics,,,Human Rights & Humanitarianism,
Royal Holloway,LLB (hons) law with international relations with a year in industry,https://www.royalholloway.ac.uk/studying-here/undergraduate/law/law-with-international-relations-with-a-year-in-industry/,Year 4,Law Dissertation,,,Law,Research Methods & Dissertation
Royal Holloway,LLB (hons) law with international relations with a year in industry,https://www.royalholloway.ac.uk/studying-here/undergraduate/law/law-with-international-relations-with-a-year-in-industry/,Year 4,Company Law,,,Law,
Royal Holloway,LLB (hons) law with international relations with a year in industry,https://www.royalholloway.ac.uk/studying-here/undergraduate/law/law-with-international-relations-with-a-year-in-industry/,Year 4,Medical Law,,,Law,
Royal Holloway,LLB (hons) law with international relations with a year in industry,https://www.royalholloway.ac.uk/studying-here/undergraduate/law/law-with-international-relations-with-a-year-in-industry/,Year 4,Advocacy and Court Practice,,,Law,
Royal Holloway,LLB (hons) law with international relations with a year in industry,https://www.royalholloway.ac.uk/studying-here/undergraduate/law/law-with-international-relations-with-a-year-in-industry/,Year 4,Law of Evidence,,,Law,
Royal Holloway,LLB (hons) law with international relations with a year in industry,https://www.royalholloway.ac.uk/studying-here/undergraduate/law/law-with-international-relations-with-a-year-in-industry/,Year 4,International and Comparative Human Rights Law,,,Law,Human Rights & Humanitarianism
Royal Holloway,LLB (hons) law with international relations with a year in industry,https://www.royalholloway.ac.uk/studying-here/undergraduate/law/law-with-international-relations-with-a-year-in-industry/,Year 4,Public International Law,,,Law,
Royal Holloway,LLB (hons) law with international relations with a year in industry,https://www.royalholloway.ac.uk/studying-here/undergraduate/law/law-with-international-relations-with-a-year-in-industry/,Year 4,Family Law,,,Law,
Royal Holloway,LLB (hons) law with international relations with a year in industry,https://www.royalholloway.ac.uk/studying-here/undergraduate/law/law-with-international-relations-with-a-year-in-industry/,Year 4,Jurisprudence,,,Law,Political Theory & Philosophy
Royal Holloway,LLB (hons) law with international relations with a year in industry,https://www.royalholloway.ac.uk/studying-here/undergraduate/law/law-with-international-relations-with-a-year-in-industry/,Year 4,Intellectual Property Law,,,Law,
Royal Holloway,LLB (hons) law with international relations with a year in industry,https://www.royalholloway.ac.uk/studying-here/undergraduate/law/law-with-international-relations-with-a-year-in-industry/,Year 4,The Politics of Africa,,,Regional & Area Studies,
Royal Holloway,LLB (hons) law with international relations with a year in industry,https://www.royalholloway.ac.uk/studying-here/undergraduate/law/law-with-international-relations-with-a-year-in-industry/,Year 4,Defence in the Post-Cold War World,,,Security & Conflict,
Royal Holloway,LLB (hons) law with international relations with a year in industry,https://www.royalholloway.ac.uk/studying-here/undergraduate/law/law-with-international-relations-with-a-year-in-industry/,Year 4,Understanding China's Rise: Domestic Politics and Foreign Policy,,,Regional & Area Studies,Diplomacy & Foreign Policy
Royal Holloway,LLB (hons) law with international relations with a year in industry,https://www.royalholloway.ac.uk/studying-here/undergraduate/law/law-with-international-relations-with-a-year-in-industry/,Year 4,Refugees and Migration in World Politics,,,Human Rights & Humanitarianism,
SOAS,BA (hons) international relations,https://www.soas.ac.uk/study/find-course/ba-international-relations,Year 1,Introduction to Global History 1,15,,Sociology & History,
SOAS,BA (hons) international relations,https://www.soas.ac.uk/study/find-course/ba-international-relations,Year 1,Introduction to Global History 2,15,,Sociology & History,
SOAS,BA (hons) international relations,https://www.soas.ac.uk/study/find-course/ba-international-relations,Year 1,Introduction to International Relations I,15,,IR Theory & Global Order,
SOAS,BA (hons) international relations,https://www.soas.ac.uk/study/find-course/ba-international-relations,Year 1,Introduction to International Relations II,15,,IR Theory & Global Order,
SOAS,BA (hons) international relations,https://www.soas.ac.uk/study/find-course/ba-international-relations,Year 1,Introduction to Political Analysis I,15,,Political Theory & Philosophy,
SOAS,BA (hons) international relations,https://www.soas.ac.uk/study/find-course/ba-international-relations,Year 1,Introduction to Political Analysis II,15,,Political Theory & Philosophy,
SOAS,BA (hons) international relations,https://www.soas.ac.uk/study/find-course/ba-international-relations,Year 1,Introduction to Comparative Politics I,15,,Comparative & British Politics,
SOAS,BA (hons) international relations,https://www.soas.ac.uk/study/find-course/ba-international-relations,Year 1,Introduction to Comparative Politics II,15,,Comparative & British Politics,
SOAS,BA (hons) international relations,https://www.soas.ac.uk/study/find-course/ba-international-relations,Year 1,Introduction to Political Economy 1,15,,International Political Economy,
SOAS,BA (hons) international relations,https://www.soas.ac.uk/study/find-course/ba-international-relations,Year 1,Introduction to Political Economy 2,15,,International Political Economy,
SOAS,BA (hons) international relations,https://www.soas.ac.uk/study/find-course/ba-international-relations,Year 1,Introduction to Political Theory 1,15,,Political Theory & Philosophy,
SOAS,BA (hons) international relations,https://www.soas.ac.uk/study/find-course/ba-international-relations,Year 1,Introduction to Political Theory 2,15,,Political Theory & Philosophy,
SOAS,BA (hons) international relations,https://www.soas.ac.uk/study/find-course/ba-international-relations,Year 2,Introduction to Research Methods,15,,Research Methods & Dissertation,
SOAS,BA (hons) international relations,https://www.soas.ac.uk/study/find-course/ba-international-relations,Year 2,International Institutions and World Politics,15,,IR Theory & Global Order,Diplomacy & Foreign Policy
SOAS,BA (hons) international relations,https://www.soas.ac.uk/study/find-course/ba-international-relations,Year 2,Politics of the World Economy,15,,International Political Economy,
SOAS,BA (hons) international relations,https://www.soas.ac.uk/study/find-course/ba-international-relations,Year 2,Postcolonial Theory,15,,Political Theory & Philosophy,IR Theory & Global Order
SOAS,BA (hons) international relations,https://www.soas.ac.uk/study/find-course/ba-international-relations,Year 2,Religion and World Politics,15,,IR Theory & Global Order,
SOAS,BA (hons) international relations,https://www.soas.ac.uk/study/find-course/ba-international-relations,Year 2,War and the International,15,,Security & Conflict,
SOAS,BA (hons) international relations,https://www.soas.ac.uk/study/find-course/ba-international-relations,Year 2,International Relations of South Asia,15,,Regional & Area Studies,
SOAS,BA (hons) international relations,https://www.soas.ac.uk/study/find-course/ba-international-relations,Year 2,Globalising East Asia,15,,Regional & Area Studies,IR Theory & Global Order
SOAS,BA (hons) international relations,https://www.soas.ac.uk/study/find-course/ba-international-relations,Year 2,International Relations of East Asia,15,,Regional & Area Studies,
SOAS,BA (hons) international relations,https://www.soas.ac.uk/study/find-course/ba-international-relations,Year 2,International Relations of Africa 1,15,,Regional & Area Studies,
SOAS,BA (hons) international relations,https://www.soas.ac.uk/study/find-course/ba-international-relations,Year 2,International Relations of Africa 2,15,,Regional & Area Studies,
SOAS,BA (hons) international relations,https://www.soas.ac.uk/study/find-course/ba-international-relations,Year 2,International Relations of the Middle East 1,15,,Regional & Area Studies,
SOAS,BA (hons) international relations,https://www.soas.ac.uk/study/find-course/ba-international-relations,Year 2,International Relations of the Middle East 2,15,,Regional & Area Studies,
SOAS,BA (hons) international relations,https://www.soas.ac.uk/study/find-course/ba-international-relations,Year 2,Government and Politics of Southeast Asia I,15,,Regional & Area Studies,
SOAS,BA (hons) international relations,https://www.soas.ac.uk/study/find-course/ba-international-relations,Year 2,Government and Politics of Southeast Asia II,15,,Regional & Area Studies,
SOAS,BA (hons) international relations,https://www.soas.ac.uk/study/find-course/ba-international-relations,Year 2,Politics of Development,15,,International Political Economy,
SOAS,BA (hons) international relations,https://www.soas.ac.uk/study/find-course/ba-international-relations,Year 2,Politics of Nationalism,15,,"Gender, Identity & Society",
SOAS,BA (hons) international relations,https://www.soas.ac.uk/study/find-course/ba-international-relations,Year 2,Concepts in Political Theory,15,,Political Theory & Philosophy,
SOAS,BA (hons) international relations,https://www.soas.ac.uk/study/find-course/ba-international-relations,Year 3,Globalisation and Global Governance,15,,IR Theory & Global Order,
SOAS,BA (hons) international relations,https://www.soas.ac.uk/study/find-course/ba-international-relations,Year 3,The Politics of Global Migration,15,,Human Rights & Humanitarianism,
SOAS,BA (hons) international relations,https://www.soas.ac.uk/study/find-course/ba-international-relations,Year 3,Critical Security Studies,15,,Security & Conflict,
SOAS,BA (hons) international relations,https://www.soas.ac.uk/study/find-course/ba-international-relations,Year 3,Decolonising World Politics,15,,IR Theory & Global Order,
SOAS,BA (hons) international relations,https://www.soas.ac.uk/study/find-course/ba-international-relations,Year 3,Foreign Policy Analysis,15,,Diplomacy & Foreign Policy,
SOAS,BA (hons) international relations,https://www.soas.ac.uk/study/find-course/ba-international-relations,Year 3,Politics of Gender,15,,"Gender, Identity & Society",
SOAS,BA (hons) international relations,https://www.soas.ac.uk/study/find-course/ba-international-relations,Year 3,Politics of Culture,15,,"Media, Communication & Culture",
SOAS,BA (hons) international relations,https://www.soas.ac.uk/study/find-course/ba-international-relations,Year 3,Palestine/Israel and the International,15,,Regional & Area Studies,Security & Conflict
SOAS,BA (hons) international relations,https://www.soas.ac.uk/study/find-course/ba-international-relations,Year 3,"Republicanism, Empire and Revolution",15,,Political Theory & Philosophy,Sociology & History
SOAS,BA (hons) international relations,https://www.soas.ac.uk/study/find-course/ba-international-relations,Year 3,Taiwan's International and Cross-Strait Relations,15,,Regional & Area Studies,Diplomacy & Foreign Policy
SOAS,BA (hons) international relations,https://www.soas.ac.uk/study/find-course/ba-international-relations,Year 3,Final Year Project in Politics and International Relations,30,,Research Methods & Dissertation,
SOAS,BA (hons) international relations,https://www.soas.ac.uk/study/find-course/ba-international-relations,Year 3,Islam and Democracy,15,,Comparative & British Politics,Regional & Area Studies
SOAS,BA (hons) international relations,https://www.soas.ac.uk/study/find-course/ba-international-relations,Year 3,"Conflict, Rights and Justice",15,,Security & Conflict,Human Rights & Humanitarianism
SOAS,BA (hons) international relations,https://www.soas.ac.uk/study/find-course/ba-international-relations,Year 3,Mastering Nature: The Politics of Science and Technology in the Global South,15,,Environment & Sustainability,International Political Economy
SOAS,BA (hons) politics,https://www.soas.ac.uk/study/find-course/ba-politics,Year 1,Introduction to Comparative Politics I,15,,Comparative & British Politics,
SOAS,BA (hons) politics,https://www.soas.ac.uk/study/find-course/ba-politics,Year 1,Introduction to Comparative Politics II,15,,Comparative & British Politics,
SOAS,BA (hons) politics,https://www.soas.ac.uk/study/find-course/ba-politics,Year 1,Introduction to Political Analysis I,15,,Political Theory & Philosophy,
SOAS,BA (hons) politics,https://www.soas.ac.uk/study/find-course/ba-politics,Year 1,Introduction to Political Analysis II,15,,Political Theory & Philosophy,
SOAS,BA (hons) politics,https://www.soas.ac.uk/study/find-course/ba-politics,Year 1,Introduction to Political Theory 1,15,,Political Theory & Philosophy,
SOAS,BA (hons) politics,https://www.soas.ac.uk/study/find-course/ba-politics,Year 1,Introduction to Political Theory 2,15,,Political Theory & Philosophy,
SOAS,BA (hons) politics,https://www.soas.ac.uk/study/find-course/ba-politics,Year 1,Introduction to Global History 1,15,,Sociology & History,
SOAS,BA (hons) politics,https://www.soas.ac.uk/study/find-course/ba-politics,Year 1,Introduction to Global History 2,15,,Sociology & History,
SOAS,BA (hons) politics,https://www.soas.ac.uk/study/find-course/ba-politics,Year 1,Introduction to International Relations I,15,,IR Theory & Global Order,
SOAS,BA (hons) politics,https://www.soas.ac.uk/study/find-course/ba-politics,Year 1,Introduction to International Relations II,15,,IR Theory & Global Order,
SOAS,BA (hons) politics,https://www.soas.ac.uk/study/find-course/ba-politics,Year 1,Introduction to Political Economy 1,15,,International Political Economy,
SOAS,BA (hons) politics,https://www.soas.ac.uk/study/find-course/ba-politics,Year 1,Introduction to Political Economy 2,15,,International Political Economy,
SOAS,BA (hons) politics,https://www.soas.ac.uk/study/find-course/ba-politics,Year 2,Introduction to Research Methods,15,,Research Methods & Dissertation,
SOAS,BA (hons) politics,https://www.soas.ac.uk/study/find-course/ba-politics,Year 2,Politics of the World Economy,15,,International Political Economy,
SOAS,BA (hons) politics,https://www.soas.ac.uk/study/find-course/ba-politics,Year 2,Postcolonial Theory,15,,Political Theory & Philosophy,IR Theory & Global Order
SOAS,BA (hons) politics,https://www.soas.ac.uk/study/find-course/ba-politics,Year 2,Religion and World Politics,15,,IR Theory & Global Order,
SOAS,BA (hons) politics,https://www.soas.ac.uk/study/find-course/ba-politics,Year 2,War and the International,15,,Security & Conflict,
SOAS,BA (hons) politics,https://www.soas.ac.uk/study/find-course/ba-politics,Year 2,"H337 The Politics of Partition, India/Pakistan",15,,Regional & Area Studies,Sociology & History
SOAS,BA (hons) politics,https://www.soas.ac.uk/study/find-course/ba-politics,Year 2,"H380 Racial Domination, Resistance, and Apartheid",15,,"Gender, Identity & Society",Sociology & History
SOAS,BA (hons) politics,https://www.soas.ac.uk/study/find-course/ba-politics,Year 2,H443 How to Stage a Revolution in the Middle East,15,,Regional & Area Studies,Security & Conflict
SOAS,BA (hons) politics,https://www.soas.ac.uk/study/find-course/ba-politics,Year 2,Politics of Development,15,,International Political Economy,
SOAS,BA (hons) politics,https://www.soas.ac.uk/study/find-course/ba-politics,Year 2,Politics of Nationalism,15,,"Gender, Identity & Society",
SOAS,BA (hons) politics,https://www.soas.ac.uk/study/find-course/ba-politics,Year 2,Concepts in Political Theory,15,,Political Theory & Philosophy,
SOAS,BA (hons) politics,https://www.soas.ac.uk/study/find-course/ba-politics,Year 2,Political Parties and Elections,15,,Comparative & British Politics,
SOAS,BA (hons) politics,https://www.soas.ac.uk/study/find-course/ba-politics,Year 2,The State and Politics in Africa,15,,Regional & Area Studies,
SOAS,BA (hons) politics,https://www.soas.ac.uk/study/find-course/ba-politics,Year 2,Democracy and Authoritarianism in India,15,,Regional & Area Studies,Comparative & British Politics
SOAS,BA (hons) politics,https://www.soas.ac.uk/study/find-course/ba-politics,Year 2,Government and Politics of China I,15,,Regional & Area Studies,
SOAS,BA (hons) politics,https://www.soas.ac.uk/study/find-course/ba-politics,Year 2,Government and Politics of China II,15,,Regional & Area Studies,
SOAS,BA (hons) politics,https://www.soas.ac.uk/study/find-course/ba-politics,Year 2,Government and Politics of the Middle East I,15,,Regional & Area Studies,
SOAS,BA (hons) politics,https://www.soas.ac.uk/study/find-course/ba-politics,Year 2,Government and Politics of the Middle East II,15,,Regional & Area Studies,
SOAS,BA (hons) politics,https://www.soas.ac.uk/study/find-course/ba-politics,Year 2,Government and Politics of Southeast Asia I,15,,Regional & Area Studies,
SOAS,BA (hons) politics,https://www.soas.ac.uk/study/find-course/ba-politics,Year 2,Government and Politics of Southeast Asia II,15,,Regional & Area Studies,
SOAS,BA (hons) politics,https://www.soas.ac.uk/study/find-course/ba-politics,Year 3,Politics of Gender,15,,"Gender, Identity & Society",
SOAS,BA (hons) politics,https://www.soas.ac.uk/study/find-course/ba-politics,Year 3,Politics of Culture,15,,"Media, Communication & Culture",
SOAS,BA (hons) politics,https://www.soas.ac.uk/study/find-course/ba-politics,Year 3,"Conflict, Rights and Justice",15,,Security & Conflict,Human Rights & Humanitarianism
SOAS,BA (hons) politics,https://www.soas.ac.uk/study/find-course/ba-politics,Year 3,Globalisation and Global Governance,15,,IR Theory & Global Order,
SOAS,BA (hons) politics,https://www.soas.ac.uk/study/find-course/ba-politics,Year 3,Critical Security Studies,15,,Security & Conflict,
SOAS,BA (hons) politics,https://www.soas.ac.uk/study/find-course/ba-politics,Year 3,"Elections, Gender and Social Movements in Taiwan",15,,Regional & Area Studies,"Gender, Identity & Society"
SOAS,BA (hons) politics,https://www.soas.ac.uk/study/find-course/ba-politics,Year 3,"Republicanism, Empire and Revolution",15,,Political Theory & Philosophy,Sociology & History
SOAS,BA (hons) politics,https://www.soas.ac.uk/study/find-course/ba-politics,Year 3,Taiwan's International and Cross-Strait Relations,15,,Regional & Area Studies,Diplomacy & Foreign Policy
SOAS,BA (hons) politics,https://www.soas.ac.uk/study/find-course/ba-politics,Year 3,Final Year Project in Politics and International Relations,30,,Research Methods & Dissertation,
SOAS,BA (hons) politics,https://www.soas.ac.uk/study/find-course/ba-politics,Year 3,Islam and Democracy,15,,Comparative & British Politics,Regional & Area Studies
SOAS,BA (hons) politics,https://www.soas.ac.uk/study/find-course/ba-politics,Year 3,Decolonising World Politics,15,,IR Theory & Global Order,
SOAS,BA (hons) politics,https://www.soas.ac.uk/study/find-course/ba-politics,Year 3,Mastering Nature: The Politics of Science and Technology in the Global South,15,,Environment & Sustainability,International Political Economy
SOAS,BA (hons) politics,https://www.soas.ac.uk/study/find-course/ba-politics,Year 3,Political Thought of the Global South,15,,Political Theory & Philosophy,
SOAS,BA (hons) politics,https://www.soas.ac.uk/study/find-course/ba-politics,Year 3,Foreign Policy Analysis,15,,Diplomacy & Foreign Policy,
Southampton,BSc (hons) international relations,https://www.southampton.ac.uk/courses/international-relations-degree-bsc,Year 3,Partisans,,,,
Southampton,BSc (hons) international relations,https://www.southampton.ac.uk/courses/international-relations-degree-bsc,Year 3,Public Opinion and Elections,,,Comparative & British Politics,
Southampton,BSc (hons) international relations,https://www.southampton.ac.uk/courses/international-relations-degree-bsc,Year 3,Politics and Protest,,,Comparative & British Politics,
Southampton,BSc (hons) international relations,https://www.southampton.ac.uk/courses/international-relations-degree-bsc,Year 3,Reinventing Democracy,,,Political Theory & Philosophy,
Southampton,BSc (hons) international relations,https://www.southampton.ac.uk/courses/international-relations-degree-bsc,Year 3,Politics and Governance of the EU,,,Regional & Area Studies,
Southampton,BSc (hons) politics,https://www.southampton.ac.uk/courses/politics-degree-bsc,Year 3,Partisans,,,,
Southampton,BSc (hons) politics,https://www.southampton.ac.uk/courses/politics-degree-bsc,Year 3,Public Opinion and Elections,,,Comparative & British Politics,
Southampton,BSc (hons) politics,https://www.southampton.ac.uk/courses/politics-degree-bsc,Year 3,Politics and Protest,,,Comparative & British Politics,
Southampton,BSc (hons) politics,https://www.southampton.ac.uk/courses/politics-degree-bsc,Year 3,Reinventing Democracy,,,Political Theory & Philosophy,
Southampton,BSc (hons) politics,https://www.southampton.ac.uk/courses/politics-degree-bsc,Year 3,Politics and Governance of the EU,,,Regional & Area Studies,
Southampton,BSc (hons) politics & international relations,https://www.southampton.ac.uk/courses/politics-international-relations-degree-bsc,Year 3,Partisans,,,,
Southampton,BSc (hons) politics & international relations,https://www.southampton.ac.uk/courses/politics-international-relations-degree-bsc,Year 3,Public Opinion and Elections,,,Comparative & British Politics,
Southampton,BSc (hons) politics & international relations,https://www.southampton.ac.uk/courses/politics-international-relations-degree-bsc,Year 3,Politics and Protest,,,Comparative & British Politics,
Southampton,BSc (hons) politics & international relations,https://www.southampton.ac.uk/courses/politics-international-relations-degree-bsc,Year 3,Reinventing Democracy,,,Political Theory & Philosophy,
Southampton,BSc (hons) politics & international relations,https://www.southampton.ac.uk/courses/politics-international-relations-degree-bsc,Year 3,Politics and Governance of the EU,,,Regional & Area Studies,
Westminster,BA (hons) international relations,http://www.westminster.ac.uk/international-relations-ba,Year 1,"Doing Politics: Participation, Campaigning, and Change",,core,Comparative & British Politics,
Westminster,BA (hons) international relations,http://www.westminster.ac.uk/international-relations-ba,Year 1,Introduction to Development: Understanding Global Inequalities,,core,International Political Economy,
Westminster,BA (hons) international relations,http://www.westminster.ac.uk/international-relations-ba,Year 1,Introduction to International Relations,,core,IR Theory & Global Order,
Westminster,BA (hons) international relations,http://www.westminster.ac.uk/international-relations-ba,Year 1,Sites and Spaces of International (dis)order,,core,IR Theory & Global Order,
Westminster,BA (hons) international relations,http://www.westminster.ac.uk/international-relations-ba,Year 1,"Thinking Politics: Concepts, Ideas and Ideologies",,core,Political Theory & Philosophy,
Westminster,BA (hons) international relations,http://www.westminster.ac.uk/international-relations-ba,Year 1,Democracy and Development in Asia and Africa,,optional,Regional & Area Studies,International Political Economy
Westminster,BA (hons) international relations,http://www.westminster.ac.uk/international-relations-ba,Year 1,Feminist Political Thought,,optional,Political Theory & Philosophy,"Gender, Identity & Society"
Westminster,BA (hons) international relations,http://www.westminster.ac.uk/international-relations-ba,Year 1,Governance and Institutions: From the Local to the Global,,optional,IR Theory & Global Order,Comparative & British Politics
Westminster,BA (hons) international relations,http://www.westminster.ac.uk/international-relations-ba,Year 1,Labour and Migration in the World Economy,,optional,International Political Economy,
Westminster,BA (hons) international relations,http://www.westminster.ac.uk/international-relations-ba,Year 2,Global Security,,core,Security & Conflict,
Westminster,BA (hons) international relations,http://www.westminster.ac.uk/international-relations-ba,Year 2,Mapping Global Change and Decolonial Futures,,core,IR Theory & Global Order,"Gender, Identity & Society"
Westminster,BA (hons) international relations,http://www.westminster.ac.uk/international-relations-ba,Year 2,Political Research and Practice,,core,Research Methods & Dissertation,
Westminster,BA (hons) international relations,http://www.westminster.ac.uk/international-relations-ba,Year 2,Theorising Politics and International Relations,,core,IR Theory & Global Order,
Westminster,BA (hons) international relations,http://www.westminster.ac.uk/international-relations-ba,Year 2,British Politics: Crisis and Possibilities,,optional,Comparative & British Politics,
Westminster,BA (hons) international relations,http://www.westminster.ac.uk/international-relations-ba,Year 2,"Gender, Sexuality and Global Politics",,optional,"Gender, Identity & Society",IR Theory & Global Order
Westminster,BA (hons) international relations,http://www.westminster.ac.uk/international-relations-ba,Year 2,Global Political Economy,,optional,International Political Economy,
Westminster,BA (hons) international relations,http://www.westminster.ac.uk/international-relations-ba,Year 2,Governance in Europe,,optional,Regional & Area Studies,
Westminster,BA (hons) international relations,http://www.westminster.ac.uk/international-relations-ba,Year 2,Humanitarian Intervention and International Relations,,optional,Human Rights & Humanitarianism,Security & Conflict
Westminster,BA (hons) international relations,http://www.westminster.ac.uk/international-relations-ba,Year 2,Rethinking Development and Sustainability,,optional,Environment & Sustainability,International Political Economy
Westminster,BA (hons) international relations,http://www.westminster.ac.uk/international-relations-ba,Year 2,The Politics of Inclusion / Exclusion,,optional,"Gender, Identity & Society",
Westminster,BA (hons) international relations,http://www.westminster.ac.uk/international-relations-ba,Year 3,Dissertation,,core,Research Methods & Dissertation,
Westminster,BA (hons) international relations,http://www.westminster.ac.uk/international-relations-ba,Year 3,"Security, Secrecy and the State: The War on Terror and its Aftermath",,core,Security & Conflict,
Westminster,BA (hons) international relations,http://www.westminster.ac.uk/international-relations-ba,Year 3,"Sovereignty, Indigeneity, Resistance",,core,Political Theory & Philosophy,"Gender, Identity & Society"
Westminster,BA (hons) international relations,http://www.westminster.ac.uk/international-relations-ba,Year 3,Foreign Policy and Diplomacy in a Changing World,,optional,Diplomacy & Foreign Policy,
Westminster,BA (hons) international relations,http://www.westminster.ac.uk/international-relations-ba,Year 3,American Power in a Multi-Polar World,,optional,IR Theory & Global Order,Regional & Area Studies
Westminster,BA (hons) international relations,http://www.westminster.ac.uk/international-relations-ba,Year 3,Politics and Development in the Middle East,,optional,Regional & Area Studies,
Westminster,BA (hons) international relations,http://www.westminster.ac.uk/international-relations-ba,Year 3,The Politics of Protest: Social and Political Movements Today,,optional,Comparative & British Politics,
Westminster,BA (hons) international relations,http://www.westminster.ac.uk/international-relations-ba,Year 3,Policy and Practice,,optional,,
Westminster,BA (hons) international relations,http://www.westminster.ac.uk/international-relations-ba,Year 3,Development Futures,,optional,International Political Economy,
Westminster,BA (hons) international relations,http://www.westminster.ac.uk/international-relations-ba,Year 3,Governing Crisis,,optional,IR Theory & Global Order,
Westminster,BA (hons) politics & international relations,http://www.westminster.ac.uk/politics-and-international-relations-ba,Year 1,"Doing Politics: Participation, Campaigning, and Change",,core,Comparative & British Politics,
Westminster,BA (hons) politics & international relations,http://www.westminster.ac.uk/politics-and-international-relations-ba,Year 1,Introduction to Development: Understanding Global Inequalities,,core,International Political Economy,
Westminster,BA (hons) politics & international relations,http://www.westminster.ac.uk/politics-and-international-relations-ba,Year 1,Introduction to International Relations,,core,IR Theory & Global Order,
Westminster,BA (hons) politics & international relations,http://www.westminster.ac.uk/politics-and-international-relations-ba,Year 1,Sites and Spaces of International (dis)order,,core,IR Theory & Global Order,
Westminster,BA (hons) politics & international relations,http://www.westminster.ac.uk/politics-and-international-relations-ba,Year 1,"Thinking Politics: Concepts, Ideas and Ideologies",,core,Political Theory & Philosophy,
Westminster,BA (hons) politics & international relations,http://www.westminster.ac.uk/politics-and-international-relations-ba,Year 1,Democracy and Development in Asia and Africa,,optional,Regional & Area Studies,International Political Economy
Westminster,BA (hons) politics & international relations,http://www.westminster.ac.uk/politics-and-international-relations-ba,Year 1,Feminist Political Thought,,optional,Political Theory & Philosophy,"Gender, Identity & Society"
Westminster,BA (hons) politics & international relations,http://www.westminster.ac.uk/politics-and-international-relations-ba,Year 1,Governance and Institutions: From the Local to the Global,,optional,IR Theory & Global Order,Comparative & British Politics
Westminster,BA (hons) politics & international relations,http://www.westminster.ac.uk/politics-and-international-relations-ba,Year 1,Labour and Migration in the World Economy,,optional,International Political Economy,
Westminster,BA (hons) politics & international relations,http://www.westminster.ac.uk/politics-and-international-relations-ba,Year 2,Mapping Global Change and Decolonial Futures,,core,IR Theory & Global Order,"Gender, Identity & Society"
Westminster,BA (hons) politics & international relations,http://www.westminster.ac.uk/politics-and-international-relations-ba,Year 2,Political Research and Practice,,core,Research Methods & Dissertation,
Westminster,BA (hons) politics & international relations,http://www.westminster.ac.uk/politics-and-international-relations-ba,Year 2,The Politics of Inclusion / Exclusion,,core,"Gender, Identity & Society",
Westminster,BA (hons) politics & international relations,http://www.westminster.ac.uk/politics-and-international-relations-ba,Year 2,Theorising Politics and International Relations,,core,IR Theory & Global Order,
Westminster,BA (hons) politics & international relations,http://www.westminster.ac.uk/politics-and-international-relations-ba,Year 2,British Politics: Crisis and Possibilities,,optional,Comparative & British Politics,
Westminster,BA (hons) politics & international relations,http://www.westminster.ac.uk/politics-and-international-relations-ba,Year 2,"Gender, Sexuality and Global Politics",,optional,"Gender, Identity & Society",IR Theory & Global Order
Westminster,BA (hons) politics & international relations,http://www.westminster.ac.uk/politics-and-international-relations-ba,Year 2,Global Political Economy,,optional,International Political Economy,
Westminster,BA (hons) politics & international relations,http://www.westminster.ac.uk/politics-and-international-relations-ba,Year 2,Global Security,,optional,Security & Conflict,
Westminster,BA (hons) politics & international relations,http://www.westminster.ac.uk/politics-and-international-relations-ba,Year 2,Governance in Europe,,optional,Regional & Area Studies,
Westminster,BA (hons) politics & international relations,http://www.westminster.ac.uk/politics-and-international-relations-ba,Year 2,Humanitarian Intervention and International Relations,,optional,Human Rights & Humanitarianism,Security & Conflict
Westminster,BA (hons) politics & international relations,http://www.westminster.ac.uk/politics-and-international-relations-ba,Year 2,Rethinking Development and Sustainability,,optional,Environment & Sustainability,International Political Economy
Westminster,BA (hons) politics & international relations,http://www.westminster.ac.uk/politics-and-international-relations-ba,Year 3,Dissertation,,core,Research Methods & Dissertation,
Westminster,BA (hons) politics & international relations,http://www.westminster.ac.uk/politics-and-international-relations-ba,Year 3,"Justice, Ethics, and World Order(s)",,core,Political Theory & Philosophy,IR Theory & Global Order
Westminster,BA (hons) politics & international relations,http://www.westminster.ac.uk/politics-and-international-relations-ba,Year 3,Policy and Practice,,core,,
Westminster,BA (hons) politics & international relations,http://www.westminster.ac.uk/politics-and-international-relations-ba,Year 3,American Power in a Multi-Polar World,,optional,IR Theory & Global Order,Regional & Area Studies
Westminster,BA (hons) politics & international relations,http://www.westminster.ac.uk/politics-and-international-relations-ba,Year 3,Development Futures,,optional,International Political Economy,
Westminster,BA (hons) politics & international relations,http://www.westminster.ac.uk/politics-and-international-relations-ba,Year 3,Foreign Policy and Diplomacy in a Changing World,,optional,Diplomacy & Foreign Policy,
Westminster,BA (hons) politics & international relations,http://www.westminster.ac.uk/politics-and-international-relations-ba,Year 3,Governing Crisis,,optional,IR Theory & Global Order,
Westminster,BA (hons) politics & international relations,http://www.westminster.ac.uk/politics-and-international-relations-ba,Year 3,Politics and Development in the Middle East,,optional,Regional & Area Studies,
Westminster,BA (hons) politics & international relations,http://www.westminster.ac.uk/politics-and-international-relations-ba,Year 3,"Security, Secrecy and the State: The War on Terror and its Aftermath",,optional,Security & Conflict,
Westminster,BA (hons) politics & international relations,http://www.westminster.ac.uk/politics-and-international-relations-ba,Year 3,The Politics of Protest: Social and Political Movements Today,,optional,Comparative & British Politics,
Westminster,LLB (hons) law & international relations,https://www.westminster.ac.uk/law-and-international-relations-llb,Year 1,Introduction to International Relations,,core,IR Theory & Global Order,
Westminster,LLB (hons) law & international relations,https://www.westminster.ac.uk/law-and-international-relations-llb,Year 1,"Legal Systems, Cultures and Ideas",,core,Law,
Westminster,LLB (hons) law & international relations,https://www.westminster.ac.uk/law-and-international-relations-llb,Year 1,Private Law,,core,Law,
Westminster,LLB (hons) law & international relations,https://www.westminster.ac.uk/law-and-international-relations-llb,Year 1,Public Law,,core,Law,
Westminster,LLB (hons) law & international relations,https://www.westminster.ac.uk/law-and-international-relations-llb,Year 1,Sites and Spaces of International (Dis)order,,core,IR Theory & Global Order,
Westminster,LLB (hons) law & international relations,https://www.westminster.ac.uk/law-and-international-relations-llb,Year 1,Introduction to Rights and the Law,,optional,Law,Human Rights & Humanitarianism
Westminster,LLB (hons) law & international relations,https://www.westminster.ac.uk/law-and-international-relations-llb,Year 1,Governance and Institutions: From the Local to the Global,,optional,IR Theory & Global Order,Comparative & British Politics
Westminster,LLB (hons) law & international relations,https://www.westminster.ac.uk/law-and-international-relations-llb,Year 1,Islamic Law in Context,,optional,Law,Regional & Area Studies
Westminster,LLB (hons) law & international relations,https://www.westminster.ac.uk/law-and-international-relations-llb,Year 1,"Doing Politics: Participation, Campaigning, and Change",,optional,Comparative & British Politics,
Westminster,LLB (hons) law & international relations,https://www.westminster.ac.uk/law-and-international-relations-llb,Year 1,Introduction to Legal Practice,,optional,Law,
Westminster,LLB (hons) law & international relations,https://www.westminster.ac.uk/law-and-international-relations-llb,Year 1,Labour and Migration in the World Economy,,optional,International Political Economy,
Westminster,LLB (hons) law & international relations,https://www.westminster.ac.uk/law-and-international-relations-llb,Year 1,Democracy and Development in Asia and Africa,,optional,Regional & Area Studies,International Political Economy
Westminster,LLB (hons) law & international relations,https://www.westminster.ac.uk/law-and-international-relations-llb,Year 2,Criminal Law,,core,Law,
Westminster,LLB (hons) law & international relations,https://www.westminster.ac.uk/law-and-international-relations-llb,Year 2,Global Security,,core,Security & Conflict,
Westminster,LLB (hons) law & international relations,https://www.westminster.ac.uk/law-and-international-relations-llb,Year 2,Introduction to Public International Law,,core,Law,
Westminster,LLB (hons) law & international relations,https://www.westminster.ac.uk/law-and-international-relations-llb,Year 2,Professional Practice: Project,,core,"Skills, Placement & Employability",
Westminster,LLB (hons) law & international relations,https://www.westminster.ac.uk/law-and-international-relations-llb,Year 2,Property Law,,core,Law,
Westminster,LLB (hons) law & international relations,https://www.westminster.ac.uk/law-and-international-relations-llb,Year 2,European Law: Contemporary Legal Issues,,optional,Law,Regional & Area Studies
Westminster,LLB (hons) law & international relations,https://www.westminster.ac.uk/law-and-international-relations-llb,Year 2,Rethinking Development and Sustainability,,optional,Environment & Sustainability,International Political Economy
Westminster,LLB (hons) law & international relations,https://www.westminster.ac.uk/law-and-international-relations-llb,Year 2,Humanitarian Intervention and International Relations,,optional,Human Rights & Humanitarianism,Security & Conflict
Westminster,LLB (hons) law & international relations,https://www.westminster.ac.uk/law-and-international-relations-llb,Year 2,Civil Law and Legal Systems,,optional,Law,
Westminster,LLB (hons) law & international relations,https://www.westminster.ac.uk/law-and-international-relations-llb,Year 2,Introduction to Human Rights Law,,optional,Law,Human Rights & Humanitarianism
Westminster,LLB (hons) law & international relations,https://www.westminster.ac.uk/law-and-international-relations-llb,Year 2,Adjudication and Alternative Dispute Resolution,,optional,Law,
Westminster,LLB (hons) law & international relations,https://www.westminster.ac.uk/law-and-international-relations-llb,Year 2,Climate Change and the Law: International and National Perspectives,,optional,Environment & Sustainability,Law
Westminster,LLB (hons) law & international relations,https://www.westminster.ac.uk/law-and-international-relations-llb,Year 3,"Justice, Ethics, and World Order(s)",,core,Political Theory & Philosophy,IR Theory & Global Order
Westminster,LLB (hons) law & international relations,https://www.westminster.ac.uk/law-and-international-relations-llb,Year 3,Laws of Occupation,,core,Law,Security & Conflict
Westminster,LLB (hons) law & international relations,https://www.westminster.ac.uk/law-and-international-relations-llb,Year 3,Professional Legal Practice,,core,Law,
Westminster,LLB (hons) law & international relations,https://www.westminster.ac.uk/law-and-international-relations-llb,Year 3,"International Law, Peace, Conflict and Security",,optional,Law,Security & Conflict
Westminster,LLB (hons) law & international relations,https://www.westminster.ac.uk/law-and-international-relations-llb,Year 3,Countering Terrorism,,optional,Security & Conflict,
Westminster,LLB (hons) law & international relations,https://www.westminster.ac.uk/law-and-international-relations-llb,Year 3,Law of International Trade,,optional,Law,International Political Economy
Westminster,LLB (hons) law & international relations,https://www.westminster.ac.uk/law-and-international-relations-llb,Year 3,American Power in a Multi-Polar World,,optional,IR Theory & Global Order,Regional & Area Studies
Westminster,LLB (hons) law & international relations,https://www.westminster.ac.uk/law-and-international-relations-llb,Year 3,"Security, Secrecy and the State: The War on Terror and its Aftermath",,optional,Security & Conflict,
Westminster,LLB (hons) law & international relations,https://www.westminster.ac.uk/law-and-international-relations-llb,Year 3,Foreign Policy and Diplomacy in a Changing World,,optional,Diplomacy & Foreign Policy,
Westminster,LLB (hons) law & international relations,https://www.westminster.ac.uk/law-and-international-relations-llb,Year 3,International Criminal Justice: Mass Atrocity Crimes,,optional,Law,Human Rights & Humanitarianism
Winchester,BA (hons) politics with international relations,https://www.winchester.ac.uk/study/undergraduate/courses/ba-hons-politics-with-international-relations,Year 1,"Teaching, learning and assessment: 204 hours",,,"Skills, Placement & Employability",
Winchester,BA (hons) politics with international relations,https://www.winchester.ac.uk/study/undergraduate/courses/ba-hons-politics-with-international-relations,Year 2,"Teaching, learning and assessment: 168 hours",,,"Skills, Placement & Employability",
Winchester,BA (hons) politics with international relations,https://www.winchester.ac.uk/study/undergraduate/courses/ba-hons-politics-with-international-relations,Year 2,Placement: 24 hours,,,"Skills, Placement & Employability",
Winchester,BA (hons) politics with international relations,https://www.winchester.ac.uk/study/undergraduate/courses/ba-hons-politics-with-international-relations,Year 3,"Teaching, learning and assessment: 168 hours",,,"Skills, Placement & Employability",
York,BA (hons) international relations,https://www.york.ac.uk/study/undergraduate/courses/ba-international-relations/,Year 1,Political Analysis,,core,Research Methods & Dissertation,
York,BA (hons) international relations,https://www.york.ac.uk/study/undergraduate/courses/ba-international-relations/,Year 1,Introduction to Comparative Politics,,core,Comparative & British Politics,
York,BA (hons) international relations,https://www.york.ac.uk/study/undergraduate/courses/ba-international-relations/,Year 1,"Introduction to Political Theory: States, Liberty and Revolution",,core,Political Theory & Philosophy,
York,BA (hons) international relations,https://www.york.ac.uk/study/undergraduate/courses/ba-international-relations/,Year 1,Introduction to Global Politics,,core,IR Theory & Global Order,
York,BA (hons) international relations,https://www.york.ac.uk/study/undergraduate/courses/ba-international-relations/,Year 1,Global Challenges: From Theory to Practice OR The Politics of Identity,,core,IR Theory & Global Order,"Gender, Identity & Society"
York,BA (hons) international relations,https://www.york.ac.uk/study/undergraduate/courses/ba-international-relations/,Year 1,York Policy Lab OR Global Political Economy,,core,International Political Economy,
York,BA (hons) international relations,https://www.york.ac.uk/study/undergraduate/courses/ba-international-relations/,Year 2,International Relations Theory and Planet Politics (Semester One),,core,IR Theory & Global Order,Environment & Sustainability
York,BA (hons) international relations,https://www.york.ac.uk/study/undergraduate/courses/ba-international-relations/,Year 2,Research Design (Semester Two),,core,Research Methods & Dissertation,
York,BA (hons) international relations,https://www.york.ac.uk/study/undergraduate/courses/ba-international-relations/,Year 2,Can Democracy Work?,,optional,Political Theory & Philosophy,
York,BA (hons) international relations,https://www.york.ac.uk/study/undergraduate/courses/ba-international-relations/,Year 2,Capitalism: Beyond States and Markets,,optional,International Political Economy,
York,BA (hons) international relations,https://www.york.ac.uk/study/undergraduate/courses/ba-international-relations/,Year 2,"Justice, Equality, and Difference",,optional,Political Theory & Philosophy,"Gender, Identity & Society"
York,BA (hons) international relations,https://www.york.ac.uk/study/undergraduate/courses/ba-international-relations/,Year 2,European Union Politics,,optional,Regional & Area Studies,
York,BA (hons) international relations,https://www.york.ac.uk/study/undergraduate/courses/ba-international-relations/,Year 2,"Democracy, Autocracy and the State",,optional,Political Theory & Philosophy,Comparative & British Politics
York,BA (hons) international relations,https://www.york.ac.uk/study/undergraduate/courses/ba-international-relations/,Year 2,Human Rights and Wrongs,,optional,Human Rights & Humanitarianism,
York,BA (hons) international relations,https://www.york.ac.uk/study/undergraduate/courses/ba-international-relations/,Year 2,The Rising Powers,,optional,IR Theory & Global Order,
York,BA (hons) international relations,https://www.york.ac.uk/study/undergraduate/courses/ba-international-relations/,Year 2,Critical Global Security Studies,,optional,Security & Conflict,
York,BA (hons) international relations,https://www.york.ac.uk/study/undergraduate/courses/ba-international-relations/,Year 2,Things Fall Apart: Political Thought in Times of Crisis,,optional,Political Theory & Philosophy,
York,BA (hons) international relations,https://www.york.ac.uk/study/undergraduate/courses/ba-international-relations/,Year 2,The Politics of Gender,,optional,"Gender, Identity & Society",
York,BA (hons) international relations,https://www.york.ac.uk/study/undergraduate/courses/ba-international-relations/,Year 2,"Empire, War and Law",,optional,Security & Conflict,Law
York,BA (hons) international relations,https://www.york.ac.uk/study/undergraduate/courses/ba-international-relations/,Year 2,Politics of Development,,optional,International Political Economy,
York,BA (hons) international relations,https://www.york.ac.uk/study/undergraduate/courses/ba-international-relations/,Year 2,British Politics,,optional,Comparative & British Politics,
York,BA (hons) international relations,https://www.york.ac.uk/study/undergraduate/courses/ba-international-relations/,Year 2,The US and Global Politics after the Cold War,,optional,Regional & Area Studies,Diplomacy & Foreign Policy
York,BA (hons) international relations,https://www.york.ac.uk/study/undergraduate/courses/ba-international-relations/,Year 2,War and Peace,,optional,Security & Conflict,
York,BA (hons) international relations,https://www.york.ac.uk/study/undergraduate/courses/ba-international-relations/,Year 2,Global Political Economy,,optional,International Political Economy,
York,BA (hons) international relations,https://www.york.ac.uk/study/undergraduate/courses/ba-international-relations/,Year 3,Dissertation,,core,Research Methods & Dissertation,
York,BA (hons) international relations,https://www.york.ac.uk/study/undergraduate/courses/ba-international-relations/,Year 3,Africa and International Politics,,optional,Regional & Area Studies,
York,BA (hons) international relations,https://www.york.ac.uk/study/undergraduate/courses/ba-international-relations/,Year 3,Constitutional and Territorial Ideologies in Britain and Ireland,,optional,Comparative & British Politics,
York,BA (hons) international relations,https://www.york.ac.uk/study/undergraduate/courses/ba-international-relations/,Year 3,India and its Neighbourhood,,optional,Regional & Area Studies,
York,BA (hons) international relations,https://www.york.ac.uk/study/undergraduate/courses/ba-international-relations/,Year 3,Democracy and Emergency,,optional,Political Theory & Philosophy,
York,BA (hons) international relations,https://www.york.ac.uk/study/undergraduate/courses/ba-international-relations/,Year 3,Development Paradigms,,optional,International Political Economy,
York,BA (hons) international relations,https://www.york.ac.uk/study/undergraduate/courses/ba-international-relations/,Year 3,Morality and Modern Warfare,,optional,Security & Conflict,Political Theory & Philosophy
York,BA (hons) international relations,https://www.york.ac.uk/study/undergraduate/courses/ba-international-relations/,Year 3,"Gender, Violence and Resistance",,optional,"Gender, Identity & Society",Security & Conflict
York,BA (hons) international relations,https://www.york.ac.uk/study/undergraduate/courses/ba-international-relations/,Year 3,"Global Governance: Purpose, Power and Performance",,optional,IR Theory & Global Order,
York,BA (hons) international relations,https://www.york.ac.uk/study/undergraduate/courses/ba-international-relations/,Year 3,Governmentality: Michel Foucault and the Analytics of Power,,optional,Political Theory & Philosophy,
York,BA (hons) international relations,https://www.york.ac.uk/study/undergraduate/courses/ba-international-relations/,Year 3,Green Politics,,optional,Environment & Sustainability,
York,BA (hons) international relations,https://www.york.ac.uk/study/undergraduate/courses/ba-international-relations/,Year 3,International Crisis Diplomacy,,optional,Diplomacy & Foreign Policy,Security & Conflict
York,BA (hons) international relations,https://www.york.ac.uk/study/undergraduate/courses/ba-international-relations/,Year 3,Political Psychology and Public Opinion,,optional,Comparative & British Politics,
York,BA (hons) international relations,https://www.york.ac.uk/study/undergraduate/courses/ba-international-relations/,Year 3,Politics of Peace after Civil War,,optional,Security & Conflict,
York,BA (hons) international relations,https://www.york.ac.uk/study/undergraduate/courses/ba-international-relations/,Year 3,The Global Food System,,optional,International Political Economy,Environment & Sustainability
York,BA (hons) international relations,https://www.york.ac.uk/study/undergraduate/courses/ba-international-relations/,Year 3,"""We, the People"": Ideas of Democratic Representation",,optional,Political Theory & Philosophy,
York,BA (hons) international relations,https://www.york.ac.uk/study/undergraduate/courses/ba-international-relations/,Year 3,Britain in a Changing Global Economic Order,,optional,Comparative & British Politics,International Political Economy
York,BA (hons) international relations,https://www.york.ac.uk/study/undergraduate/courses/ba-international-relations/,Year 3,Ethnicity and Conflict,,optional,"Gender, Identity & Society",Security & Conflict
York,BA (hons) international relations,https://www.york.ac.uk/study/undergraduate/courses/ba-international-relations/,Year 3,From War to Peace? Statebuilding and Political Transition in Southeast Asia,,optional,Security & Conflict,Regional & Area Studies
York,BA (hons) international relations,https://www.york.ac.uk/study/undergraduate/courses/ba-international-relations/,Year 3,Global Politics of Nuclear Weapons,,optional,Security & Conflict,
York,BA (hons) international relations,https://www.york.ac.uk/study/undergraduate/courses/ba-international-relations/,Year 3,Global Sustainability and Energy Policy,,optional,Environment & Sustainability,
York,BA (hons) international relations,https://www.york.ac.uk/study/undergraduate/courses/ba-international-relations/,Year 3,Karl Marx,,optional,Political Theory & Philosophy,
York,BA (hons) international relations,https://www.york.ac.uk/study/undergraduate/courses/ba-international-relations/,Year 3,Politics of Technology: From the Luddites to the Unabomber,,optional,Political Theory & Philosophy,Security & Conflict
York,BA (hons) international relations,https://www.york.ac.uk/study/undergraduate/courses/ba-international-relations/,Year 3,"Policing, Violence and the Politics of Abolition",,optional,"Gender, Identity & Society",Sociology & History
York,BA (hons) international relations,https://www.york.ac.uk/study/undergraduate/courses/ba-international-relations/,Year 3,Politics of the Middle East: Regimes and Societies in Transition,,optional,Regional & Area Studies,
York,BA (hons) international relations,https://www.york.ac.uk/study/undergraduate/courses/ba-international-relations/,Year 3,Regionalism in World Politics,,optional,IR Theory & Global Order,
York,BA (hons) international relations,https://www.york.ac.uk/study/undergraduate/courses/ba-international-relations/,Year 3,Terrorism and Counter-terrorism,,optional,Security & Conflict,
York,BA (hons) international relations,https://www.york.ac.uk/study/undergraduate/courses/ba-international-relations/,Year 3,The European Far Right,,optional,Comparative & British Politics,Regional & Area Studies
York,BA (hons) international relations,https://www.york.ac.uk/study/undergraduate/courses/ba-international-relations/,Year 3,The Labour Party and Socialism,,optional,Comparative & British Politics,Political Theory & Philosophy
York,BA (hons) international relations,https://www.york.ac.uk/study/undergraduate/courses/ba-international-relations/,Year 3,The Politics of (Post-)Colonialism,,optional,Political Theory & Philosophy,
York,BA (hons) international relations,https://www.york.ac.uk/study/undergraduate/courses/ba-international-relations/,Year 3,Applied Quantitative Analysis,,optional,Research Methods & Dissertation,
York,BA (hons) international relations,https://www.york.ac.uk/study/undergraduate/courses/ba-international-relations/,Year 3,Dissertation (Applied Quantitative Analysis),,optional,Research Methods & Dissertation,
York,BA (hons) politics,https://www.york.ac.uk/study/undergraduate/courses/ba-politics/,Year 1,Political Analysis,,core,Research Methods & Dissertation,
York,BA (hons) politics,https://www.york.ac.uk/study/undergraduate/courses/ba-politics/,Year 1,Introduction to Comparative Politics,,core,Comparative & British Politics,
York,BA (hons) politics,https://www.york.ac.uk/study/undergraduate/courses/ba-politics/,Year 1,"Introduction to Political Theory: States, Liberty and Revolution",,core,Political Theory & Philosophy,
York,BA (hons) politics,https://www.york.ac.uk/study/undergraduate/courses/ba-politics/,Year 1,Introduction to Global Politics,,core,IR Theory & Global Order,
York,BA (hons) politics,https://www.york.ac.uk/study/undergraduate/courses/ba-politics/,Year 1,Global Challenges: From Theory to Practice OR The Politics of Identity,,core,IR Theory & Global Order,"Gender, Identity & Society"
York,BA (hons) politics,https://www.york.ac.uk/study/undergraduate/courses/ba-politics/,Year 1,York Policy Lab OR Global Political Economy,,core,International Political Economy,
York,BA (hons) politics,https://www.york.ac.uk/study/undergraduate/courses/ba-politics/,Year 2,Theories of the State (Semester One),,core,Political Theory & Philosophy,IR Theory & Global Order
York,BA (hons) politics,https://www.york.ac.uk/study/undergraduate/courses/ba-politics/,Year 2,Research Design (Semester Two),,core,Research Methods & Dissertation,
York,BA (hons) politics,https://www.york.ac.uk/study/undergraduate/courses/ba-politics/,Year 2,Can Democracy Work?,,optional,Political Theory & Philosophy,
York,BA (hons) politics,https://www.york.ac.uk/study/undergraduate/courses/ba-politics/,Year 2,Capitalism: Beyond States and Markets,,optional,International Political Economy,
York,BA (hons) politics,https://www.york.ac.uk/study/undergraduate/courses/ba-politics/,Year 2,"Justice, Equality, and Difference",,optional,Political Theory & Philosophy,"Gender, Identity & Society"
York,BA (hons) politics,https://www.york.ac.uk/study/undergraduate/courses/ba-politics/,Year 2,European Union Politics,,optional,Regional & Area Studies,
York,BA (hons) politics,https://www.york.ac.uk/study/undergraduate/courses/ba-politics/,Year 2,"Democracy, Autocracy and the State",,optional,Political Theory & Philosophy,Comparative & British Politics
York,BA (hons) politics,https://www.york.ac.uk/study/undergraduate/courses/ba-politics/,Year 2,Human Rights and Wrongs,,optional,Human Rights & Humanitarianism,
York,BA (hons) politics,https://www.york.ac.uk/study/undergraduate/courses/ba-politics/,Year 2,The Rising Powers,,optional,IR Theory & Global Order,
York,BA (hons) politics,https://www.york.ac.uk/study/undergraduate/courses/ba-politics/,Year 2,Critical Global Security Studies,,optional,Security & Conflict,
York,BA (hons) politics,https://www.york.ac.uk/study/undergraduate/courses/ba-politics/,Year 2,Things Fall Apart: Political Thought in Times of Crisis,,optional,Political Theory & Philosophy,
York,BA (hons) politics,https://www.york.ac.uk/study/undergraduate/courses/ba-politics/,Year 2,The Politics of Gender,,optional,"Gender, Identity & Society",
York,BA (hons) politics,https://www.york.ac.uk/study/undergraduate/courses/ba-politics/,Year 2,"Empire, War and Law",,optional,Security & Conflict,Law
York,BA (hons) politics,https://www.york.ac.uk/study/undergraduate/courses/ba-politics/,Year 2,Politics of Development,,optional,International Political Economy,
York,BA (hons) politics,https://www.york.ac.uk/study/undergraduate/courses/ba-politics/,Year 2,British Politics,,optional,Comparative & British Politics,
York,BA (hons) politics,https://www.york.ac.uk/study/undergraduate/courses/ba-politics/,Year 2,The US and Global Politics after the Cold War,,optional,Regional & Area Studies,Diplomacy & Foreign Policy
York,BA (hons) politics,https://www.york.ac.uk/study/undergraduate/courses/ba-politics/,Year 2,War and Peace,,optional,Security & Conflict,
York,BA (hons) politics,https://www.york.ac.uk/study/undergraduate/courses/ba-politics/,Year 2,Global Political Economy,,optional,International Political Economy,
York,BA (hons) politics,https://www.york.ac.uk/study/undergraduate/courses/ba-politics/,Year 3,Politics Dissertation,,core,Research Methods & Dissertation,
York,BA (hons) politics,https://www.york.ac.uk/study/undergraduate/courses/ba-politics/,Year 3,Africa and International Politics,,optional,Regional & Area Studies,
York,BA (hons) politics,https://www.york.ac.uk/study/undergraduate/courses/ba-politics/,Year 3,Constitutional and Territorial Ideologies in Britain and Ireland,,optional,Comparative & British Politics,
York,BA (hons) politics,https://www.york.ac.uk/study/undergraduate/courses/ba-politics/,Year 3,India and its Neighbourhood,,optional,Regional & Area Studies,
York,BA (hons) politics,https://www.york.ac.uk/study/undergraduate/courses/ba-politics/,Year 3,Democracy and Emergency,,optional,Political Theory & Philosophy,
York,BA (hons) politics,https://www.york.ac.uk/study/undergraduate/courses/ba-politics/,Year 3,Development Paradigms,,optional,International Political Economy,
York,BA (hons) politics,https://www.york.ac.uk/study/undergraduate/courses/ba-politics/,Year 3,Morality and Modern Warfare,,optional,Security & Conflict,Political Theory & Philosophy
York,BA (hons) politics,https://www.york.ac.uk/study/undergraduate/courses/ba-politics/,Year 3,"Gender, Violence and Resistance",,optional,"Gender, Identity & Society",Security & Conflict
York,BA (hons) politics,https://www.york.ac.uk/study/undergraduate/courses/ba-politics/,Year 3,"Global Governance: Purpose, Power and Performance",,optional,IR Theory & Global Order,
York,BA (hons) politics,https://www.york.ac.uk/study/undergraduate/courses/ba-politics/,Year 3,Governmentality: Michel Foucault and the Analytics of Power,,optional,Political Theory & Philosophy,
York,BA (hons) politics,https://www.york.ac.uk/study/undergraduate/courses/ba-politics/,Year 3,Green Politics,,optional,Environment & Sustainability,
York,BA (hons) politics,https://www.york.ac.uk/study/undergraduate/courses/ba-politics/,Year 3,International Crisis Diplomacy,,optional,Diplomacy & Foreign Policy,Security & Conflict
York,BA (hons) politics,https://www.york.ac.uk/study/undergraduate/courses/ba-politics/,Year 3,Political Psychology and Public Opinion,,optional,Comparative & British Politics,
York,BA (hons) politics,https://www.york.ac.uk/study/undergraduate/courses/ba-politics/,Year 3,Politics of Peace after Civil War,,optional,Security & Conflict,
York,BA (hons) politics,https://www.york.ac.uk/study/undergraduate/courses/ba-politics/,Year 3,The Global Food System,,optional,International Political Economy,Environment & Sustainability
York,BA (hons) politics,https://www.york.ac.uk/study/undergraduate/courses/ba-politics/,Year 3,"""We, the People"": Ideas of Democratic Representation",,optional,Political Theory & Philosophy,
York,BA (hons) politics,https://www.york.ac.uk/study/undergraduate/courses/ba-politics/,Year 3,Britain in a Changing Global Economic Order,,optional,Comparative & British Politics,International Political Economy
York,BA (hons) politics,https://www.york.ac.uk/study/undergraduate/courses/ba-politics/,Year 3,Ethnicity and Conflict,,optional,"Gender, Identity & Society",Security & Conflict
York,BA (hons) politics,https://www.york.ac.uk/study/undergraduate/courses/ba-politics/,Year 3,From War to Peace? Statebuilding and Political Transition in Southeast Asia,,optional,Security & Conflict,Regional & Area Studies
York,BA (hons) politics,https://www.york.ac.uk/study/undergraduate/courses/ba-politics/,Year 3,Global Politics of Nuclear Weapons,,optional,Security & Conflict,
York,BA (hons) politics,https://www.york.ac.uk/study/undergraduate/courses/ba-politics/,Year 3,Global Sustainability and Energy Policy,,optional,Environment & Sustainability,
York,BA (hons) politics,https://www.york.ac.uk/study/undergraduate/courses/ba-politics/,Year 3,Karl Marx,,optional,Political Theory & Philosophy,
York,BA (hons) politics,https://www.york.ac.uk/study/undergraduate/courses/ba-politics/,Year 3,Politics of Technology: From the Luddites to the Unabomber,,optional,Political Theory & Philosophy,Security & Conflict
York,BA (hons) politics,https://www.york.ac.uk/study/undergraduate/courses/ba-politics/,Year 3,Politics of the Middle East: Regimes and societies in transition,,optional,Regional & Area Studies,
York,BA (hons) politics,https://www.york.ac.uk/study/undergraduate/courses/ba-politics/,Year 3,Regionalism in World Politics,,optional,IR Theory & Global Order,
York,BA (hons) politics,https://www.york.ac.uk/study/undergraduate/courses/ba-politics/,Year 3,Terrorism and Counter-terrorism,,optional,Security & Conflict,
York,BA (hons) politics,https://www.york.ac.uk/study/undergraduate/courses/ba-politics/,Year 3,The European Far Right,,optional,Comparative & British Politics,Regional & Area Studies
York,BA (hons) politics,https://www.york.ac.uk/study/undergraduate/courses/ba-politics/,Year 3,The Labour Party and Socialism,,optional,Comparative & British Politics,Political Theory & Philosophy
York,BA (hons) politics,https://www.york.ac.uk/study/undergraduate/courses/ba-politics/,Year 3,The Politics of (Post-)Colonialism,,optional,Political Theory & Philosophy,
York,BA (hons) politics,https://www.york.ac.uk/study/undergraduate/courses/ba-politics/,Year 3,Applied Quantitative Analysis,,optional,Research Methods & Dissertation,
York,BA (hons) politics,https://www.york.ac.uk/study/undergraduate/courses/ba-politics/,Year 3,Dissertation (Applied Quantitative Analysis),,optional,Research Methods & Dissertation,
York,BA (hons) politics with international relations,https://www.york.ac.uk/study/undergraduate/courses/ba-politics-international-relations/,Year 1,Political Analysis,,core,Research Methods & Dissertation,
York,BA (hons) politics with international relations,https://www.york.ac.uk/study/undergraduate/courses/ba-politics-international-relations/,Year 1,Introduction to Comparative Politics,,core,Comparative & British Politics,
York,BA (hons) politics with international relations,https://www.york.ac.uk/study/undergraduate/courses/ba-politics-international-relations/,Year 1,"Introduction to Political Theory: States, Liberty and Revolution",,core,Political Theory & Philosophy,
York,BA (hons) politics with international relations,https://www.york.ac.uk/study/undergraduate/courses/ba-politics-international-relations/,Year 1,Introduction to Global Politics,,core,IR Theory & Global Order,
York,BA (hons) politics with international relations,https://www.york.ac.uk/study/undergraduate/courses/ba-politics-international-relations/,Year 1,Global Challenges: From Theory to Practice OR The Politics of Identity,,core,IR Theory & Global Order,"Gender, Identity & Society"
York,BA (hons) politics with international relations,https://www.york.ac.uk/study/undergraduate/courses/ba-politics-international-relations/,Year 1,York Policy Lab OR Global Political Economy,,core,International Political Economy,
York,BA (hons) politics with international relations,https://www.york.ac.uk/study/undergraduate/courses/ba-politics-international-relations/,Year 2,Theories of the State (Semester One),,core,Political Theory & Philosophy,IR Theory & Global Order
York,BA (hons) politics with international relations,https://www.york.ac.uk/study/undergraduate/courses/ba-politics-international-relations/,Year 2,International Relations Theory and Planet Politics (Semester One),,core,IR Theory & Global Order,Environment & Sustainability
York,BA (hons) politics with international relations,https://www.york.ac.uk/study/undergraduate/courses/ba-politics-international-relations/,Year 2,Research Design (Semester Two),,core,Research Methods & Dissertation,
York,BA (hons) politics with international relations,https://www.york.ac.uk/study/undergraduate/courses/ba-politics-international-relations/,Year 2,Can Democracy Work?,,optional,Political Theory & Philosophy,
York,BA (hons) politics with international relations,https://www.york.ac.uk/study/undergraduate/courses/ba-politics-international-relations/,Year 2,Capitalism: Beyond States and Markets,,optional,International Political Economy,
York,BA (hons) politics with international relations,https://www.york.ac.uk/study/undergraduate/courses/ba-politics-international-relations/,Year 2,"Justice, Equality, and Difference",,optional,Political Theory & Philosophy,"Gender, Identity & Society"
York,BA (hons) politics with international relations,https://www.york.ac.uk/study/undergraduate/courses/ba-politics-international-relations/,Year 2,European Union Politics,,optional,Regional & Area Studies,
York,BA (hons) politics with international relations,https://www.york.ac.uk/study/undergraduate/courses/ba-politics-international-relations/,Year 2,"Democracy, Autocracy and the State",,optional,Political Theory & Philosophy,Comparative & British Politics
York,BA (hons) politics with international relations,https://www.york.ac.uk/study/undergraduate/courses/ba-politics-international-relations/,Year 2,Human Rights and Wrongs,,optional,Human Rights & Humanitarianism,
York,BA (hons) politics with international relations,https://www.york.ac.uk/study/undergraduate/courses/ba-politics-international-relations/,Year 2,The Rising Powers,,optional,IR Theory & Global Order,
York,BA (hons) politics with international relations,https://www.york.ac.uk/study/undergraduate/courses/ba-politics-international-relations/,Year 2,Critical Global Security Studies,,optional,Security & Conflict,
York,BA (hons) politics with international relations,https://www.york.ac.uk/study/undergraduate/courses/ba-politics-international-relations/,Year 2,Things Fall Apart: Political Thought in Times of Crisis,,optional,Political Theory & Philosophy,
York,BA (hons) politics with international relations,https://www.york.ac.uk/study/undergraduate/courses/ba-politics-international-relations/,Year 2,The Politics of Gender,,optional,"Gender, Identity & Society",
York,BA (hons) politics with international relations,https://www.york.ac.uk/study/undergraduate/courses/ba-politics-international-relations/,Year 2,"Empire, War and Law",,optional,Security & Conflict,Law
York,BA (hons) politics with international relations,https://www.york.ac.uk/study/undergraduate/courses/ba-politics-international-relations/,Year 2,Politics of Development,,optional,International Political Economy,
York,BA (hons) politics with international relations,https://www.york.ac.uk/study/undergraduate/courses/ba-politics-international-relations/,Year 2,British Politics,,optional,Comparative & British Politics,
York,BA (hons) politics with international relations,https://www.york.ac.uk/study/undergraduate/courses/ba-politics-international-relations/,Year 2,The US and Global Politics after the Cold War,,optional,Regional & Area Studies,Diplomacy & Foreign Policy
York,BA (hons) politics with international relations,https://www.york.ac.uk/study/undergraduate/courses/ba-politics-international-relations/,Year 2,War and Peace,,optional,Security & Conflict,
York,BA (hons) politics with international relations,https://www.york.ac.uk/study/undergraduate/courses/ba-politics-international-relations/,Year 2,Global Political Economy,,optional,International Political Economy,
York,BA (hons) politics with international relations,https://www.york.ac.uk/study/undergraduate/courses/ba-politics-international-relations/,Year 3,Dissertation,,core,Research Methods & Dissertation,
York,BA (hons) politics with international relations,https://www.york.ac.uk/study/undergraduate/courses/ba-politics-international-relations/,Year 3,Africa and International Politics,,optional,Regional & Area Studies,
York,BA (hons) politics with international relations,https://www.york.ac.uk/study/undergraduate/courses/ba-politics-international-relations/,Year 3,Constitutional and Territorial Ideologies in Britain and Ireland,,optional,Comparative & British Politics,
York,BA (hons) politics with international relations,https://www.york.ac.uk/study/undergraduate/courses/ba-politics-international-relations/,Year 3,India and its Neighbourhood,,optional,Regional & Area Studies,
York,BA (hons) politics with international relations,https://www.york.ac.uk/study/undergraduate/courses/ba-politics-international-relations/,Year 3,Democracy and Emergency,,optional,Political Theory & Philosophy,
York,BA (hons) politics with international relations,https://www.york.ac.uk/study/undergraduate/courses/ba-politics-international-relations/,Year 3,Development Paradigms,,optional,International Political Economy,
York,BA (hons) politics with international relations,https://www.york.ac.uk/study/undergraduate/courses/ba-politics-international-relations/,Year 3,Morality and Modern Warfare,,optional,Security & Conflict,Political Theory & Philosophy
York,BA (hons) politics with international relations,https://www.york.ac.uk/study/undergraduate/courses/ba-politics-international-relations/,Year 3,"Gender, Violence and Resistance",,optional,"Gender, Identity & Society",Security & Conflict
York,BA (hons) politics with international relations,https://www.york.ac.uk/study/undergraduate/courses/ba-politics-international-relations/,Year 3,"Global Governance: Purpose, Power and Performance",,optional,IR Theory & Global Order,
York,BA (hons) politics with international relations,https://www.york.ac.uk/study/undergraduate/courses/ba-politics-international-relations/,Year 3,Governmentality: Michel Foucault and the Analytics of Power,,optional,Political Theory & Philosophy,
York,BA (hons) politics with international relations,https://www.york.ac.uk/study/undergraduate/courses/ba-politics-international-relations/,Year 3,Green Politics,,optional,Environment & Sustainability,
York,BA (hons) politics with international relations,https://www.york.ac.uk/study/undergraduate/courses/ba-politics-international-relations/,Year 3,International Crisis Diplomacy,,optional,Diplomacy & Foreign Policy,Security & Conflict
York,BA (hons) politics with international relations,https://www.york.ac.uk/study/undergraduate/courses/ba-politics-international-relations/,Year 3,Political Psychology and Public Opinion,,optional,Comparative & British Politics,
York,BA (hons) politics with international relations,https://www.york.ac.uk/study/undergraduate/courses/ba-politics-international-relations/,Year 3,Politics of Peace after Civil War,,optional,Security & Conflict,
York,BA (hons) politics with international relations,https://www.york.ac.uk/study/undergraduate/courses/ba-politics-international-relations/,Year 3,The Global Food System,,optional,International Political Economy,Environment & Sustainability
York,BA (hons) politics with international relations,https://www.york.ac.uk/study/undergraduate/courses/ba-politics-international-relations/,Year 3,"""We, the People"": Ideas of Democratic Representation",,optional,Political Theory & Philosophy,
York,BA (hons) politics with international relations,https://www.york.ac.uk/study/undergraduate/courses/ba-politics-international-relations/,Year 3,Britain in Changing Global Economic Order,,optional,Comparative & British Politics,International Political Economy
York,BA (hons) politics with international relations,https://www.york.ac.uk/study/undergraduate/courses/ba-politics-international-relations/,Year 3,Ethnicity and Conflict,,optional,"Gender, Identity & Society",Security & Conflict
York,BA (hons) politics with international relations,https://www.york.ac.uk/study/undergraduate/courses/ba-politics-international-relations/,Year 3,From War to Peace? Statebuilding and Political Transition in Southeast Asia,,optional,Security & Conflict,Regional & Area Studies
York,BA (hons) politics with international relations,https://www.york.ac.uk/study/undergraduate/courses/ba-politics-international-relations/,Year 3,Global Politics of Nuclear Weapons,,optional,Security & Conflict,
York,BA (hons) politics with international relations,https://www.york.ac.uk/study/undergraduate/courses/ba-politics-international-relations/,Year 3,Global Sustainability and Energy Policy,,optional,Environment & Sustainability,
York,BA (hons) politics with international relations,https://www.york.ac.uk/study/undergraduate/courses/ba-politics-international-relations/,Year 3,Karl Marx,,optional,Political Theory & Philosophy,
York,BA (hons) politics with international relations,https://www.york.ac.uk/study/undergraduate/courses/ba-politics-international-relations/,Year 3,Politics of Technology: From the Luddites to the Unabomber,,optional,Political Theory & Philosophy,Security & Conflict
York,BA (hons) politics with international relations,https://www.york.ac.uk/study/undergraduate/courses/ba-politics-international-relations/,Year 3,"Policing, Violence and the Politics of Abolition",,optional,"Gender, Identity & Society",Sociology & History
York,BA (hons) politics with international relations,https://www.york.ac.uk/study/undergraduate/courses/ba-politics-international-relations/,Year 3,Politics of the Middle East: Regimes and Societies in Transition,,optional,Regional & Area Studies,
York,BA (hons) politics with international relations,https://www.york.ac.uk/study/undergraduate/courses/ba-politics-international-relations/,Year 3,Regionalism in World Politics,,optional,IR Theory & Global Order,
York,BA (hons) politics with international relations,https://www.york.ac.uk/study/undergraduate/courses/ba-politics-international-relations/,Year 3,Terrorism and Counter-terrorism,,optional,Security & Conflict,
York,BA (hons) politics with international relations,https://www.york.ac.uk/study/undergraduate/courses/ba-politics-international-relations/,Year 3,The European Far Right,,optional,Comparative & British Politics,Regional & Area Studies
York,BA (hons) politics with international relations,https://www.york.ac.uk/study/undergraduate/courses/ba-politics-international-relations/,Year 3,The Labour Party and Socialism,,optional,Comparative & British Politics,Political Theory & Philosophy
York,BA (hons) politics with international relations,https://www.york.ac.uk/study/undergraduate/courses/ba-politics-international-relations/,Year 3,The Politics of (Post-)Colonialism,,optional,Political Theory & Philosophy,
York,BA (hons) politics with international relations,https://www.york.ac.uk/study/undergraduate/courses/ba-politics-international-relations/,Year 3,Applied Quantitative Analysis,,optional,Research Methods & Dissertation,
York,BA (hons) politics with international relations,https://www.york.ac.uk/study/undergraduate/courses/ba-politics-international-relations/,Year 3,Dissertation (Applied Quantitative Analysis),,optional,Research Methods & Dissertation,
York,BA (hons) social & political sciences,https://www.york.ac.uk/study/undergraduate/courses/ba-social-political-sciences/,Year 1,"Power, Policy and Social Progress",,core,Political Theory & Philosophy,
York,BA (hons) social & political sciences,https://www.york.ac.uk/study/undergraduate/courses/ba-social-political-sciences/,Year 1,Political Analysis,,core,Research Methods & Dissertation,
York,BA (hons) social & political sciences,https://www.york.ac.uk/study/undergraduate/courses/ba-social-political-sciences/,Year 1,Social Evils in the Chocolate City,,core,Sociology & History,"Gender, Identity & Society"
York,BA (hons) social & political sciences,https://www.york.ac.uk/study/undergraduate/courses/ba-social-political-sciences/,Year 1,Theorising the Social World,,core,Sociology & History,
York,BA (hons) social & political sciences,https://www.york.ac.uk/study/undergraduate/courses/ba-social-political-sciences/,Year 1,Contemporary Issues in Social and Public Policy,,core,Comparative & British Politics,
York,BA (hons) social & political sciences,https://www.york.ac.uk/study/undergraduate/courses/ba-social-political-sciences/,Year 1,Understanding Self in Society,,optional,Sociology & History,
York,BA (hons) social & political sciences,https://www.york.ac.uk/study/undergraduate/courses/ba-social-political-sciences/,Year 1,"Introduction to Political Theory: States, Liberty and Revolution",,optional,Political Theory & Philosophy,
York,BA (hons) social & political sciences,https://www.york.ac.uk/study/undergraduate/courses/ba-social-political-sciences/,Year 1,Criminal Justice and Inequality,,optional,Law,
York,BA (hons) social & political sciences,https://www.york.ac.uk/study/undergraduate/courses/ba-social-political-sciences/,Year 1,The Psychological Mind in a Social World,,optional,Sociology & History,
York,BA (hons) social & political sciences,https://www.york.ac.uk/study/undergraduate/courses/ba-social-political-sciences/,Year 1,Social Harm and Injustice,,optional,Sociology & History,
York,BA (hons) social & political sciences,https://www.york.ac.uk/study/undergraduate/courses/ba-social-political-sciences/,Year 1,Introduction to International Politics: Global Hierarchies and Global Orders,,optional,IR Theory & Global Order,
York,BA (hons) social & political sciences,https://www.york.ac.uk/study/undergraduate/courses/ba-social-political-sciences/,Year 1,York Policy Lab,,optional,,
York,BA (hons) social & political sciences,https://www.york.ac.uk/study/undergraduate/courses/ba-social-political-sciences/,Year 2,Capitalism and the Public Good,,core,International Political Economy,Political Theory & Philosophy
York,BA (hons) social & political sciences,https://www.york.ac.uk/study/undergraduate/courses/ba-social-political-sciences/,Year 2,Researching Policy and Society,,core,Research Methods & Dissertation,
York,BA (hons) social & political sciences,https://www.york.ac.uk/study/undergraduate/courses/ba-social-political-sciences/,Year 2,Health and Illness,,optional,Sociology & History,
York,BA (hons) social & political sciences,https://www.york.ac.uk/study/undergraduate/courses/ba-social-political-sciences/,Year 2,Humans and Other Animals,,optional,Sociology & History,
York,BA (hons) social & political sciences,https://www.york.ac.uk/study/undergraduate/courses/ba-social-political-sciences/,Year 2,People and the State,,optional,Political Theory & Philosophy,
York,BA (hons) social & political sciences,https://www.york.ac.uk/study/undergraduate/courses/ba-social-political-sciences/,Year 2,"Popular Culture, The Media and Society",,optional,"Media, Communication & Culture",
York,BA (hons) social & political sciences,https://www.york.ac.uk/study/undergraduate/courses/ba-social-political-sciences/,Year 2,Social Interaction and Conversational Analysis,,optional,Sociology & History,
York,BA (hons) social & political sciences,https://www.york.ac.uk/study/undergraduate/courses/ba-social-political-sciences/,Year 2,Societies and the Climate Crisis,,optional,Environment & Sustainability,Sociology & History
York,BA (hons) social & political sciences,https://www.york.ac.uk/study/undergraduate/courses/ba-social-political-sciences/,Year 2,Gender Sexuality and Inequalities,,optional,"Gender, Identity & Society",
York,BA (hons) social & political sciences,https://www.york.ac.uk/study/undergraduate/courses/ba-social-political-sciences/,Year 2,Body and Society,,optional,Sociology & History,"Gender, Identity & Society"
York,BA (hons) social & political sciences,https://www.york.ac.uk/study/undergraduate/courses/ba-social-political-sciences/,Year 2,Urban Pasts and Futures,,optional,Sociology & History,
York,BA (hons) social & political sciences,https://www.york.ac.uk/study/undergraduate/courses/ba-social-political-sciences/,Year 2,Working in the Criminal Justice System,,optional,Sociology & History,
York,BA (hons) social & political sciences,https://www.york.ac.uk/study/undergraduate/courses/ba-social-political-sciences/,Year 2,Election and Voting Behaviour,,optional,Comparative & British Politics,
York,BA (hons) social & political sciences,https://www.york.ac.uk/study/undergraduate/courses/ba-social-political-sciences/,Year 2,Human Rights and Wrongs,,optional,Human Rights & Humanitarianism,
York,BA (hons) social & political sciences,https://www.york.ac.uk/study/undergraduate/courses/ba-social-political-sciences/,Year 2,Politics of Development,,optional,International Political Economy,
York,BA (hons) social & political sciences,https://www.york.ac.uk/study/undergraduate/courses/ba-social-political-sciences/,Year 2,War and Peace,,optional,Security & Conflict,
York,BA (hons) social & political sciences,https://www.york.ac.uk/study/undergraduate/courses/ba-social-political-sciences/,Year 2,"State, Economy and Society",,optional,International Political Economy,
York,BA (hons) social & political sciences,https://www.york.ac.uk/study/undergraduate/courses/ba-social-political-sciences/,Year 2,The Politics of Gender,,optional,"Gender, Identity & Society",
York,BA (hons) social & political sciences,https://www.york.ac.uk/study/undergraduate/courses/ba-social-political-sciences/,Year 2,Politics in the UK,,optional,Comparative & British Politics,
York,BA (hons) social & political sciences,https://www.york.ac.uk/study/undergraduate/courses/ba-social-political-sciences/,Year 2,The US and Global Politics after the Cold War,,optional,Regional & Area Studies,Diplomacy & Foreign Policy
York,BA (hons) social & political sciences,https://www.york.ac.uk/study/undergraduate/courses/ba-social-political-sciences/,Year 2,The Rising Powers,,optional,IR Theory & Global Order,
York,BA (hons) social & political sciences,https://www.york.ac.uk/study/undergraduate/courses/ba-social-political-sciences/,Year 2,Critical Global Security Studies,,optional,Security & Conflict,
York,BA (hons) social & political sciences,https://www.york.ac.uk/study/undergraduate/courses/ba-social-political-sciences/,Year 2,Policy Think Tank,,optional,Comparative & British Politics,
York,BA (hons) social & political sciences,https://www.york.ac.uk/study/undergraduate/courses/ba-social-political-sciences/,Year 2,Crime and the Life Course,,optional,Law,
York,BA (hons) social & political sciences,https://www.york.ac.uk/study/undergraduate/courses/ba-social-political-sciences/,Year 2,Contemporary Issues in Criminal Justice,,optional,Law,
York,BA (hons) social & political sciences,https://www.york.ac.uk/study/undergraduate/courses/ba-social-political-sciences/,Year 2,"Communities, Participation and Creating Change",,optional,Sociology & History,
York,BA (hons) social & political sciences,https://www.york.ac.uk/study/undergraduate/courses/ba-social-political-sciences/,Year 2,Enabling Places and Spaces,,optional,,
York,BA (hons) social & political sciences,https://www.york.ac.uk/study/undergraduate/courses/ba-social-political-sciences/,Year 2,Social Inequalities,,optional,Sociology & History,
York,BA (hons) social & political sciences,https://www.york.ac.uk/study/undergraduate/courses/ba-social-political-sciences/,Year 2,Victimology and Victimisation,,optional,Sociology & History,
York,BA (hons) social & political sciences,https://www.york.ac.uk/study/undergraduate/courses/ba-social-political-sciences/,Year 2,Future Worlds of Work,,optional,"Skills, Placement & Employability",
York,BA (hons) social & political sciences,https://www.york.ac.uk/study/undergraduate/courses/ba-social-political-sciences/,Year 2,Left Behind Places,,optional,Comparative & British Politics,
York,BA (hons) social & political sciences,https://www.york.ac.uk/study/undergraduate/courses/ba-social-political-sciences/,Year 2,Global Social Problems,,optional,Sociology & History,
York,BA (hons) social & political sciences,https://www.york.ac.uk/study/undergraduate/courses/ba-social-political-sciences/,Year 2,Crime and Justice in the Online Space,,optional,Law,
York,BA (hons) social & political sciences,https://www.york.ac.uk/study/undergraduate/courses/ba-social-political-sciences/,Year 2,"Stigma, Power and Resistance",,optional,"Gender, Identity & Society",
York,BA (hons) social & political sciences,https://www.york.ac.uk/study/undergraduate/courses/ba-social-political-sciences/,Year 3,Independent Study Module,,core,,
York,BA (hons) social & political sciences,https://www.york.ac.uk/study/undergraduate/courses/ba-social-political-sciences/,Year 3,"Crime, Media and Culture",,optional,"Media, Communication & Culture",Law
York,BA (hons) social & political sciences,https://www.york.ac.uk/study/undergraduate/courses/ba-social-political-sciences/,Year 3,Global Transformation of Health,,optional,International Political Economy,
York,BA (hons) social & political sciences,https://www.york.ac.uk/study/undergraduate/courses/ba-social-political-sciences/,Year 3,"Crime, Gender and Sexuality",,optional,"Gender, Identity & Society",Law
York,BA (hons) social & political sciences,https://www.york.ac.uk/study/undergraduate/courses/ba-social-political-sciences/,Year 3,"Morbidity, Culture and Corpses",,optional,Sociology & History,
York,BA (hons) social & political sciences,https://www.york.ac.uk/study/undergraduate/courses/ba-social-political-sciences/,Year 3,Spiritual Realities,,optional,,
York,BA (hons) social & political sciences,https://www.york.ac.uk/study/undergraduate/courses/ba-social-political-sciences/,Year 3,Talk at Work,,optional,Sociology & History,
York,BA (hons) social & political sciences,https://www.york.ac.uk/study/undergraduate/courses/ba-social-political-sciences/,Year 3,Working in the Criminal Justice System,,optional,Sociology & History,
York,BA (hons) social & political sciences,https://www.york.ac.uk/study/undergraduate/courses/ba-social-political-sciences/,Year 3,The Racial State,,optional,"Gender, Identity & Society",
York,BA (hons) social & political sciences,https://www.york.ac.uk/study/undergraduate/courses/ba-social-political-sciences/,Year 3,AI in Society,,optional,Sociology & History,
York,BA (hons) social & political sciences,https://www.york.ac.uk/study/undergraduate/courses/ba-social-political-sciences/,Year 3,Africa and International Politics,,optional,Regional & Area Studies,
York,BA (hons) social & political sciences,https://www.york.ac.uk/study/undergraduate/courses/ba-social-political-sciences/,Year 3,Constitution and Territorial Ideologies in Britain and Ireland,,optional,Comparative & British Politics,
York,BA (hons) social & political sciences,https://www.york.ac.uk/study/undergraduate/courses/ba-social-political-sciences/,Year 3,India and its Neighbourhood,,optional,Regional & Area Studies,
York,BA (hons) social & political sciences,https://www.york.ac.uk/study/undergraduate/courses/ba-social-political-sciences/,Year 3,Democracy and Emergency,,optional,Political Theory & Philosophy,
York,BA (hons) social & political sciences,https://www.york.ac.uk/study/undergraduate/courses/ba-social-political-sciences/,Year 3,Development Paradigms,,optional,International Political Economy,
York,BA (hons) social & political sciences,https://www.york.ac.uk/study/undergraduate/courses/ba-social-political-sciences/,Year 3,Morality and Modern Warfare,,optional,Security & Conflict,Political Theory & Philosophy
York,BA (hons) social & political sciences,https://www.york.ac.uk/study/undergraduate/courses/ba-social-political-sciences/,Year 3,Governmentality: Michel Foucault and the Analytics of Power,,optional,Political Theory & Philosophy,
York,BA (hons) social & political sciences,https://www.york.ac.uk/study/undergraduate/courses/ba-social-political-sciences/,Year 3,Green Politics,,optional,Environment & Sustainability,
York,BA (hons) social & political sciences,https://www.york.ac.uk/study/undergraduate/courses/ba-social-political-sciences/,Year 3,International Crisis Diplomacy,,optional,Diplomacy & Foreign Policy,Security & Conflict
York,BA (hons) social & political sciences,https://www.york.ac.uk/study/undergraduate/courses/ba-social-political-sciences/,Year 3,Political Psychology and Public Opinion,,optional,Comparative & British Politics,
York,BA (hons) social & political sciences,https://www.york.ac.uk/study/undergraduate/courses/ba-social-political-sciences/,Year 3,Politics of Peace after Civil War,,optional,Security & Conflict,
York,BA (hons) social & political sciences,https://www.york.ac.uk/study/undergraduate/courses/ba-social-political-sciences/,Year 3,The Global Food System,,optional,International Political Economy,Environment & Sustainability
York,BA (hons) social & political sciences,https://www.york.ac.uk/study/undergraduate/courses/ba-social-political-sciences/,Year 3,Global Politics of Nuclear Weapons,,optional,Security & Conflict,
York,BA (hons) social & political sciences,https://www.york.ac.uk/study/undergraduate/courses/ba-social-political-sciences/,Year 3,Global Sustainability and Energy Policy,,optional,Environment & Sustainability,
York,BA (hons) social & political sciences,https://www.york.ac.uk/study/undergraduate/courses/ba-social-political-sciences/,Year 3,Political Transition in the Middle East: A Century of Conflict,,optional,Regional & Area Studies,Security & Conflict
York,BA (hons) social & political sciences,https://www.york.ac.uk/study/undergraduate/courses/ba-social-political-sciences/,Year 3,The Labour Party and Socialism,,optional,Comparative & British Politics,Political Theory & Philosophy
York,BA (hons) social & political sciences,https://www.york.ac.uk/study/undergraduate/courses/ba-social-political-sciences/,Year 3,The Politics of (Post-) Colonialism,,optional,Political Theory & Philosophy,
York,BA (hons) social & political sciences,https://www.york.ac.uk/study/undergraduate/courses/ba-social-political-sciences/,Year 3,Politics of the Middle East: Regimes and societies in Transition,,optional,Regional & Area Studies,
York,BA (hons) social & political sciences,https://www.york.ac.uk/study/undergraduate/courses/ba-social-political-sciences/,Year 3,Karl Marx,,optional,Political Theory & Philosophy,
York,BA (hons) social & political sciences,https://www.york.ac.uk/study/undergraduate/courses/ba-social-political-sciences/,Year 3,Border Politics,,optional,Security & Conflict,
York,BA (hons) social & political sciences,https://www.york.ac.uk/study/undergraduate/courses/ba-social-political-sciences/,Year 3,The Racial State,,optional,"Gender, Identity & Society",
York,BA (hons) social & political sciences,https://www.york.ac.uk/study/undergraduate/courses/ba-social-political-sciences/,Year 3,AI in Society,,optional,Sociology & History,
York,BA (hons) social & political sciences,https://www.york.ac.uk/study/undergraduate/courses/ba-social-political-sciences/,Year 3,"Drugs: Prevalence, Policy and Practice",,optional,Law,
York,BA (hons) social & political sciences,https://www.york.ac.uk/study/undergraduate/courses/ba-social-political-sciences/,Year 3,Welfare States in Crisis,,optional,Comparative & British Politics,International Political Economy
York,BA (hons) social & political sciences,https://www.york.ac.uk/study/undergraduate/courses/ba-social-political-sciences/,Year 3,Policing and The Police,,optional,Comparative & British Politics,
York,BA (hons) social & political sciences,https://www.york.ac.uk/study/undergraduate/courses/ba-social-political-sciences/,Year 3,Housing and Homelessness: Overcoming Inequality,,optional,Sociology & History,
York,BA (hons) social & political sciences,https://www.york.ac.uk/study/undergraduate/courses/ba-social-political-sciences/,Year 3,Prisons and Penal Policy,,optional,Comparative & British Politics,
York,BA (hons) social & political sciences,https://www.york.ac.uk/study/undergraduate/courses/ba-social-political-sciences/,Year 3,Wellbeing of Children and Young People,,optional,Sociology & History,
York,BA (hons) social & political sciences,https://www.york.ac.uk/study/undergraduate/courses/ba-social-political-sciences/,Year 3,"Vulnerability, Deviance and Social Control",,optional,Sociology & History,
York,BA (hons) social & political sciences,https://www.york.ac.uk/study/undergraduate/courses/ba-social-political-sciences/,Year 3,"Migration, Immigration and Social Policy",,optional,Sociology & History,Human Rights & Humanitarianism
York,BA (hons) social & political sciences,https://www.york.ac.uk/study/undergraduate/courses/ba-social-political-sciences/,Year 3,"Gender, Violence and Justice",,optional,"Gender, Identity & Society",Political Theory & Philosophy
York,BA (hons) social & political sciences,https://www.york.ac.uk/study/undergraduate/courses/ba-social-political-sciences/,Year 3,"Environmental Justice, Harm and Policy",,optional,Environment & Sustainability,
York,BA (hons) social & political sciences,https://www.york.ac.uk/study/undergraduate/courses/ba-social-political-sciences/,Year 3,Left Behind Places,,optional,Comparative & British Politics,
York,BA (hons) social & political sciences,https://www.york.ac.uk/study/undergraduate/courses/ba-social-political-sciences/,Year 3,Global Social Problems,,optional,Sociology & History,
York,BA (hons) social & political sciences,https://www.york.ac.uk/study/undergraduate/courses/ba-social-political-sciences/,Year 3,Crime and Justice in the Online Space,,optional,Law,
York,BA (hons) social & political sciences,https://www.york.ac.uk/study/undergraduate/courses/ba-social-political-sciences/,Year 3,"Stigma, Power and Resistance",,optional,"Gender, Identity & Society",
