institution,course_name,url,year,module_name,credits,type
London School of Economics,BSc (hons) politics & international relations,https://www.lse.ac.uk/study-at-lse/undergraduate/bsc-politics-and-international-relations,Year 2,Choose two courses from the following,,optional
London School of Economics,BSc (hons) politics & international relations,https://www.lse.ac.uk/study-at-lse/undergraduate/bsc-politics-and-international-relations,Year 3,EITHER one dissertation in government,,optional
London School of Economics,BSc (hons) politics & international relations,https://www.lse.ac.uk/study-at-lse/undergraduate/bsc-politics-and-international-relations,Year 3,OR one dissertation in international relations,,optional
Glasgow,MA (hons) global sustainable development,https://www.gla.ac.uk/undergraduate/degrees/global-sustainable-development/,Year 1,Introduction to sustainable development,,
Glasgow,MA (hons) global sustainable development,https://www.gla.ac.uk/undergraduate/degrees/global-sustainable-development/,Year 1,Introduction to global environmental issues,,
Glasgow,MA (hons) global sustainable development,https://www.gla.ac.uk/undergraduate/degrees/global-sustainable-development/,Year 1,"People, power & place",,
Glasgow,MA (hons) global sustainable development,https://www.gla.ac.uk/undergraduate/degrees/global-sustainable-development/,Year 1,"Energy, waste & pollution",,
Glasgow,MA (hons) global sustainable development,https://www.gla.ac.uk/undergraduate/degrees/global-sustainable-development/,Year 1,Introduction to Sustainable Development,,core
Glasgow,MA (hons) global sustainable development,https://www.gla.ac.uk/undergraduate/degrees/global-sustainable-development/,Year 1,Introduction To Global Environmental Issues,,core
Glasgow,MA (hons) global sustainable development,https://www.gla.ac.uk/undergraduate/degrees/global-sustainable-development/,Year 1,"People, Power and Place",,core
Glasgow,MA (hons) global sustainable development,https://www.gla.ac.uk/undergraduate/degrees/global-sustainable-development/,Year 1,"Energy, Waste and Pollution: Options for Sustainability",,core
Glasgow,MA (hons) global sustainable development,https://www.gla.ac.uk/undergraduate/degrees/global-sustainable-development/,Year 2,Global perspectives on health & human development,,
Glasgow,MA (hons) global sustainable development,https://www.gla.ac.uk/undergraduate/degrees/global-sustainable-development/,Year 2,Leadership & teamworking,,
Glasgow,MA (hons) global sustainable development,https://www.gla.ac.uk/undergraduate/degrees/global-sustainable-development/,Year 2,Political economy of globalisation & development,,
Glasgow,MA (hons) global sustainable development,https://www.gla.ac.uk/undergraduate/degrees/global-sustainable-development/,Year 2,Politics and the environment,,
Glasgow,MA (hons) global sustainable development,https://www.gla.ac.uk/undergraduate/degrees/global-sustainable-development/,Year 2,Environmental communication & behaviour change.,,
Glasgow,MA (hons) global sustainable development,https://www.gla.ac.uk/undergraduate/degrees/global-sustainable-development/,Year 2,Global Perspectives on Health and Human Development,,core
Glasgow,MA (hons) global sustainable development,https://www.gla.ac.uk/undergraduate/degrees/global-sustainable-development/,Year 2,Ethics,,core
Glasgow,MA (hons) global sustainable development,https://www.gla.ac.uk/undergraduate/degrees/global-sustainable-development/,Year 2,Political Economy of Globalisation and Development,,core
Glasgow,MA (hons) global sustainable development,https://www.gla.ac.uk/undergraduate/degrees/global-sustainable-development/,Year 2,Politics and the Environment,,core
Glasgow,MA (hons) global sustainable development,https://www.gla.ac.uk/undergraduate/degrees/global-sustainable-development/,Year 2,Environmental Communication and Behaviour Change,,core
Glasgow,MA (hons) global sustainable development,https://www.gla.ac.uk/undergraduate/degrees/global-sustainable-development/,Year 3,Advanced texts in sustainable development,,
Glasgow,MA (hons) global sustainable development,https://www.gla.ac.uk/undergraduate/degrees/global-sustainable-development/,Year 3,Innovation & enterprise for sustainability,,
Glasgow,MA (hons) global sustainable development,https://www.gla.ac.uk/undergraduate/degrees/global-sustainable-development/,Year 3,Research methods for social science,,
Glasgow,MA (hons) global sustainable development,https://www.gla.ac.uk/undergraduate/degrees/global-sustainable-development/,Year 3,Dissertation or placement in industry.,,
Glasgow,MA (hons) global sustainable development,https://www.gla.ac.uk/undergraduate/degrees/global-sustainable-development/,Year 3,"Natural capital promotion, development, investment and monitoring",,
Glasgow,MA (hons) global sustainable development,https://www.gla.ac.uk/undergraduate/degrees/global-sustainable-development/,Year 3,Community climate action,,
Glasgow,MA (hons) global sustainable development,https://www.gla.ac.uk/undergraduate/degrees/global-sustainable-development/,Year 3,Role of cultural and creative sector in sustainable development.,,
Glasgow,MA (hons) global sustainable development,https://www.gla.ac.uk/undergraduate/degrees/global-sustainable-development/,Year 3,Advanced Texts in Sustainable Development,,core
Glasgow,MA (hons) global sustainable development,https://www.gla.ac.uk/undergraduate/degrees/global-sustainable-development/,Year 3,Innovation and Enterprise for Sustainability,,core
Glasgow,MA (hons) global sustainable development,https://www.gla.ac.uk/undergraduate/degrees/global-sustainable-development/,Year 3,Research Methods for Social Science,,core
Glasgow,MA (hons) global sustainable development,https://www.gla.ac.uk/undergraduate/degrees/global-sustainable-development/,Year 3,Dissertation 3,,optional
Glasgow,MA (hons) global sustainable development,https://www.gla.ac.uk/undergraduate/degrees/global-sustainable-development/,Year 3,Placement (International),,optional
Glasgow,MA (hons) global sustainable development,https://www.gla.ac.uk/undergraduate/degrees/global-sustainable-development/,Year 4,Sustainable development field course,,
Glasgow,MA (hons) global sustainable development,https://www.gla.ac.uk/undergraduate/degrees/global-sustainable-development/,Year 4,Ethics,,
Glasgow,MA (hons) global sustainable development,https://www.gla.ac.uk/undergraduate/degrees/global-sustainable-development/,Year 4,Migration & development,,
Glasgow,MA (hons) global sustainable development,https://www.gla.ac.uk/undergraduate/degrees/global-sustainable-development/,Year 4,Water resources,,
Glasgow,MA (hons) global sustainable development,https://www.gla.ac.uk/undergraduate/degrees/global-sustainable-development/,Year 4,Honours action research project.,,
Glasgow,MA (hons) global sustainable development,https://www.gla.ac.uk/undergraduate/degrees/global-sustainable-development/,Year 4,Environmental Field Course,,core
Glasgow,MA (hons) global sustainable development,https://www.gla.ac.uk/undergraduate/degrees/global-sustainable-development/,Year 4,Migration and development,,core
Glasgow,MA (hons) global sustainable development,https://www.gla.ac.uk/undergraduate/degrees/global-sustainable-development/,Year 4,Water resources policy and governance,,core
Glasgow,MA (hons) global sustainable development,https://www.gla.ac.uk/undergraduate/degrees/global-sustainable-development/,Year 4,Honours Action Research Project II,,core
Glasgow,MA(SocSci) (hons) politics/ psychology,http://www.gla.ac.uk/undergraduate/degrees/politics/,Year 1,Introduction to International Relations uses the ideas of important writers to explain key aspects of the international order.,,
Glasgow,MA(SocSci) (hons) politics/ psychology,http://www.gla.ac.uk/undergraduate/degrees/politics/,Year 2,Politics 1A: Introduction to Politics,,
Glasgow,MA(SocSci) (hons) politics/ psychology,http://www.gla.ac.uk/undergraduate/degrees/politics/,Year 2,Politics 1B: Introduction to International Relations,,
Glasgow,MA(SocSci) (hons) politics/ psychology,http://www.gla.ac.uk/undergraduate/degrees/politics/,Year 2,Politics 2A: History Of Political Thought,,
Glasgow,MA(SocSci) (hons) politics/ psychology,http://www.gla.ac.uk/undergraduate/degrees/politics/,Year 2,Politics 2B: Introduction to Comparative Politics,,
Glasgow,MA(SocSci) (hons) politics/ psychology,http://www.gla.ac.uk/undergraduate/degrees/politics/,Year 2,African Politics in Global Perspective,,
Glasgow,MA(SocSci) (hons) politics/ psychology,http://www.gla.ac.uk/undergraduate/degrees/politics/,Year 2,American Politics,,
Glasgow,MA(SocSci) (hons) politics/ psychology,http://www.gla.ac.uk/undergraduate/degrees/politics/,Year 2,"Authoritarianism: Concepts, Theories and Comparative Analysis",,
Glasgow,MA(SocSci) (hons) politics/ psychology,http://www.gla.ac.uk/undergraduate/degrees/politics/,Year 2,British Prime Ministers since 1945,,
Glasgow,MA(SocSci) (hons) politics/ psychology,http://www.gla.ac.uk/undergraduate/degrees/politics/,Year 2,China's International Relations,,
Glasgow,MA(SocSci) (hons) politics/ psychology,http://www.gla.ac.uk/undergraduate/degrees/politics/,Year 2,Comparative Perspectives on Populism,,
Glasgow,MA(SocSci) (hons) politics/ psychology,http://www.gla.ac.uk/undergraduate/degrees/politics/,Year 2,Comparative Public Opinion,,
Glasgow,MA(SocSci) (hons) politics/ psychology,http://www.gla.ac.uk/undergraduate/degrees/politics/,Year 2,Government and Public Policy in the UK,,
Glasgow,MA(SocSci) (hons) politics/ psychology,http://www.gla.ac.uk/undergraduate/degrees/politics/,Year 2,Equality and Justice,,
Glasgow,MA(SocSci) (hons) politics/ psychology,http://www.gla.ac.uk/undergraduate/degrees/politics/,Year 2,Global Environmental Politics,,
Glasgow,MA(SocSci) (hons) politics/ psychology,http://www.gla.ac.uk/undergraduate/degrees/politics/,Year 2,Global Inequality and International Development,,
Glasgow,MA(SocSci) (hons) politics/ psychology,http://www.gla.ac.uk/undergraduate/degrees/politics/,Year 2,Political Ideas that Changed the World,,
Glasgow,MA(SocSci) (hons) politics/ psychology,http://www.gla.ac.uk/undergraduate/degrees/politics/,Year 2,Human Rights In Global Perspective,,
Glasgow,MA(SocSci) (hons) politics/ psychology,http://www.gla.ac.uk/undergraduate/degrees/politics/,Year 2,International Organizations,,
Glasgow,MA(SocSci) (hons) politics/ psychology,http://www.gla.ac.uk/undergraduate/degrees/politics/,Year 2,International Political Communication / International Political Communication,,
Glasgow,MA(SocSci) (hons) politics/ psychology,http://www.gla.ac.uk/undergraduate/degrees/politics/,Year 2,International Political Economy,,
Glasgow,MA(SocSci) (hons) politics/ psychology,http://www.gla.ac.uk/undergraduate/degrees/politics/,Year 2,Politics of the Middle East,,
Glasgow,MA(SocSci) (hons) politics/ psychology,http://www.gla.ac.uk/undergraduate/degrees/politics/,Year 2,Narratives of War and Conflict,,
Glasgow,MA(SocSci) (hons) politics/ psychology,http://www.gla.ac.uk/undergraduate/degrees/politics/,Year 2,Political Parties and Democracy: Global Party Politics in Transition,,
Glasgow,MA(SocSci) (hons) politics/ psychology,http://www.gla.ac.uk/undergraduate/degrees/politics/,Year 2,Politics Of The European Union,,
Glasgow,MA(SocSci) (hons) politics/ psychology,http://www.gla.ac.uk/undergraduate/degrees/politics/,Year 2,Politics of Terror,,
Glasgow,MA(SocSci) (hons) politics/ psychology,http://www.gla.ac.uk/undergraduate/degrees/politics/,Year 2,Politics and Popular Culture,,
Glasgow,MA(SocSci) (hons) politics/ psychology,http://www.gla.ac.uk/undergraduate/degrees/politics/,Year 2,The Psychology of Politics,,
Glasgow,MA(SocSci) (hons) politics/ psychology,http://www.gla.ac.uk/undergraduate/degrees/politics/,Year 2,"Radical Politics: Marx, Marxism and Anarchism",,
Glasgow,MA(SocSci) (hons) politics/ psychology,http://www.gla.ac.uk/undergraduate/degrees/politics/,Year 2,Social Movements,,
Glasgow,MA(SocSci) (hons) politics/ psychology,http://www.gla.ac.uk/undergraduate/degrees/politics/,Year 2,The Politics of Borders,,
Glasgow,MA(SocSci) (hons) politics/ psychology,http://www.gla.ac.uk/undergraduate/degrees/politics/,Year 2,Business and Politics,,
Glasgow,MA(SocSci) (hons) politics/ psychology,http://www.gla.ac.uk/undergraduate/degrees/politics/,Year 2,Chinese Politics,,
Glasgow,MA(SocSci) (hons) politics/ psychology,http://www.gla.ac.uk/undergraduate/degrees/politics/,Year 2,Citizenship And Democracy,,
Glasgow,MA(SocSci) (hons) politics/ psychology,http://www.gla.ac.uk/undergraduate/degrees/politics/,Year 2,Challenges to Democracy,,
Glasgow,MA(SocSci) (hons) politics/ psychology,http://www.gla.ac.uk/undergraduate/degrees/politics/,Year 2,Comparative European Politics,,
Glasgow,MA(SocSci) (hons) politics/ psychology,http://www.gla.ac.uk/undergraduate/degrees/politics/,Year 2,Contemporary Challenges in Politics,,
Glasgow,MA(SocSci) (hons) politics/ psychology,http://www.gla.ac.uk/undergraduate/degrees/politics/,Year 2,Defying Dictators:Political Opposition in Authoritarian States,,
Glasgow,MA(SocSci) (hons) politics/ psychology,http://www.gla.ac.uk/undergraduate/degrees/politics/,Year 2,Elections and Voters,,
Glasgow,MA(SocSci) (hons) politics/ psychology,http://www.gla.ac.uk/undergraduate/degrees/politics/,Year 2,Feminist Perspectives on Politics / Feminist Perspectives on Politics,,
Glasgow,MA(SocSci) (hons) politics/ psychology,http://www.gla.ac.uk/undergraduate/degrees/politics/,Year 2,Global Distributive Justice,,
Glasgow,MA(SocSci) (hons) politics/ psychology,http://www.gla.ac.uk/undergraduate/degrees/politics/,Year 2,Issues In British Politics / Politics 3: Issues in British Politics,,
Glasgow,MA(SocSci) (hons) politics/ psychology,http://www.gla.ac.uk/undergraduate/degrees/politics/,Year 2,Issues In International Relations,,
Glasgow,MA(SocSci) (hons) politics/ psychology,http://www.gla.ac.uk/undergraduate/degrees/politics/,Year 2,Latin American Politics,,
Glasgow,MA(SocSci) (hons) politics/ psychology,http://www.gla.ac.uk/undergraduate/degrees/politics/,Year 2,"Politics, Communication and Democracy",,
Glasgow,MA(SocSci) (hons) politics/ psychology,http://www.gla.ac.uk/undergraduate/degrees/politics/,Year 2,The Politics of Immigration,,
Glasgow,MA(SocSci) (hons) politics/ psychology,http://www.gla.ac.uk/undergraduate/degrees/politics/,Year 2,Post-colonial and De-colonial International Theory,,
Glasgow,MA(SocSci) (hons) politics/ psychology,http://www.gla.ac.uk/undergraduate/degrees/politics/,Year 2,"Protest Politics in a Post-Political Age: Reform, Resistance or Revolution?",,
Glasgow,MA(SocSci) (hons) politics/ psychology,http://www.gla.ac.uk/undergraduate/degrees/politics/,Year 2,Scottish Politics / Scottish Politics,,
Glasgow,MA(SocSci) (hons) politics/ psychology,http://www.gla.ac.uk/undergraduate/degrees/politics/,Year 2,Securitisation and the New Security Agenda,,
Glasgow,MA(SocSci) (hons) politics/ psychology,http://www.gla.ac.uk/undergraduate/degrees/politics/,Year 2,US Foreign Policy,,
Glasgow,MA(SocSci) (hons) politics/ psychology,http://www.gla.ac.uk/undergraduate/degrees/politics/,Year 2,War and International Security,,
Glasgow,MA(SocSci) (hons) international relations & sociology,https://www.gla.ac.uk/undergraduate/degrees/internationalrelations/,Year 1,Introduction to International Relations introduces you to key approaches to explaining and understanding key aspects of international order.,,
Glasgow,MA(SocSci) (hons) international relations & sociology,https://www.gla.ac.uk/undergraduate/degrees/internationalrelations/,Year 2,Politics 1A: Introduction to Politics,,
Glasgow,MA(SocSci) (hons) international relations & sociology,https://www.gla.ac.uk/undergraduate/degrees/internationalrelations/,Year 2,Politics 1B: Introduction to International Relations,,
Glasgow,MA(SocSci) (hons) international relations & sociology,https://www.gla.ac.uk/undergraduate/degrees/internationalrelations/,Year 2,Politics 2A: History Of Political Thought,,
Glasgow,MA(SocSci) (hons) international relations & sociology,https://www.gla.ac.uk/undergraduate/degrees/internationalrelations/,Year 2,Politics 2B: Introduction to Comparative Politics,,
Glasgow,MA(SocSci) (hons) international relations & sociology,https://www.gla.ac.uk/undergraduate/degrees/internationalrelations/,Year 3,International Relations Concepts,,
Glasgow,MA(SocSci) (hons) international relations & sociology,https://www.gla.ac.uk/undergraduate/degrees/internationalrelations/,Year 3,African Politics in Global Perspective,,optional
Glasgow,MA(SocSci) (hons) international relations & sociology,https://www.gla.ac.uk/undergraduate/degrees/internationalrelations/,Year 3,American Politics,,optional
Glasgow,MA(SocSci) (hons) international relations & sociology,https://www.gla.ac.uk/undergraduate/degrees/internationalrelations/,Year 3,"Authoritarianism: Concepts, Theories and Comparative Analysis",,optional
Glasgow,MA(SocSci) (hons) international relations & sociology,https://www.gla.ac.uk/undergraduate/degrees/internationalrelations/,Year 3,British Prime Ministers since 1945,,optional
Glasgow,MA(SocSci) (hons) international relations & sociology,https://www.gla.ac.uk/undergraduate/degrees/internationalrelations/,Year 3,China's International Relations,,optional
Glasgow,MA(SocSci) (hons) international relations & sociology,https://www.gla.ac.uk/undergraduate/degrees/internationalrelations/,Year 3,Comparative Perspectives on Populism,,optional
Glasgow,MA(SocSci) (hons) international relations & sociology,https://www.gla.ac.uk/undergraduate/degrees/internationalrelations/,Year 3,Comparative Public Opinion,,optional
Glasgow,MA(SocSci) (hons) international relations & sociology,https://www.gla.ac.uk/undergraduate/degrees/internationalrelations/,Year 3,Government and Public Policy in the UK,,optional
Glasgow,MA(SocSci) (hons) international relations & sociology,https://www.gla.ac.uk/undergraduate/degrees/internationalrelations/,Year 3,Equality and Justice,,optional
Glasgow,MA(SocSci) (hons) international relations & sociology,https://www.gla.ac.uk/undergraduate/degrees/internationalrelations/,Year 3,Global Environmental Politics,,optional
Glasgow,MA(SocSci) (hons) international relations & sociology,https://www.gla.ac.uk/undergraduate/degrees/internationalrelations/,Year 3,Global Inequality and International Development,,optional
Glasgow,MA(SocSci) (hons) international relations & sociology,https://www.gla.ac.uk/undergraduate/degrees/internationalrelations/,Year 3,Political Ideas that Changed the World,,optional
Glasgow,MA(SocSci) (hons) international relations & sociology,https://www.gla.ac.uk/undergraduate/degrees/internationalrelations/,Year 3,Human Rights In Global Perspective,,optional
Glasgow,MA(SocSci) (hons) international relations & sociology,https://www.gla.ac.uk/undergraduate/degrees/internationalrelations/,Year 3,International Organizations,,optional
Glasgow,MA(SocSci) (hons) international relations & sociology,https://www.gla.ac.uk/undergraduate/degrees/internationalrelations/,Year 3,International Political Communication / International Political Communication,,optional
Glasgow,MA(SocSci) (hons) international relations & sociology,https://www.gla.ac.uk/undergraduate/degrees/internationalrelations/,Year 3,International Political Economy,,optional
Glasgow,MA(SocSci) (hons) international relations & sociology,https://www.gla.ac.uk/undergraduate/degrees/internationalrelations/,Year 3,Politics of the Middle East,,optional
Glasgow,MA(SocSci) (hons) international relations & sociology,https://www.gla.ac.uk/undergraduate/degrees/internationalrelations/,Year 3,Narratives of War and Conflict,,optional
Glasgow,MA(SocSci) (hons) international relations & sociology,https://www.gla.ac.uk/undergraduate/degrees/internationalrelations/,Year 3,Political Parties and Democracy: Global Party Politics in Transition,,optional
Glasgow,MA(SocSci) (hons) international relations & sociology,https://www.gla.ac.uk/undergraduate/degrees/internationalrelations/,Year 3,Politics Of The European Union,,optional
Glasgow,MA(SocSci) (hons) international relations & sociology,https://www.gla.ac.uk/undergraduate/degrees/internationalrelations/,Year 3,Politics of Terror,,optional
Glasgow,MA(SocSci) (hons) international relations & sociology,https://www.gla.ac.uk/undergraduate/degrees/internationalrelations/,Year 3,Politics and Popular Culture,,optional
Glasgow,MA(SocSci) (hons) international relations & sociology,https://www.gla.ac.uk/undergraduate/degrees/internationalrelations/,Year 3,The Psychology of Politics,,optional
Glasgow,MA(SocSci) (hons) international relations & sociology,https://www.gla.ac.uk/undergraduate/degrees/internationalrelations/,Year 3,"Radical Politics: Marx, Marxism and Anarchism",,optional
Glasgow,MA(SocSci) (hons) international relations & sociology,https://www.gla.ac.uk/undergraduate/degrees/internationalrelations/,Year 3,Social Movements,,optional
Glasgow,MA(SocSci) (hons) international relations & sociology,https://www.gla.ac.uk/undergraduate/degrees/internationalrelations/,Year 3,The Politics of Borders,,optional
Glasgow,MA(SocSci) (hons) international relations & sociology,https://www.gla.ac.uk/undergraduate/degrees/internationalrelations/,Year 3,Business and Politics,,optional
Glasgow,MA(SocSci) (hons) international relations & sociology,https://www.gla.ac.uk/undergraduate/degrees/internationalrelations/,Year 3,Chinese Politics,,optional
Glasgow,MA(SocSci) (hons) international relations & sociology,https://www.gla.ac.uk/undergraduate/degrees/internationalrelations/,Year 3,Citizenship And Democracy,,optional
Glasgow,MA(SocSci) (hons) international relations & sociology,https://www.gla.ac.uk/undergraduate/degrees/internationalrelations/,Year 3,Challenges to Democracy,,optional
Glasgow,MA(SocSci) (hons) international relations & sociology,https://www.gla.ac.uk/undergraduate/degrees/internationalrelations/,Year 3,Comparative European Politics,,optional
Glasgow,MA(SocSci) (hons) international relations & sociology,https://www.gla.ac.uk/undergraduate/degrees/internationalrelations/,Year 3,Contemporary Challenges in Politics,,optional
Glasgow,MA(SocSci) (hons) international relations & sociology,https://www.gla.ac.uk/undergraduate/degrees/internationalrelations/,Year 3,Defying Dictators:Political Opposition in Authoritarian States,,optional
Glasgow,MA(SocSci) (hons) international relations & sociology,https://www.gla.ac.uk/undergraduate/degrees/internationalrelations/,Year 3,Elections and Voters,,optional
Glasgow,MA(SocSci) (hons) international relations & sociology,https://www.gla.ac.uk/undergraduate/degrees/internationalrelations/,Year 3,Feminist Perspectives on Politics / Feminist Perspectives on Politics,,optional
Glasgow,MA(SocSci) (hons) international relations & sociology,https://www.gla.ac.uk/undergraduate/degrees/internationalrelations/,Year 3,Global Distributive Justice,,optional
Glasgow,MA(SocSci) (hons) international relations & sociology,https://www.gla.ac.uk/undergraduate/degrees/internationalrelations/,Year 3,Issues In British Politics / Politics 3: Issues in British Politics,,optional
Glasgow,MA(SocSci) (hons) international relations & sociology,https://www.gla.ac.uk/undergraduate/degrees/internationalrelations/,Year 3,Issues In International Relations,,optional
Glasgow,MA(SocSci) (hons) international relations & sociology,https://www.gla.ac.uk/undergraduate/degrees/internationalrelations/,Year 3,Latin American Politics,,optional
Glasgow,MA(SocSci) (hons) international relations & sociology,https://www.gla.ac.uk/undergraduate/degrees/internationalrelations/,Year 3,"Politics, Communication and Democracy",,optional
Glasgow,MA(SocSci) (hons) international relations & sociology,https://www.gla.ac.uk/undergraduate/degrees/internationalrelations/,Year 3,The Politics of Immigration,,optional
Glasgow,MA(SocSci) (hons) international relations & sociology,https://www.gla.ac.uk/undergraduate/degrees/internationalrelations/,Year 3,Post-colonial and De-colonial International Theory,,optional
Glasgow,MA(SocSci) (hons) international relations & sociology,https://www.gla.ac.uk/undergraduate/degrees/internationalrelations/,Year 3,"Protest Politics in a Post-Political Age: Reform, Resistance or Revolution?",,optional
Glasgow,MA(SocSci) (hons) international relations & sociology,https://www.gla.ac.uk/undergraduate/degrees/internationalrelations/,Year 3,Scottish Politics / Scottish Politics,,optional
Glasgow,MA(SocSci) (hons) international relations & sociology,https://www.gla.ac.uk/undergraduate/degrees/internationalrelations/,Year 3,Securitisation and the New Security Agenda,,optional
Glasgow,MA(SocSci) (hons) international relations & sociology,https://www.gla.ac.uk/undergraduate/degrees/internationalrelations/,Year 3,US Foreign Policy,,optional
Glasgow,MA(SocSci) (hons) international relations & sociology,https://www.gla.ac.uk/undergraduate/degrees/internationalrelations/,Year 3,War and International Security,,optional
Glasgow,MA(SocSci) (hons) politics/ psychology,http://www.gla.ac.uk/undergraduate/degrees/politics/,Year 1,Introduction to International Relations uses the ideas of important writers to explain key aspects of the international order.,,
Glasgow,MA(SocSci) (hons) politics/ psychology,http://www.gla.ac.uk/undergraduate/degrees/politics/,Year 2,Politics 1A: Introduction to Politics,,
Glasgow,MA(SocSci) (hons) politics/ psychology,http://www.gla.ac.uk/undergraduate/degrees/politics/,Year 2,Politics 1B: Introduction to International Relations,,
Glasgow,MA(SocSci) (hons) politics/ psychology,http://www.gla.ac.uk/undergraduate/degrees/politics/,Year 2,Politics 2A: History Of Political Thought,,
Glasgow,MA(SocSci) (hons) politics/ psychology,http://www.gla.ac.uk/undergraduate/degrees/politics/,Year 2,Politics 2B: Introduction to Comparative Politics,,
Glasgow,MA(SocSci) (hons) politics/ psychology,http://www.gla.ac.uk/undergraduate/degrees/politics/,Year 2,African Politics in Global Perspective,,
Glasgow,MA(SocSci) (hons) politics/ psychology,http://www.gla.ac.uk/undergraduate/degrees/politics/,Year 2,American Politics,,
Glasgow,MA(SocSci) (hons) politics/ psychology,http://www.gla.ac.uk/undergraduate/degrees/politics/,Year 2,"Authoritarianism: Concepts, Theories and Comparative Analysis",,
Glasgow,MA(SocSci) (hons) politics/ psychology,http://www.gla.ac.uk/undergraduate/degrees/politics/,Year 2,British Prime Ministers since 1945,,
Glasgow,MA(SocSci) (hons) politics/ psychology,http://www.gla.ac.uk/undergraduate/degrees/politics/,Year 2,China's International Relations,,
Glasgow,MA(SocSci) (hons) politics/ psychology,http://www.gla.ac.uk/undergraduate/degrees/politics/,Year 2,Comparative Perspectives on Populism,,
Glasgow,MA(SocSci) (hons) politics/ psychology,http://www.gla.ac.uk/undergraduate/degrees/politics/,Year 2,Comparative Public Opinion,,
Glasgow,MA(SocSci) (hons) politics/ psychology,http://www.gla.ac.uk/undergraduate/degrees/politics/,Year 2,Government and Public Policy in the UK,,
Glasgow,MA(SocSci) (hons) politics/ psychology,http://www.gla.ac.uk/undergraduate/degrees/politics/,Year 2,Equality and Justice,,
Glasgow,MA(SocSci) (hons) politics/ psychology,http://www.gla.ac.uk/undergraduate/degrees/politics/,Year 2,Global Environmental Politics,,
Glasgow,MA(SocSci) (hons) politics/ psychology,http://www.gla.ac.uk/undergraduate/degrees/politics/,Year 2,Global Inequality and International Development,,
Glasgow,MA(SocSci) (hons) politics/ psychology,http://www.gla.ac.uk/undergraduate/degrees/politics/,Year 2,Political Ideas that Changed the World,,
Glasgow,MA(SocSci) (hons) politics/ psychology,http://www.gla.ac.uk/undergraduate/degrees/politics/,Year 2,Human Rights In Global Perspective,,
Glasgow,MA(SocSci) (hons) politics/ psychology,http://www.gla.ac.uk/undergraduate/degrees/politics/,Year 2,International Organizations,,
Glasgow,MA(SocSci) (hons) politics/ psychology,http://www.gla.ac.uk/undergraduate/degrees/politics/,Year 2,International Political Communication / International Political Communication,,
Glasgow,MA(SocSci) (hons) politics/ psychology,http://www.gla.ac.uk/undergraduate/degrees/politics/,Year 2,International Political Economy,,
Glasgow,MA(SocSci) (hons) politics/ psychology,http://www.gla.ac.uk/undergraduate/degrees/politics/,Year 2,Politics of the Middle East,,
Glasgow,MA(SocSci) (hons) politics/ psychology,http://www.gla.ac.uk/undergraduate/degrees/politics/,Year 2,Narratives of War and Conflict,,
Glasgow,MA(SocSci) (hons) politics/ psychology,http://www.gla.ac.uk/undergraduate/degrees/politics/,Year 2,Political Parties and Democracy: Global Party Politics in Transition,,
Glasgow,MA(SocSci) (hons) politics/ psychology,http://www.gla.ac.uk/undergraduate/degrees/politics/,Year 2,Politics Of The European Union,,
Glasgow,MA(SocSci) (hons) politics/ psychology,http://www.gla.ac.uk/undergraduate/degrees/politics/,Year 2,Politics of Terror,,
Glasgow,MA(SocSci) (hons) politics/ psychology,http://www.gla.ac.uk/undergraduate/degrees/politics/,Year 2,Politics and Popular Culture,,
Glasgow,MA(SocSci) (hons) politics/ psychology,http://www.gla.ac.uk/undergraduate/degrees/politics/,Year 2,The Psychology of Politics,,
Glasgow,MA(SocSci) (hons) politics/ psychology,http://www.gla.ac.uk/undergraduate/degrees/politics/,Year 2,"Radical Politics: Marx, Marxism and Anarchism",,
Glasgow,MA(SocSci) (hons) politics/ psychology,http://www.gla.ac.uk/undergraduate/degrees/politics/,Year 2,Social Movements,,
Glasgow,MA(SocSci) (hons) politics/ psychology,http://www.gla.ac.uk/undergraduate/degrees/politics/,Year 2,The Politics of Borders,,
Glasgow,MA(SocSci) (hons) politics/ psychology,http://www.gla.ac.uk/undergraduate/degrees/politics/,Year 2,Business and Politics,,
Glasgow,MA(SocSci) (hons) politics/ psychology,http://www.gla.ac.uk/undergraduate/degrees/politics/,Year 2,Chinese Politics,,
Glasgow,MA(SocSci) (hons) politics/ psychology,http://www.gla.ac.uk/undergraduate/degrees/politics/,Year 2,Citizenship And Democracy,,
Glasgow,MA(SocSci) (hons) politics/ psychology,http://www.gla.ac.uk/undergraduate/degrees/politics/,Year 2,Challenges to Democracy,,
Glasgow,MA(SocSci) (hons) politics/ psychology,http://www.gla.ac.uk/undergraduate/degrees/politics/,Year 2,Comparative European Politics,,
Glasgow,MA(SocSci) (hons) politics/ psychology,http://www.gla.ac.uk/undergraduate/degrees/politics/,Year 2,Contemporary Challenges in Politics,,
Glasgow,MA(SocSci) (hons) politics/ psychology,http://www.gla.ac.uk/undergraduate/degrees/politics/,Year 2,Defying Dictators:Political Opposition in Authoritarian States,,
Glasgow,MA(SocSci) (hons) politics/ psychology,http://www.gla.ac.uk/undergraduate/degrees/politics/,Year 2,Elections and Voters,,
Glasgow,MA(SocSci) (hons) politics/ psychology,http://www.gla.ac.uk/undergraduate/degrees/politics/,Year 2,Feminist Perspectives on Politics / Feminist Perspectives on Politics,,
Glasgow,MA(SocSci) (hons) politics/ psychology,http://www.gla.ac.uk/undergraduate/degrees/politics/,Year 2,Global Distributive Justice,,
Glasgow,MA(SocSci) (hons) politics/ psychology,http://www.gla.ac.uk/undergraduate/degrees/politics/,Year 2,Issues In British Politics / Politics 3: Issues in British Politics,,
Glasgow,MA(SocSci) (hons) politics/ psychology,http://www.gla.ac.uk/undergraduate/degrees/politics/,Year 2,Issues In International Relations,,
Glasgow,MA(SocSci) (hons) politics/ psychology,http://www.gla.ac.uk/undergraduate/degrees/politics/,Year 2,Latin American Politics,,
Glasgow,MA(SocSci) (hons) politics/ psychology,http://www.gla.ac.uk/undergraduate/degrees/politics/,Year 2,"Politics, Communication and Democracy",,
Glasgow,MA(SocSci) (hons) politics/ psychology,http://www.gla.ac.uk/undergraduate/degrees/politics/,Year 2,The Politics of Immigration,,
Glasgow,MA(SocSci) (hons) politics/ psychology,http://www.gla.ac.uk/undergraduate/degrees/politics/,Year 2,Post-colonial and De-colonial International Theory,,
Glasgow,MA(SocSci) (hons) politics/ psychology,http://www.gla.ac.uk/undergraduate/degrees/politics/,Year 2,"Protest Politics in a Post-Political Age: Reform, Resistance or Revolution?",,
Glasgow,MA(SocSci) (hons) politics/ psychology,http://www.gla.ac.uk/undergraduate/degrees/politics/,Year 2,Scottish Politics / Scottish Politics,,
Glasgow,MA(SocSci) (hons) politics/ psychology,http://www.gla.ac.uk/undergraduate/degrees/politics/,Year 2,Securitisation and the New Security Agenda,,
Glasgow,MA(SocSci) (hons) politics/ psychology,http://www.gla.ac.uk/undergraduate/degrees/politics/,Year 2,US Foreign Policy,,
Glasgow,MA(SocSci) (hons) politics/ psychology,http://www.gla.ac.uk/undergraduate/degrees/politics/,Year 2,War and International Security,,
Glasgow,MA(SocSci) (hons) international relations & sociology,https://www.gla.ac.uk/undergraduate/degrees/internationalrelations/,Year 1,Introduction to International Relations introduces you to key approaches to explaining and understanding key aspects of international order.,,
Glasgow,MA(SocSci) (hons) international relations & sociology,https://www.gla.ac.uk/undergraduate/degrees/internationalrelations/,Year 2,Politics 1A: Introduction to Politics,,
Glasgow,MA(SocSci) (hons) international relations & sociology,https://www.gla.ac.uk/undergraduate/degrees/internationalrelations/,Year 2,Politics 1B: Introduction to International Relations,,
Glasgow,MA(SocSci) (hons) international relations & sociology,https://www.gla.ac.uk/undergraduate/degrees/internationalrelations/,Year 2,Politics 2A: History Of Political Thought,,
Glasgow,MA(SocSci) (hons) international relations & sociology,https://www.gla.ac.uk/undergraduate/degrees/internationalrelations/,Year 2,Politics 2B: Introduction to Comparative Politics,,
Glasgow,MA(SocSci) (hons) international relations & sociology,https://www.gla.ac.uk/undergraduate/degrees/internationalrelations/,Year 3,International Relations Concepts,,
Glasgow,MA(SocSci) (hons) international relations & sociology,https://www.gla.ac.uk/undergraduate/degrees/internationalrelations/,Year 3,African Politics in Global Perspective,,optional
Glasgow,MA(SocSci) (hons) international relations & sociology,https://www.gla.ac.uk/undergraduate/degrees/internationalrelations/,Year 3,American Politics,,optional
Glasgow,MA(SocSci) (hons) international relations & sociology,https://www.gla.ac.uk/undergraduate/degrees/internationalrelations/,Year 3,"Authoritarianism: Concepts, Theories and Comparative Analysis",,optional
Glasgow,MA(SocSci) (hons) international relations & sociology,https://www.gla.ac.uk/undergraduate/degrees/internationalrelations/,Year 3,British Prime Ministers since 1945,,optional
Glasgow,MA(SocSci) (hons) international relations & sociology,https://www.gla.ac.uk/undergraduate/degrees/internationalrelations/,Year 3,China's International Relations,,optional
Glasgow,MA(SocSci) (hons) international relations & sociology,https://www.gla.ac.uk/undergraduate/degrees/internationalrelations/,Year 3,Comparative Perspectives on Populism,,optional
Glasgow,MA(SocSci) (hons) international relations & sociology,https://www.gla.ac.uk/undergraduate/degrees/internationalrelations/,Year 3,Comparative Public Opinion,,optional
Glasgow,MA(SocSci) (hons) international relations & sociology,https://www.gla.ac.uk/undergraduate/degrees/internationalrelations/,Year 3,Government and Public Policy in the UK,,optional
Glasgow,MA(SocSci) (hons) international relations & sociology,https://www.gla.ac.uk/undergraduate/degrees/internationalrelations/,Year 3,Equality and Justice,,optional
Glasgow,MA(SocSci) (hons) international relations & sociology,https://www.gla.ac.uk/undergraduate/degrees/internationalrelations/,Year 3,Global Environmental Politics,,optional
Glasgow,MA(SocSci) (hons) international relations & sociology,https://www.gla.ac.uk/undergraduate/degrees/internationalrelations/,Year 3,Global Inequality and International Development,,optional
Glasgow,MA(SocSci) (hons) international relations & sociology,https://www.gla.ac.uk/undergraduate/degrees/internationalrelations/,Year 3,Political Ideas that Changed the World,,optional
Glasgow,MA(SocSci) (hons) international relations & sociology,https://www.gla.ac.uk/undergraduate/degrees/internationalrelations/,Year 3,Human Rights In Global Perspective,,optional
Glasgow,MA(SocSci) (hons) international relations & sociology,https://www.gla.ac.uk/undergraduate/degrees/internationalrelations/,Year 3,International Organizations,,optional
Glasgow,MA(SocSci) (hons) international relations & sociology,https://www.gla.ac.uk/undergraduate/degrees/internationalrelations/,Year 3,International Political Communication / International Political Communication,,optional
Glasgow,MA(SocSci) (hons) international relations & sociology,https://www.gla.ac.uk/undergraduate/degrees/internationalrelations/,Year 3,International Political Economy,,optional
Glasgow,MA(SocSci) (hons) international relations & sociology,https://www.gla.ac.uk/undergraduate/degrees/internationalrelations/,Year 3,Politics of the Middle East,,optional
Glasgow,MA(SocSci) (hons) international relations & sociology,https://www.gla.ac.uk/undergraduate/degrees/internationalrelations/,Year 3,Narratives of War and Conflict,,optional
Glasgow,MA(SocSci) (hons) international relations & sociology,https://www.gla.ac.uk/undergraduate/degrees/internationalrelations/,Year 3,Political Parties and Democracy: Global Party Politics in Transition,,optional
Glasgow,MA(SocSci) (hons) international relations & sociology,https://www.gla.ac.uk/undergraduate/degrees/internationalrelations/,Year 3,Politics Of The European Union,,optional
Glasgow,MA(SocSci) (hons) international relations & sociology,https://www.gla.ac.uk/undergraduate/degrees/internationalrelations/,Year 3,Politics of Terror,,optional
Glasgow,MA(SocSci) (hons) international relations & sociology,https://www.gla.ac.uk/undergraduate/degrees/internationalrelations/,Year 3,Politics and Popular Culture,,optional
Glasgow,MA(SocSci) (hons) international relations & sociology,https://www.gla.ac.uk/undergraduate/degrees/internationalrelations/,Year 3,The Psychology of Politics,,optional
Glasgow,MA(SocSci) (hons) international relations & sociology,https://www.gla.ac.uk/undergraduate/degrees/internationalrelations/,Year 3,"Radical Politics: Marx, Marxism and Anarchism",,optional
Glasgow,MA(SocSci) (hons) international relations & sociology,https://www.gla.ac.uk/undergraduate/degrees/internationalrelations/,Year 3,Social Movements,,optional
Glasgow,MA(SocSci) (hons) international relations & sociology,https://www.gla.ac.uk/undergraduate/degrees/internationalrelations/,Year 3,The Politics of Borders,,optional
Glasgow,MA(SocSci) (hons) international relations & sociology,https://www.gla.ac.uk/undergraduate/degrees/internationalrelations/,Year 3,Business and Politics,,optional
Glasgow,MA(SocSci) (hons) international relations & sociology,https://www.gla.ac.uk/undergraduate/degrees/internationalrelations/,Year 3,Chinese Politics,,optional
Glasgow,MA(SocSci) (hons) international relations & sociology,https://www.gla.ac.uk/undergraduate/degrees/internationalrelations/,Year 3,Citizenship And Democracy,,optional
Glasgow,MA(SocSci) (hons) international relations & sociology,https://www.gla.ac.uk/undergraduate/degrees/internationalrelations/,Year 3,Challenges to Democracy,,optional
Glasgow,MA(SocSci) (hons) international relations & sociology,https://www.gla.ac.uk/undergraduate/degrees/internationalrelations/,Year 3,Comparative European Politics,,optional
Glasgow,MA(SocSci) (hons) international relations & sociology,https://www.gla.ac.uk/undergraduate/degrees/internationalrelations/,Year 3,Contemporary Challenges in Politics,,optional
Glasgow,MA(SocSci) (hons) international relations & sociology,https://www.gla.ac.uk/undergraduate/degrees/internationalrelations/,Year 3,Defying Dictators:Political Opposition in Authoritarian States,,optional
Glasgow,MA(SocSci) (hons) international relations & sociology,https://www.gla.ac.uk/undergraduate/degrees/internationalrelations/,Year 3,Elections and Voters,,optional
Glasgow,MA(SocSci) (hons) international relations & sociology,https://www.gla.ac.uk/undergraduate/degrees/internationalrelations/,Year 3,Feminist Perspectives on Politics / Feminist Perspectives on Politics,,optional
Glasgow,MA(SocSci) (hons) international relations & sociology,https://www.gla.ac.uk/undergraduate/degrees/internationalrelations/,Year 3,Global Distributive Justice,,optional
Glasgow,MA(SocSci) (hons) international relations & sociology,https://www.gla.ac.uk/undergraduate/degrees/internationalrelations/,Year 3,Issues In British Politics / Politics 3: Issues in British Politics,,optional
Glasgow,MA(SocSci) (hons) international relations & sociology,https://www.gla.ac.uk/undergraduate/degrees/internationalrelations/,Year 3,Issues In International Relations,,optional
Glasgow,MA(SocSci) (hons) international relations & sociology,https://www.gla.ac.uk/undergraduate/degrees/internationalrelations/,Year 3,Latin American Politics,,optional
Glasgow,MA(SocSci) (hons) international relations & sociology,https://www.gla.ac.uk/undergraduate/degrees/internationalrelations/,Year 3,"Politics, Communication and Democracy",,optional
Glasgow,MA(SocSci) (hons) international relations & sociology,https://www.gla.ac.uk/undergraduate/degrees/internationalrelations/,Year 3,The Politics of Immigration,,optional
Glasgow,MA(SocSci) (hons) international relations & sociology,https://www.gla.ac.uk/undergraduate/degrees/internationalrelations/,Year 3,Post-colonial and De-colonial International Theory,,optional
Glasgow,MA(SocSci) (hons) international relations & sociology,https://www.gla.ac.uk/undergraduate/degrees/internationalrelations/,Year 3,"Protest Politics in a Post-Political Age: Reform, Resistance or Revolution?",,optional
Glasgow,MA(SocSci) (hons) international relations & sociology,https://www.gla.ac.uk/undergraduate/degrees/internationalrelations/,Year 3,Scottish Politics / Scottish Politics,,optional
Glasgow,MA(SocSci) (hons) international relations & sociology,https://www.gla.ac.uk/undergraduate/degrees/internationalrelations/,Year 3,Securitisation and the New Security Agenda,,optional
Glasgow,MA(SocSci) (hons) international relations & sociology,https://www.gla.ac.uk/undergraduate/degrees/internationalrelations/,Year 3,US Foreign Policy,,optional
Glasgow,MA(SocSci) (hons) international relations & sociology,https://www.gla.ac.uk/undergraduate/degrees/internationalrelations/,Year 3,War and International Security,,optional
Glasgow,LLB (hons) common law & international relations,https://www.gla.ac.uk/undergraduate/degrees/commonlaw/,Year 1,Common Law System & Method,,
Glasgow,LLB (hons) common law & international relations,https://www.gla.ac.uk/undergraduate/degrees/commonlaw/,Year 1,Constitutional Law,,
Glasgow,LLB (hons) common law & international relations,https://www.gla.ac.uk/undergraduate/degrees/commonlaw/,Year 1,Law of Torts,,
Glasgow,LLB (hons) common law & international relations,https://www.gla.ac.uk/undergraduate/degrees/commonlaw/,Year 1,Criminal Law of England & Wales,,
Glasgow,LLB (hons) common law & international relations,https://www.gla.ac.uk/undergraduate/degrees/commonlaw/,Year 1,Law of Contract.,,
Glasgow,LLB (hons) common law & international relations,https://www.gla.ac.uk/undergraduate/degrees/commonlaw/,Year 1,Common Law System and Method,,
Glasgow,LLB (hons) common law & international relations,https://www.gla.ac.uk/undergraduate/degrees/commonlaw/,Year 1,Constitutional Law 1,,
Glasgow,LLB (hons) common law & international relations,https://www.gla.ac.uk/undergraduate/degrees/commonlaw/,Year 1,Law of Torts,,
Glasgow,LLB (hons) common law & international relations,https://www.gla.ac.uk/undergraduate/degrees/commonlaw/,Year 1,Criminal Law of England and Wales,,
Glasgow,LLB (hons) common law & international relations,https://www.gla.ac.uk/undergraduate/degrees/commonlaw/,Year 1,Law of Contract,,
Glasgow,LLB (hons) common law & international relations,https://www.gla.ac.uk/undergraduate/degrees/commonlaw/,Year 2,European Union Law,,core
Glasgow,LLB (hons) common law & international relations,https://www.gla.ac.uk/undergraduate/degrees/commonlaw/,Year 2,Jurisprudence,,core
Glasgow,LLB (hons) common law & international relations,https://www.gla.ac.uk/undergraduate/degrees/commonlaw/,Year 2,Law & Government,,core
Glasgow,LLB (hons) common law & international relations,https://www.gla.ac.uk/undergraduate/degrees/commonlaw/,Year 2,Land Law,,core
Glasgow,LLB (hons) common law & international relations,https://www.gla.ac.uk/undergraduate/degrees/commonlaw/,Year 2,Equity & Trusts.,,core
Glasgow,LLB (hons) common law & international relations,https://www.gla.ac.uk/undergraduate/degrees/commonlaw/,Year 2,Public International Law,,core
Glasgow,LLB (hons) common law & international relations,https://www.gla.ac.uk/undergraduate/degrees/commonlaw/,Year 2,Roman Law of Property and Obligations,,core
Glasgow,LLB (hons) common law & international relations,https://www.gla.ac.uk/undergraduate/degrees/commonlaw/,Year 2,Commercial Law,,core
Glasgow,LLB (hons) common law & international relations,https://www.gla.ac.uk/undergraduate/degrees/commonlaw/,Year 2,Business Organisations,,core
Glasgow,LLB (hons) common law & international relations,https://www.gla.ac.uk/undergraduate/degrees/commonlaw/,Year 2,>Foundations of Evidence Law.,,core
Glasgow,LLB (hons) common law & international relations,https://www.gla.ac.uk/undergraduate/degrees/commonlaw/,Year 2,Family Law.,,core
Glasgow,LLB (hons) common law & international relations,https://www.gla.ac.uk/undergraduate/degrees/commonlaw/,Year 2,European Union Law,,
Glasgow,LLB (hons) common law & international relations,https://www.gla.ac.uk/undergraduate/degrees/commonlaw/,Year 2,Jurisprudence,,
Glasgow,LLB (hons) common law & international relations,https://www.gla.ac.uk/undergraduate/degrees/commonlaw/,Year 2,Law and Government,,
Glasgow,LLB (hons) common law & international relations,https://www.gla.ac.uk/undergraduate/degrees/commonlaw/,Year 2,Land Law,,
Glasgow,LLB (hons) common law & international relations,https://www.gla.ac.uk/undergraduate/degrees/commonlaw/,Year 2,Equity and Trusts,,
Glasgow,LLB (hons) common law & international relations,https://www.gla.ac.uk/undergraduate/degrees/commonlaw/,Year 2,Public International Law,,
Glasgow,LLB (hons) common law & international relations,https://www.gla.ac.uk/undergraduate/degrees/commonlaw/,Year 2,Roman Law Of Property & Obligations 1,,
Glasgow,LLB (hons) common law & international relations,https://www.gla.ac.uk/undergraduate/degrees/commonlaw/,Year 2,Commercial Law (Common Law),,
Glasgow,LLB (hons) common law & international relations,https://www.gla.ac.uk/undergraduate/degrees/commonlaw/,Year 2,Business Organisations,,
Glasgow,LLB (hons) common law & international relations,https://www.gla.ac.uk/undergraduate/degrees/commonlaw/,Year 2,Foundations of Evidence Law,,
Glasgow,MA (hons) film & television studies/ politics,http://www.gla.ac.uk/undergraduate/degrees/filmtelevisionstudies/,Year 1,Screen Analysis,,
Glasgow,MA (hons) film & television studies/ politics,http://www.gla.ac.uk/undergraduate/degrees/filmtelevisionstudies/,Year 1,Screen Histories,,
Glasgow,MA (hons) film & television studies/ politics,http://www.gla.ac.uk/undergraduate/degrees/filmtelevisionstudies/,Year 2,Screen Industries,,
Glasgow,MA (hons) film & television studies/ politics,http://www.gla.ac.uk/undergraduate/degrees/filmtelevisionstudies/,Year 2,Screen Experiences,,
Glasgow,MA (hons) film & television studies/ politics,http://www.gla.ac.uk/undergraduate/degrees/filmtelevisionstudies/,Year 3,Joint Honours students will take 60 credits in Film and Television Studies. This will comprise EITHER,60,
Glasgow,MA (hons) film & television studies/ politics,http://www.gla.ac.uk/undergraduate/degrees/filmtelevisionstudies/,Year 3,Film Analysis,,
Glasgow,MA (hons) film & television studies/ politics,http://www.gla.ac.uk/undergraduate/degrees/filmtelevisionstudies/,Year 3,Television Analysis,,
Glasgow,LLB (hons) common law/ politics,http://www.gla.ac.uk/undergraduate/degrees/commonlaw/,Year 1,Common Law System & Method,,
Glasgow,LLB (hons) common law/ politics,http://www.gla.ac.uk/undergraduate/degrees/commonlaw/,Year 1,Constitutional Law,,
Glasgow,LLB (hons) common law/ politics,http://www.gla.ac.uk/undergraduate/degrees/commonlaw/,Year 1,Law of Torts,,
Glasgow,LLB (hons) common law/ politics,http://www.gla.ac.uk/undergraduate/degrees/commonlaw/,Year 1,Criminal Law of England & Wales,,
Glasgow,LLB (hons) common law/ politics,http://www.gla.ac.uk/undergraduate/degrees/commonlaw/,Year 1,Law of Contract.,,
Glasgow,LLB (hons) common law/ politics,http://www.gla.ac.uk/undergraduate/degrees/commonlaw/,Year 1,Common Law System and Method,,
Glasgow,LLB (hons) common law/ politics,http://www.gla.ac.uk/undergraduate/degrees/commonlaw/,Year 1,Constitutional Law 1,,
Glasgow,LLB (hons) common law/ politics,http://www.gla.ac.uk/undergraduate/degrees/commonlaw/,Year 1,Law of Torts,,
Glasgow,LLB (hons) common law/ politics,http://www.gla.ac.uk/undergraduate/degrees/commonlaw/,Year 1,Criminal Law of England and Wales,,
Glasgow,LLB (hons) common law/ politics,http://www.gla.ac.uk/undergraduate/degrees/commonlaw/,Year 1,Law of Contract,,
Glasgow,LLB (hons) common law/ politics,http://www.gla.ac.uk/undergraduate/degrees/commonlaw/,Year 2,European Union Law,,core
Glasgow,LLB (hons) common law/ politics,http://www.gla.ac.uk/undergraduate/degrees/commonlaw/,Year 2,Jurisprudence,,core
Glasgow,LLB (hons) common law/ politics,http://www.gla.ac.uk/undergraduate/degrees/commonlaw/,Year 2,Law & Government,,core
Glasgow,LLB (hons) common law/ politics,http://www.gla.ac.uk/undergraduate/degrees/commonlaw/,Year 2,Land Law,,core
Glasgow,LLB (hons) common law/ politics,http://www.gla.ac.uk/undergraduate/degrees/commonlaw/,Year 2,Equity & Trusts.,,core
Glasgow,LLB (hons) common law/ politics,http://www.gla.ac.uk/undergraduate/degrees/commonlaw/,Year 2,Public International Law,,core
Glasgow,LLB (hons) common law/ politics,http://www.gla.ac.uk/undergraduate/degrees/commonlaw/,Year 2,Roman Law of Property and Obligations,,core
Glasgow,LLB (hons) common law/ politics,http://www.gla.ac.uk/undergraduate/degrees/commonlaw/,Year 2,Commercial Law,,core
Glasgow,LLB (hons) common law/ politics,http://www.gla.ac.uk/undergraduate/degrees/commonlaw/,Year 2,Business Organisations,,core
Glasgow,LLB (hons) common law/ politics,http://www.gla.ac.uk/undergraduate/degrees/commonlaw/,Year 2,>Foundations of Evidence Law.,,core
Glasgow,LLB (hons) common law/ politics,http://www.gla.ac.uk/undergraduate/degrees/commonlaw/,Year 2,Family Law.,,core
Glasgow,LLB (hons) common law/ politics,http://www.gla.ac.uk/undergraduate/degrees/commonlaw/,Year 2,European Union Law,,
Glasgow,LLB (hons) common law/ politics,http://www.gla.ac.uk/undergraduate/degrees/commonlaw/,Year 2,Jurisprudence,,
Glasgow,LLB (hons) common law/ politics,http://www.gla.ac.uk/undergraduate/degrees/commonlaw/,Year 2,Law and Government,,
Glasgow,LLB (hons) common law/ politics,http://www.gla.ac.uk/undergraduate/degrees/commonlaw/,Year 2,Land Law,,
Glasgow,LLB (hons) common law/ politics,http://www.gla.ac.uk/undergraduate/degrees/commonlaw/,Year 2,Equity and Trusts,,
Glasgow,LLB (hons) common law/ politics,http://www.gla.ac.uk/undergraduate/degrees/commonlaw/,Year 2,Public International Law,,
Glasgow,LLB (hons) common law/ politics,http://www.gla.ac.uk/undergraduate/degrees/commonlaw/,Year 2,Roman Law Of Property & Obligations 1,,
Glasgow,LLB (hons) common law/ politics,http://www.gla.ac.uk/undergraduate/degrees/commonlaw/,Year 2,Commercial Law (Common Law),,
Glasgow,LLB (hons) common law/ politics,http://www.gla.ac.uk/undergraduate/degrees/commonlaw/,Year 2,Business Organisations,,
Glasgow,LLB (hons) common law/ politics,http://www.gla.ac.uk/undergraduate/degrees/commonlaw/,Year 2,Foundations of Evidence Law,,
Glasgow,MA (hons) / politics,http://www.gla.ac.uk/undergraduate/degrees/french/,Year 1,Non Beginners Language 1: Culture 1,,
Glasgow,MA (hons) / politics,http://www.gla.ac.uk/undergraduate/degrees/french/,Year 1,2nd Level 1 subject,,
Glasgow,MA (hons) / politics,http://www.gla.ac.uk/undergraduate/degrees/french/,Year 1,3rd Level 1 subject,,
Glasgow,MA (hons) / politics,http://www.gla.ac.uk/undergraduate/degrees/french/,Year 1,Beginners Language 1,,
Glasgow,MA (hons) / politics,http://www.gla.ac.uk/undergraduate/degrees/french/,Year 1,2nd Level 1 subject,,
Glasgow,MA (hons) / politics,http://www.gla.ac.uk/undergraduate/degrees/french/,Year 1,3rd Level 1 subject,,
Glasgow,MA (hons) / politics,http://www.gla.ac.uk/undergraduate/degrees/french/,Year 1,French Culture 1 (Non-Beginners),,
Glasgow,MA (hons) / politics,http://www.gla.ac.uk/undergraduate/degrees/french/,Year 1,French Language 1 (Beginners),,
Glasgow,MA (hons) / politics,http://www.gla.ac.uk/undergraduate/degrees/french/,Year 1,French Language 1 (Non-Beginners),,
Glasgow,MA (hons) / politics,http://www.gla.ac.uk/undergraduate/degrees/french/,Year 2,Language 2: Culture 2,,
Glasgow,MA (hons) / politics,http://www.gla.ac.uk/undergraduate/degrees/french/,Year 2,2nd Level 2 subject,,
Glasgow,MA (hons) / politics,http://www.gla.ac.uk/undergraduate/degrees/french/,Year 2,A new Level 1 subject may be taken,,
Glasgow,MA (hons) / politics,http://www.gla.ac.uk/undergraduate/degrees/french/,Year 2,Language 2: Culture 2,,
Glasgow,MA (hons) / politics,http://www.gla.ac.uk/undergraduate/degrees/french/,Year 2,2nd Level 2 subject,,
Glasgow,MA (hons) / politics,http://www.gla.ac.uk/undergraduate/degrees/french/,Year 2,Culture 1 (20 credits) + further 20 credits in Level 1 courses,20,
Glasgow,MA (hons) / politics,http://www.gla.ac.uk/undergraduate/degrees/french/,Year 2,French Culture 2,,
Glasgow,MA (hons) / politics,http://www.gla.ac.uk/undergraduate/degrees/french/,Year 2,French Language 2,,
Glasgow,MA (hons) / politics,http://www.gla.ac.uk/undergraduate/degrees/french/,Year 3,Year abroad,,
Glasgow,MA (hons) / politics,http://www.gla.ac.uk/undergraduate/degrees/french/,Year 3,Year abroad,,
Glasgow,MA (hons) / politics,http://www.gla.ac.uk/undergraduate/degrees/french/,Year 3,FRENCH YEAR ABROAD ASSISTANTSHIP,,
Glasgow,MA (hons) / politics,http://www.gla.ac.uk/undergraduate/degrees/french/,Year 3,FRENCH YEAR ABROAD STUDY,,
Glasgow,MA (hons) / politics,http://www.gla.ac.uk/undergraduate/degrees/french/,Year 3,FRENCH YEAR ABROAD WORK PLACEMENT,,
Glasgow,MA (hons) / politics,http://www.gla.ac.uk/undergraduate/degrees/french/,Year 3,Bande Dessinee,,
Glasgow,MA (hons) / politics,http://www.gla.ac.uk/undergraduate/degrees/french/,Year 3,Court And Conflict In Medieval French Literature,,
Glasgow,MA (hons) / politics,http://www.gla.ac.uk/undergraduate/degrees/french/,Year 3,French Cinema,,
Glasgow,MA (hons) / politics,http://www.gla.ac.uk/undergraduate/degrees/french/,Year 3,Language And Socio-Cultural Identity In Modern France,,
Glasgow,MA (hons) / politics,http://www.gla.ac.uk/undergraduate/degrees/french/,Year 3,Modern French Thought,,
Glasgow,MA (hons) / politics,http://www.gla.ac.uk/undergraduate/degrees/french/,Year 3,Satire And Subversion In Medieval French Literature,,
Glasgow,MA (hons) / politics,http://www.gla.ac.uk/undergraduate/degrees/french/,Year 3,The European Emblem,,
Glasgow,MA (hons) / politics,http://www.gla.ac.uk/undergraduate/degrees/french/,Year 3,Travel Writing,,
Glasgow,MA (hons) / politics,http://www.gla.ac.uk/undergraduate/degrees/french/,Year 3,French Song and Society: From Troubadours to Rap,,
Glasgow,MA (hons) / politics,http://www.gla.ac.uk/undergraduate/degrees/french/,Year 3,French Honours Spoken Language (Junior),,
Glasgow,MA (hons) / politics,http://www.gla.ac.uk/undergraduate/degrees/french/,Year 3,French Honours Spoken Language (Senior),,
Glasgow,MA (hons) / politics,http://www.gla.ac.uk/undergraduate/degrees/french/,Year 3,French Honours Written Language (Junior),,
Glasgow,MA (hons) / politics,http://www.gla.ac.uk/undergraduate/degrees/french/,Year 3,French Honours Written Language (Senior),,
Glasgow,MA (hons) / politics,http://www.gla.ac.uk/undergraduate/degrees/french/,Year 3,"Consumption, Culture and Society in Modern France",,
Glasgow,MA (hons) / politics,http://www.gla.ac.uk/undergraduate/degrees/french/,Year 3,The Twenty-First Century Novel in French,,
Glasgow,MA (hons) / politics,http://www.gla.ac.uk/undergraduate/degrees/french/,Year 3,Zombies and Terror: Representations of Haitian Dictatorship,,
Glasgow,MA (hons) / politics,http://www.gla.ac.uk/undergraduate/degrees/french/,Year 3,France 1940-44: The Occupation and its Legacies,,
Glasgow,MA (hons) / politics,http://www.gla.ac.uk/undergraduate/degrees/french/,Year 3,Food and Culture in France,,
Glasgow,MA (hons) / politics,http://www.gla.ac.uk/undergraduate/degrees/french/,Year 3,Writing the Visual: The Art of the Text,,
Glasgow,MA (hons) / politics,http://www.gla.ac.uk/undergraduate/degrees/french/,Year 3,Modern French Poetry and Poetics,,
Glasgow,MA (hons) / politics,http://www.gla.ac.uk/undergraduate/degrees/french/,Year 3,Subsidiary French Language (Beginners),,
Glasgow,MA (hons) / politics,http://www.gla.ac.uk/undergraduate/degrees/french/,Year 3,French Dissertation,,
Glasgow,MA (hons) / politics,http://www.gla.ac.uk/undergraduate/degrees/french/,Year 3,Applied Dissertation with Placement in French,,
Glasgow,MA (hons) / politics,http://www.gla.ac.uk/undergraduate/degrees/french/,Year 3,Translation Studies: An introduction to key topics in theory and practice,,
Glasgow,MA (hons) / politics,http://www.gla.ac.uk/undergraduate/degrees/french/,Year 3,The Brothers Grimm and the European Fairy Tale,,
Glasgow,MA (hons) / politics,http://www.gla.ac.uk/undergraduate/degrees/french/,Year 3,Narrating the City: Representation of Urban Space in Literature and Film,,
Glasgow,MA (hons) / politics,http://www.gla.ac.uk/undergraduate/degrees/french/,Year 3,Classic European Cinema East and West,,
Glasgow,MA (hons) / politics,http://www.gla.ac.uk/undergraduate/degrees/french/,Year 3,Myths and Modern Imagination,,
Glasgow,MA (hons) / politics,http://www.gla.ac.uk/undergraduate/degrees/french/,Year 3,Transcultural Connections: 'Classic' Texts and their Adaptations across Cultures,,
Glasgow,MA (hons) / politics,http://www.gla.ac.uk/undergraduate/degrees/french/,Year 3,Bestsellers in the Pre-Industrial Age,,
Glasgow,MA (hons) / politics,http://www.gla.ac.uk/undergraduate/degrees/french/,Year 3,Cervantes in Hollywood,,
Glasgow,MA (hons) / politics,http://www.gla.ac.uk/undergraduate/degrees/french/,Year 3,Czech Cinema,,
Glasgow,MA (hons) / politics,http://www.gla.ac.uk/undergraduate/degrees/french/,Year 3,"Czech, Polish And Russian Women's Writing In English Translation",,
Glasgow,MA (hons) / politics,http://www.gla.ac.uk/undergraduate/degrees/french/,Year 3,Subsidiary Czech Language (Beginners),,
Glasgow,MA (hons) / politics,http://www.gla.ac.uk/undergraduate/degrees/french/,Year 3,Subsidiary Czech Language (Intermediate),,
Glasgow,MA (hons) / politics,http://www.gla.ac.uk/undergraduate/degrees/french/,Year 3,"Milan Kundera, a French writer? A study in intercultural literary discourse",,
Glasgow,MA (hons) / politics,http://www.gla.ac.uk/undergraduate/degrees/french/,Year 3,Teaching English to Speakers of Other Languages (Hons),,
Glasgow,MA (hons) / politics,http://www.gla.ac.uk/undergraduate/degrees/french/,Year 3,European Political Thought: A View from Germany,,
Glasgow,MA (hons) / politics,http://www.gla.ac.uk/undergraduate/degrees/french/,Year 3,Brecht,,
Glasgow,MA (hons) / politics,http://www.gla.ac.uk/undergraduate/degrees/french/,Year 3,Catalan 1,,
Glasgow,MA (hons) / politics,http://www.gla.ac.uk/undergraduate/degrees/french/,Year 3,Catalan 2,,
Glasgow,MA (hons) / politics,http://www.gla.ac.uk/undergraduate/degrees/french/,Year 3,"The Lost Empire: Byzantium And The Slavs, 800-1600",,
Glasgow,MA (hons) / politics,http://www.gla.ac.uk/undergraduate/degrees/french/,Year 3,The Medievalists,,
Glasgow,MA (hons) / politics,http://www.gla.ac.uk/undergraduate/degrees/french/,Year 3,Czechoslovakia,,
Glasgow,MA (hons) / politics,http://www.gla.ac.uk/undergraduate/degrees/french/,Year 3,History through film and literature: Crisis situations,,
Glasgow,MA (hons) / politics,http://www.gla.ac.uk/undergraduate/degrees/french/,Year 3,Text/Image Cultures: Theory and Practice,,
Glasgow,MA (hons) / politics,http://www.gla.ac.uk/undergraduate/degrees/french/,Year 3,Subsidiary Chinese (Mandarin) Language (Beginners),,
Glasgow,MA (hons) / politics,http://www.gla.ac.uk/undergraduate/degrees/french/,Year 3,Subsidiary Chinese (Mandarin) Language (Intermediate),,
Glasgow,MA (hons) / politics,http://www.gla.ac.uk/undergraduate/degrees/french/,Year 3,Latin American Cinema,,
Glasgow,MA (hons) / politics,http://www.gla.ac.uk/undergraduate/degrees/french/,Year 3,Censorship In Western Culture,,
Glasgow,MA (hons) / politics,http://www.gla.ac.uk/undergraduate/degrees/french/,Year 3,Multilingualism in Context,,
Glasgow,MA (hons) / politics,http://www.gla.ac.uk/undergraduate/degrees/french/,Year 3,Language Policy and Planning for European Minority Languages,,
Glasgow,MA (hons) / politics,http://www.gla.ac.uk/undergraduate/degrees/french/,Year 3,Subsidiary Polish Language (Beginners),,
Glasgow,MA (hons) / politics,http://www.gla.ac.uk/undergraduate/degrees/french/,Year 3,Subsidiary Polish Language (Intermediate),,
Glasgow,MA (hons) / politics,http://www.gla.ac.uk/undergraduate/degrees/french/,Year 3,Subsidiary Portuguese Language (Beginners),,
Glasgow,MA (hons) / politics,http://www.gla.ac.uk/undergraduate/degrees/french/,Year 3,Subsidiary Portuguese Language (Intermediate),,
Glasgow,MA (hons) / politics,http://www.gla.ac.uk/undergraduate/degrees/french/,Year 3,Subsidiary Russian Language (Beginners),,
Glasgow,MA (hons) / politics,http://www.gla.ac.uk/undergraduate/degrees/french/,Year 3,Subsidiary Russian Language (Intermediate),,
Glasgow,MA (hons) / politics,http://www.gla.ac.uk/undergraduate/degrees/french/,Year 3,Russian Literature and State Power,,
Glasgow,MA (hons) / politics,http://www.gla.ac.uk/undergraduate/degrees/french/,Year 3,Brave New Worlds: Russian Culture in the Age of Revolution,,
Glasgow,MA (hons) / politics,http://www.gla.ac.uk/undergraduate/degrees/french/,Year 3,"Existentialism: Atheism, Reason, and Faith",,
Glasgow,MA (hons) / politics,http://www.gla.ac.uk/undergraduate/degrees/french/,Year 4,Junior Honours,,
Glasgow,MA (hons) / politics,http://www.gla.ac.uk/undergraduate/degrees/french/,Year 4,[Joint subject,,
Glasgow,MA (hons) / politics,http://www.gla.ac.uk/undergraduate/degrees/french/,Year 4,Note,,
Glasgow,MA (hons) / politics,http://www.gla.ac.uk/undergraduate/degrees/french/,Year 4,Junior Honours,,
Glasgow,MA (hons) / politics,http://www.gla.ac.uk/undergraduate/degrees/french/,Year 4,[Joint subject,,
Glasgow,MA (hons) / politics,http://www.gla.ac.uk/undergraduate/degrees/french/,Year 4,Note,,
Glasgow,MA (hons) / politics,http://www.gla.ac.uk/undergraduate/degrees/french/,Year 5,Senior Honours,,
Glasgow,MA (hons) / politics,http://www.gla.ac.uk/undergraduate/degrees/french/,Year 5,[Joint subject,,
Glasgow,MA (hons) / politics,http://www.gla.ac.uk/undergraduate/degrees/french/,Year 5,Senior Honours,,
Glasgow,MA (hons) / politics,http://www.gla.ac.uk/undergraduate/degrees/french/,Year 5,[Joint subject,,
Glasgow,MA (hons) politics,http://www.gla.ac.uk/undergraduate/degrees/spanish/,Year 1,Non Beginners Language 1: Culture 1,,
Glasgow,MA (hons) politics,http://www.gla.ac.uk/undergraduate/degrees/spanish/,Year 1,2nd Level 1 subject,,
Glasgow,MA (hons) politics,http://www.gla.ac.uk/undergraduate/degrees/spanish/,Year 1,3rd Level 1 subject,,
Glasgow,MA (hons) politics,http://www.gla.ac.uk/undergraduate/degrees/spanish/,Year 1,Beginners Language 1,,
Glasgow,MA (hons) politics,http://www.gla.ac.uk/undergraduate/degrees/spanish/,Year 1,2nd Level 1 subject,,
Glasgow,MA (hons) politics,http://www.gla.ac.uk/undergraduate/degrees/spanish/,Year 1,3rd Level 1 subject,,
Glasgow,MA (hons) politics,http://www.gla.ac.uk/undergraduate/degrees/spanish/,Year 1,Spanish Culture 1 (Non-Beginners),,
Glasgow,MA (hons) politics,http://www.gla.ac.uk/undergraduate/degrees/spanish/,Year 1,Spanish Language 1 (Beginners),,
Glasgow,MA (hons) politics,http://www.gla.ac.uk/undergraduate/degrees/spanish/,Year 1,Spanish Language 1 (Non-Beginners),,
Glasgow,MA (hons) politics,http://www.gla.ac.uk/undergraduate/degrees/spanish/,Year 2,Language 2: Culture 2,,
Glasgow,MA (hons) politics,http://www.gla.ac.uk/undergraduate/degrees/spanish/,Year 2,2nd Level 2 subject,,
Glasgow,MA (hons) politics,http://www.gla.ac.uk/undergraduate/degrees/spanish/,Year 2,A new Level 1 subject may be taken,,
Glasgow,MA (hons) politics,http://www.gla.ac.uk/undergraduate/degrees/spanish/,Year 2,Language 2: Culture 2,,
Glasgow,MA (hons) politics,http://www.gla.ac.uk/undergraduate/degrees/spanish/,Year 2,2nd Level 2 subject,,
Glasgow,MA (hons) politics,http://www.gla.ac.uk/undergraduate/degrees/spanish/,Year 2,Culture 1 (20 credits) + further 20 credits in Level 1 courses,20,
Glasgow,MA (hons) politics,http://www.gla.ac.uk/undergraduate/degrees/spanish/,Year 2,Spanish Culture 2,,
Glasgow,MA (hons) politics,http://www.gla.ac.uk/undergraduate/degrees/spanish/,Year 2,Spanish Language 2,,
Glasgow,MA (hons) politics,http://www.gla.ac.uk/undergraduate/degrees/spanish/,Year 3,Year abroad,,
Glasgow,MA (hons) politics,http://www.gla.ac.uk/undergraduate/degrees/spanish/,Year 3,Year abroad,,
Glasgow,MA (hons) politics,http://www.gla.ac.uk/undergraduate/degrees/spanish/,Year 3,SPANISH YEAR ABROAD ASSISTANTSHIP,,
Glasgow,MA (hons) politics,http://www.gla.ac.uk/undergraduate/degrees/spanish/,Year 3,SPANISH YEAR ABROAD STUDY,,
Glasgow,MA (hons) politics,http://www.gla.ac.uk/undergraduate/degrees/spanish/,Year 3,SPANISH YEAR ABROAD WORK PLACEMENT,,
Glasgow,MA (hons) politics,http://www.gla.ac.uk/undergraduate/degrees/spanish/,Year 3,Catalan 1,,
Glasgow,MA (hons) politics,http://www.gla.ac.uk/undergraduate/degrees/spanish/,Year 3,Catalan 2,,
Glasgow,MA (hons) politics,http://www.gla.ac.uk/undergraduate/degrees/spanish/,Year 3,Interpreting Skills In Spanish,,
Glasgow,MA (hons) politics,http://www.gla.ac.uk/undergraduate/degrees/spanish/,Year 3,"Mexico: Past, Present And Future",,
Glasgow,MA (hons) politics,http://www.gla.ac.uk/undergraduate/degrees/spanish/,Year 3,Nonfiction Literature In Latin America,,
Glasgow,MA (hons) politics,http://www.gla.ac.uk/undergraduate/degrees/spanish/,Year 3,Power And Marginality In Latin America,,
Glasgow,MA (hons) politics,http://www.gla.ac.uk/undergraduate/degrees/spanish/,Year 3,Women's Expressions Of Selfhood Across South America,,
Glasgow,MA (hons) politics,http://www.gla.ac.uk/undergraduate/degrees/spanish/,Year 3,Golden Age Iberia in Glasgow,,
Glasgow,MA (hons) politics,http://www.gla.ac.uk/undergraduate/degrees/spanish/,Year 3,Spanish Spoken Language (Junior),,
Glasgow,MA (hons) politics,http://www.gla.ac.uk/undergraduate/degrees/spanish/,Year 3,Spanish Honours Written Language (Junior),,
Glasgow,MA (hons) politics,http://www.gla.ac.uk/undergraduate/degrees/spanish/,Year 3,Spanish Honours Written Language (Senior),,
Glasgow,MA (hons) politics,http://www.gla.ac.uk/undergraduate/degrees/spanish/,Year 3,Spanish Honours Spoken Language (Senior),,
Glasgow,MA (hons) politics,http://www.gla.ac.uk/undergraduate/degrees/spanish/,Year 3,Cultural and Social Change in Contemporary Spain,,
Glasgow,MA (hons) politics,http://www.gla.ac.uk/undergraduate/degrees/spanish/,Year 3,Representing Disappearance: Cultural Responses to the Argentine Dictatorship (1976-83),,
Glasgow,MA (hons) politics,http://www.gla.ac.uk/undergraduate/degrees/spanish/,Year 3,Images of Women in 20th century Hispanic Cultures,,
Glasgow,MA (hons) politics,http://www.gla.ac.uk/undergraduate/degrees/spanish/,Year 3,Realism and Magic Realism in Latin America,,
Glasgow,MA (hons) politics,http://www.gla.ac.uk/undergraduate/degrees/spanish/,Year 3,Contemporary Spanish Cinema,,
Glasgow,MA (hons) politics,http://www.gla.ac.uk/undergraduate/degrees/spanish/,Year 3,Representations of the Spanish Civil War,,
Glasgow,MA (hons) politics,http://www.gla.ac.uk/undergraduate/degrees/spanish/,Year 3,"Women and Spanish Society, 1833-1931: From the wars over female succession to women's suffrage",,
Glasgow,MA (hons) politics,http://www.gla.ac.uk/undergraduate/degrees/spanish/,Year 3,Catalan Society,,
Glasgow,MA (hons) politics,http://www.gla.ac.uk/undergraduate/degrees/spanish/,Year 3,Foundational Fictions: The Nineteenth Century,,
Glasgow,MA (hons) politics,http://www.gla.ac.uk/undergraduate/degrees/spanish/,Year 3,Medievalism and Orientalism in Hispanic America,,
Glasgow,MA (hons) politics,http://www.gla.ac.uk/undergraduate/degrees/spanish/,Year 3,Winter is Coming: The Middle Ages in the Modern World,,
Glasgow,MA (hons) politics,http://www.gla.ac.uk/undergraduate/degrees/spanish/,Year 3,Queer Subjectivities in Latin America,,
Glasgow,MA (hons) politics,http://www.gla.ac.uk/undergraduate/degrees/spanish/,Year 3,Sociolinguistics of the Spanish-speaking World,,
Glasgow,MA (hons) politics,http://www.gla.ac.uk/undergraduate/degrees/spanish/,Year 3,Humour and Horror in Early Modern Spain,,
Glasgow,MA (hons) politics,http://www.gla.ac.uk/undergraduate/degrees/spanish/,Year 3,Don Quixote against Reality,,
Glasgow,MA (hons) politics,http://www.gla.ac.uk/undergraduate/degrees/spanish/,Year 3,Spanish Dissertation,,
Glasgow,MA (hons) politics,http://www.gla.ac.uk/undergraduate/degrees/spanish/,Year 3,Applied Dissertation with Placement in Spanish,,
Glasgow,MA (hons) politics,http://www.gla.ac.uk/undergraduate/degrees/spanish/,Year 3,Translation Studies: An introduction to key topics in theory and practice,,
Glasgow,MA (hons) politics,http://www.gla.ac.uk/undergraduate/degrees/spanish/,Year 3,The Brothers Grimm and the European Fairy Tale,,
Glasgow,MA (hons) politics,http://www.gla.ac.uk/undergraduate/degrees/spanish/,Year 3,Narrating the City: Representation of Urban Space in Literature and Film,,
Glasgow,MA (hons) politics,http://www.gla.ac.uk/undergraduate/degrees/spanish/,Year 3,Classic European Cinema East and West,,
Glasgow,MA (hons) politics,http://www.gla.ac.uk/undergraduate/degrees/spanish/,Year 3,Myths and Modern Imagination,,
Glasgow,MA (hons) politics,http://www.gla.ac.uk/undergraduate/degrees/spanish/,Year 3,Transcultural Connections: 'Classic' Texts and their Adaptations across Cultures,,
Glasgow,MA (hons) politics,http://www.gla.ac.uk/undergraduate/degrees/spanish/,Year 3,Bestsellers in the Pre-Industrial Age,,
Glasgow,MA (hons) politics,http://www.gla.ac.uk/undergraduate/degrees/spanish/,Year 3,Cervantes in Hollywood,,
Glasgow,MA (hons) politics,http://www.gla.ac.uk/undergraduate/degrees/spanish/,Year 3,Czech Cinema,,
Glasgow,MA (hons) politics,http://www.gla.ac.uk/undergraduate/degrees/spanish/,Year 3,"Czech, Polish And Russian Women's Writing In English Translation",,
Glasgow,MA (hons) politics,http://www.gla.ac.uk/undergraduate/degrees/spanish/,Year 3,Subsidiary Czech Language (Beginners),,
Glasgow,MA (hons) politics,http://www.gla.ac.uk/undergraduate/degrees/spanish/,Year 3,Subsidiary Czech Language (Intermediate),,
Glasgow,MA (hons) politics,http://www.gla.ac.uk/undergraduate/degrees/spanish/,Year 3,"Milan Kundera, a French writer? A study in intercultural literary discourse",,
Glasgow,MA (hons) politics,http://www.gla.ac.uk/undergraduate/degrees/spanish/,Year 3,Teaching English to Speakers of Other Languages (Hons),,
Glasgow,MA (hons) politics,http://www.gla.ac.uk/undergraduate/degrees/spanish/,Year 3,European Political Thought: A View from Germany,,
Glasgow,MA (hons) politics,http://www.gla.ac.uk/undergraduate/degrees/spanish/,Year 3,Brecht,,
Glasgow,MA (hons) politics,http://www.gla.ac.uk/undergraduate/degrees/spanish/,Year 3,The Medievalists,,
Glasgow,MA (hons) politics,http://www.gla.ac.uk/undergraduate/degrees/spanish/,Year 3,Czechoslovakia,,
Glasgow,MA (hons) politics,http://www.gla.ac.uk/undergraduate/degrees/spanish/,Year 3,History through film and literature: Crisis situations,,
Glasgow,MA (hons) politics,http://www.gla.ac.uk/undergraduate/degrees/spanish/,Year 3,Text/Image Cultures: Theory and Practice,,
Glasgow,MA (hons) politics,http://www.gla.ac.uk/undergraduate/degrees/spanish/,Year 3,Subsidiary Chinese (Mandarin) Language (Beginners),,
Glasgow,MA (hons) politics,http://www.gla.ac.uk/undergraduate/degrees/spanish/,Year 3,Subsidiary Chinese (Mandarin) Language (Intermediate),,
Glasgow,MA (hons) politics,http://www.gla.ac.uk/undergraduate/degrees/spanish/,Year 3,Latin American Cinema,,
Glasgow,MA (hons) politics,http://www.gla.ac.uk/undergraduate/degrees/spanish/,Year 3,Censorship In Western Culture,,
Glasgow,MA (hons) politics,http://www.gla.ac.uk/undergraduate/degrees/spanish/,Year 3,Multilingualism in Context,,
Glasgow,MA (hons) politics,http://www.gla.ac.uk/undergraduate/degrees/spanish/,Year 3,Language Policy and Planning for European Minority Languages,,
Glasgow,MA (hons) politics,http://www.gla.ac.uk/undergraduate/degrees/spanish/,Year 3,Subsidiary Polish Language (Beginners),,
Glasgow,MA (hons) politics,http://www.gla.ac.uk/undergraduate/degrees/spanish/,Year 3,Subsidiary Polish Language (Intermediate),,
Glasgow,MA (hons) politics,http://www.gla.ac.uk/undergraduate/degrees/spanish/,Year 3,Subsidiary Portuguese Language (Beginners),,
Glasgow,MA (hons) politics,http://www.gla.ac.uk/undergraduate/degrees/spanish/,Year 3,Subsidiary Portuguese Language (Intermediate),,
Glasgow,MA (hons) politics,http://www.gla.ac.uk/undergraduate/degrees/spanish/,Year 3,Subsidiary Russian Language (Beginners),,
Glasgow,MA (hons) politics,http://www.gla.ac.uk/undergraduate/degrees/spanish/,Year 3,Subsidiary Russian Language (Intermediate),,
Glasgow,MA (hons) politics,http://www.gla.ac.uk/undergraduate/degrees/spanish/,Year 3,Russian Literature and State Power,,
Glasgow,MA (hons) politics,http://www.gla.ac.uk/undergraduate/degrees/spanish/,Year 3,Brave New Worlds: Russian Culture in the Age of Revolution,,
Glasgow,MA (hons) politics,http://www.gla.ac.uk/undergraduate/degrees/spanish/,Year 3,"Existentialism: Atheism, Reason, and Faith",,
Glasgow,MA (hons) politics,http://www.gla.ac.uk/undergraduate/degrees/spanish/,Year 4,Junior Honours,,
Glasgow,MA (hons) politics,http://www.gla.ac.uk/undergraduate/degrees/spanish/,Year 4,[Joint subject,,
Glasgow,MA (hons) politics,http://www.gla.ac.uk/undergraduate/degrees/spanish/,Year 4,Note,,
Glasgow,MA (hons) politics,http://www.gla.ac.uk/undergraduate/degrees/spanish/,Year 4,Junior Honours,,
Glasgow,MA (hons) politics,http://www.gla.ac.uk/undergraduate/degrees/spanish/,Year 4,[Joint subject,,
Glasgow,MA (hons) politics,http://www.gla.ac.uk/undergraduate/degrees/spanish/,Year 4,Note,,
Glasgow,MA (hons) politics,http://www.gla.ac.uk/undergraduate/degrees/spanish/,Year 5,Senior Honours,,
Glasgow,MA (hons) politics,http://www.gla.ac.uk/undergraduate/degrees/spanish/,Year 5,[Joint subject,,
Glasgow,MA (hons) politics,http://www.gla.ac.uk/undergraduate/degrees/spanish/,Year 5,Senior Honours,,
Glasgow,MA (hons) politics,http://www.gla.ac.uk/undergraduate/degrees/spanish/,Year 5,[Joint subject,,
Loughborough,BA (hons) politics & international relations,http://www.lboro.ac.uk/study/undergraduate/courses/a-z/politics-and-international-relations/#variant,Year 3,ACT Year 12 Certificate,,
Loughborough,BA (hons) politics & international relations,http://www.lboro.ac.uk/study/undergraduate/courses/a-z/politics-and-international-relations/#variant,Year 3,New South Wales Higher School Certificate (HSC),,
Loughborough,BA (hons) politics & international relations,http://www.lboro.ac.uk/study/undergraduate/courses/a-z/politics-and-international-relations/#variant,Year 3,Northern Territory Certificate of Education (NTCE),,
Loughborough,BA (hons) politics & international relations,http://www.lboro.ac.uk/study/undergraduate/courses/a-z/politics-and-international-relations/#variant,Year 3,Queensland Certificate of Education (QCE),,
Loughborough,BA (hons) politics & international relations,http://www.lboro.ac.uk/study/undergraduate/courses/a-z/politics-and-international-relations/#variant,Year 3,South Australian Certificate of Education (SACE),,
Loughborough,BA (hons) politics & international relations,http://www.lboro.ac.uk/study/undergraduate/courses/a-z/politics-and-international-relations/#variant,Year 3,Tasmanian Certificate of Education (TCE),,
Loughborough,BA (hons) politics & international relations,http://www.lboro.ac.uk/study/undergraduate/courses/a-z/politics-and-international-relations/#variant,Year 3,Victorian Certificate of Education (VCE),,
Loughborough,BA (hons) politics & international relations,http://www.lboro.ac.uk/study/undergraduate/courses/a-z/politics-and-international-relations/#variant,Year 3,Western Australian Certificate of Education (WACE),,
Loughborough,BA (hons) politics & international relations,http://www.lboro.ac.uk/study/undergraduate/courses/a-z/politics-and-international-relations/#variant,Year 3,Typical offers are based on an average of best 5 grade 12 courses in the General High School Diploma and offers typically range from 80%,,
Loughborough,BA (hons) politics & international relations,http://www.lboro.ac.uk/study/undergraduate/courses/a-z/politics-and-international-relations/#variant,Year 3,Typical offers range from ‘ BBBBBB ’,,
Loughborough,BA (hons) politics & international relations,http://www.lboro.ac.uk/study/undergraduate/courses/a-z/politics-and-international-relations/#variant,Year 3,Where courses require specific subjects these would normally need to be achieved at ‘ A ’ or ‘ B ’.,,
Loughborough,BA (hons) politics & international relations,http://www.lboro.ac.uk/study/undergraduate/courses/a-z/politics-and-international-relations/#variant,Year 3,Typical offers range from 80%,,
Loughborough,BA (hons) politics & international relations,http://www.lboro.ac.uk/study/undergraduate/courses/a-z/politics-and-international-relations/#variant,Year 3,Students taking the MARA Diploma will be considered for first year entry on a case by case basis.,,
Loughborough,BA (hons) politics & international relations,http://www.lboro.ac.uk/study/undergraduate/courses/a-z/politics-and-international-relations/#variant,Year 3,Advanced Placement (AP) Exam,,
Loughborough,BA (hons) politics & international relations,http://www.lboro.ac.uk/study/undergraduate/courses/a-z/politics-and-international-relations/#variant,Year 3,IB Higher Levels,,
Loughborough,BA (hons) politics & international relations,http://www.lboro.ac.uk/study/undergraduate/courses/a-z/politics-and-international-relations/#variant,Year 3,"College level class credit (should normally be taken in Grade 12 for one semester, and be equivalent to 3 credits/units in an academic subject)",3,
Loughborough,BA (hons) politics & international relations,http://www.lboro.ac.uk/study/undergraduate/courses/a-z/politics-and-international-relations/#variant,Year 3,Honors classes (should be taken for a full academic year in either Grade 11 or Grade 12),,
Loughborough,BA (hons) international relations,http://www.lboro.ac.uk/study/undergraduate/courses/a-z/international-relations/#default,Year 3,ACT Year 12 Certificate,,
Loughborough,BA (hons) international relations,http://www.lboro.ac.uk/study/undergraduate/courses/a-z/international-relations/#default,Year 3,New South Wales Higher School Certificate (HSC),,
Loughborough,BA (hons) international relations,http://www.lboro.ac.uk/study/undergraduate/courses/a-z/international-relations/#default,Year 3,Northern Territory Certificate of Education (NTCE),,
Loughborough,BA (hons) international relations,http://www.lboro.ac.uk/study/undergraduate/courses/a-z/international-relations/#default,Year 3,Queensland Certificate of Education (QCE),,
Loughborough,BA (hons) international relations,http://www.lboro.ac.uk/study/undergraduate/courses/a-z/international-relations/#default,Year 3,South Australian Certificate of Education (SACE),,
Loughborough,BA (hons) international relations,http://www.lboro.ac.uk/study/undergraduate/courses/a-z/international-relations/#default,Year 3,Tasmanian Certificate of Education (TCE),,
Loughborough,BA (hons) international relations,http://www.lboro.ac.uk/study/undergraduate/courses/a-z/international-relations/#default,Year 3,Victorian Certificate of Education (VCE),,
Loughborough,BA (hons) international relations,http://www.lboro.ac.uk/study/undergraduate/courses/a-z/international-relations/#default,Year 3,Western Australian Certificate of Education (WACE),,
Loughborough,BA (hons) international relations,http://www.lboro.ac.uk/study/undergraduate/courses/a-z/international-relations/#default,Year 3,Typical offers are based on an average of best 5 grade 12 courses in the General High School Diploma and offers typically range from 80%,,
Loughborough,BA (hons) international relations,http://www.lboro.ac.uk/study/undergraduate/courses/a-z/international-relations/#default,Year 3,Typical offers range from ‘ BBBBBB ’,,
Loughborough,BA (hons) international relations,http://www.lboro.ac.uk/study/undergraduate/courses/a-z/international-relations/#default,Year 3,Where courses require specific subjects these would normally need to be achieved at ‘ A ’ or ‘ B ’.,,
Loughborough,BA (hons) international relations,http://www.lboro.ac.uk/study/undergraduate/courses/a-z/international-relations/#default,Year 3,Typical offers range from 80%,,
Loughborough,BA (hons) international relations,http://www.lboro.ac.uk/study/undergraduate/courses/a-z/international-relations/#default,Year 3,Students taking the MARA Diploma will be considered for first year entry on a case by case basis.,,
Loughborough,BA (hons) international relations,http://www.lboro.ac.uk/study/undergraduate/courses/a-z/international-relations/#default,Year 3,Advanced Placement (AP) Exam,,
Loughborough,BA (hons) international relations,http://www.lboro.ac.uk/study/undergraduate/courses/a-z/international-relations/#default,Year 3,IB Higher Levels,,
Loughborough,BA (hons) international relations,http://www.lboro.ac.uk/study/undergraduate/courses/a-z/international-relations/#default,Year 3,"College level class credit (should normally be taken in Grade 12 for one semester, and be equivalent to 3 credits/units in an academic subject)",3,
Loughborough,BA (hons) international relations,http://www.lboro.ac.uk/study/undergraduate/courses/a-z/international-relations/#default,Year 3,Honors classes (should be taken for a full academic year in either Grade 11 or Grade 12),,
Loughborough,BA (hons) politics,http://www.lboro.ac.uk/study/undergraduate/courses/a-z/politics/#variant,Year 3,ACT Year 12 Certificate,,
Loughborough,BA (hons) politics,http://www.lboro.ac.uk/study/undergraduate/courses/a-z/politics/#variant,Year 3,New South Wales Higher School Certificate (HSC),,
Loughborough,BA (hons) politics,http://www.lboro.ac.uk/study/undergraduate/courses/a-z/politics/#variant,Year 3,Northern Territory Certificate of Education (NTCE),,
Loughborough,BA (hons) politics,http://www.lboro.ac.uk/study/undergraduate/courses/a-z/politics/#variant,Year 3,Queensland Certificate of Education (QCE),,
Loughborough,BA (hons) politics,http://www.lboro.ac.uk/study/undergraduate/courses/a-z/politics/#variant,Year 3,South Australian Certificate of Education (SACE),,
Loughborough,BA (hons) politics,http://www.lboro.ac.uk/study/undergraduate/courses/a-z/politics/#variant,Year 3,Tasmanian Certificate of Education (TCE),,
Loughborough,BA (hons) politics,http://www.lboro.ac.uk/study/undergraduate/courses/a-z/politics/#variant,Year 3,Victorian Certificate of Education (VCE),,
Loughborough,BA (hons) politics,http://www.lboro.ac.uk/study/undergraduate/courses/a-z/politics/#variant,Year 3,Western Australian Certificate of Education (WACE),,
Loughborough,BA (hons) politics,http://www.lboro.ac.uk/study/undergraduate/courses/a-z/politics/#variant,Year 3,Typical offers are based on an average of best 5 grade 12 courses in the General High School Diploma and offers typically range from 80%,,
Loughborough,BA (hons) politics,http://www.lboro.ac.uk/study/undergraduate/courses/a-z/politics/#variant,Year 3,Typical offers range from ‘ BBBBBB ’,,
Loughborough,BA (hons) politics,http://www.lboro.ac.uk/study/undergraduate/courses/a-z/politics/#variant,Year 3,Where courses require specific subjects these would normally need to be achieved at ‘ A ’ or ‘ B ’.,,
Loughborough,BA (hons) politics,http://www.lboro.ac.uk/study/undergraduate/courses/a-z/politics/#variant,Year 3,Typical offers range from 80%,,
Loughborough,BA (hons) politics,http://www.lboro.ac.uk/study/undergraduate/courses/a-z/politics/#variant,Year 3,Students taking the MARA Diploma will be considered for first year entry on a case by case basis.,,
Loughborough,BA (hons) politics,http://www.lboro.ac.uk/study/undergraduate/courses/a-z/politics/#variant,Year 3,Advanced Placement (AP) Exam,,
Loughborough,BA (hons) politics,http://www.lboro.ac.uk/study/undergraduate/courses/a-z/politics/#variant,Year 3,IB Higher Levels,,
Loughborough,BA (hons) politics,http://www.lboro.ac.uk/study/undergraduate/courses/a-z/politics/#variant,Year 3,"College level class credit (should normally be taken in Grade 12 for one semester, and be equivalent to 3 credits/units in an academic subject)",3,
Loughborough,BA (hons) politics,http://www.lboro.ac.uk/study/undergraduate/courses/a-z/politics/#variant,Year 3,Honors classes (should be taken for a full academic year in either Grade 11 or Grade 12),,
Durham,BA (hons) politics,https://www.durham.ac.uk/study/courses/l200/,Year 1,One year of study on a bachelor’s degree in a relevant subject at a Kazakh University with a minimum GPA of 3.0/4.0 or 4.0/5.0,,
Durham,BA (hons) politics,https://www.durham.ac.uk/study/courses/l200/,Year 1,Cambridge GCE ‘A’ levels,,core
Durham,BA (hons) politics,https://www.durham.ac.uk/study/courses/l200/,Year 1,"NCEA level 3 with three level 3 subjects of 14 credits each, plus 10 Literacy credits at level 2 and 10 Numeracy credits at level 1 or above.",14,core
Durham,BA (hons) politics,https://www.durham.ac.uk/study/courses/l200/,Year 1,"NCEA level 3 with three level 3 subjects of 14 credits each, plus 10 Literacy credits at level 2 and 10 Numeracy credits at level 1 or above.",14,core
Durham,BA (hons) politics,https://www.durham.ac.uk/study/courses/l200/,Year 1,A*A*A programmes = GPA 3.3 or higher,,
Durham,BA (hons) politics,https://www.durham.ac.uk/study/courses/l200/,Year 1,A*AA programmes = GPA 3.3 or higher,,
Durham,BA (hons) politics,https://www.durham.ac.uk/study/courses/l200/,Year 1,AAA programmes = GPA 3.2 or higher,,
Durham,BA (hons) politics,https://www.durham.ac.uk/study/courses/l200/,Year 1,AAB programmes = GPA 3.1 or higher,,
Durham,BA (hons) politics,https://www.durham.ac.uk/study/courses/l200/,Year 1,ABB programmes = GPA 3.0 or higher,,
Durham,BA (hons) politics,https://www.durham.ac.uk/study/courses/l200/,Year 1,"A Ministry, Polytechnic, OR National Service letter can be used in lieu of IELTS if the qualification is less than two years old",,
Durham,BA (hons) politics,https://www.durham.ac.uk/study/courses/l200/,Year 1,Nanyang Polytechnic (NYP),,
Durham,BA (hons) politics,https://www.durham.ac.uk/study/courses/l200/,Year 1,Ngee Ann Polytechnic (NP),,
Durham,BA (hons) politics,https://www.durham.ac.uk/study/courses/l200/,Year 1,Republic Polytechnic (RP),,
Durham,BA (hons) politics,https://www.durham.ac.uk/study/courses/l200/,Year 1,Singapore Polytechnic (SP),,
Durham,BA (hons) politics,https://www.durham.ac.uk/study/courses/l200/,Year 1,Temasek Polytechnic (TP),,
Durham,BA (hons) politics,https://www.durham.ac.uk/study/courses/l200/,Year 1,"A grades in 1600 credits, B grades in further minimum 800 credits, required subjects at A grade.",600,core
Durham,BA (hons) politics,https://www.durham.ac.uk/study/courses/l200/,Year 1,"A grades in 1300 credits, B grades in further minimum 700 credits, required subjects at ≥B grade.",300,core
Durham,BA (hons) politics,https://www.durham.ac.uk/study/courses/l200/,Year 1,Honours Course: A+,,core
Durham,BA (hons) politics,https://www.durham.ac.uk/study/courses/l200/,Year 1,"SAT I: 1390 (min 720 RW, 650 M)",,core
Durham,BA (hons) politics,https://www.durham.ac.uk/study/courses/l200/,Year 1,One year-long equivalent Dual Enrolment/College course at A,,core
Durham,BA (hons) politics,https://www.durham.ac.uk/study/courses/l200/,Year 1,"SAT I: 1350 (min 700 RW, 650 M)",,core
Durham,BA (hons) politics,https://www.durham.ac.uk/study/courses/l200/,Year 1,Honours Course: A+,,core
Durham,BA (hons) politics,https://www.durham.ac.uk/study/courses/l200/,Year 1,One year-long equivalent Dual Enrolment/College course at A,,core
Durham,BA (hons) politics,https://www.durham.ac.uk/study/courses/l200/,Year 1,"SAT I: 1350 (min 700 RW, 650 M)",,core
Durham,BA (hons) politics,https://www.durham.ac.uk/study/courses/l200/,Year 1,Honours Course: A,,core
Durham,BA (hons) politics,https://www.durham.ac.uk/study/courses/l200/,Year 1,One year-long equivalent Dual Enrolment/College course at A,,core
Durham,BA (hons) politics,https://www.durham.ac.uk/study/courses/l200/,Year 1,"SAT I: 1290 (min 650 RW, 620 M)",,core
Durham,BA (hons) politics,https://www.durham.ac.uk/study/courses/l200/,Year 1,Honours Course: B+,,core
Durham,BA (hons) politics,https://www.durham.ac.uk/study/courses/l200/,Year 1,One year-long equivalent Dual Enrolment/College course at B+,,core
Durham,BA (hons) politics,https://www.durham.ac.uk/study/courses/l200/,Year 1,"SAT I: 1290 (min 650 RW, 620 M)",,core
Durham,BA (hons) politics,https://www.durham.ac.uk/study/courses/l200/,Year 1,Honours course at B+,,core
Durham,BA (hons) politics,https://www.durham.ac.uk/study/courses/l200/,Year 1,One year-long equivalent Dual Enrolment/College course at B+,,core
Durham,BA (hons) politics,https://www.durham.ac.uk/study/courses/l200/,Year 1,"SAT I: 1390 (min 720 RW, 650 M)",,core
Durham,BA (hons) politics,https://www.durham.ac.uk/study/courses/l200/,Year 1,One year-long equivalent Dual Enrolment/College course at A,,core
Durham,BA (hons) politics,https://www.durham.ac.uk/study/courses/l200/,Year 1,"SAT I: 1350 (min 700 RW, 650 M)",,core
Durham,BA (hons) politics,https://www.durham.ac.uk/study/courses/l200/,Year 1,One year-long equivalent Dual Enrolment/College course at A,,core
Durham,BA (hons) politics,https://www.durham.ac.uk/study/courses/l200/,Year 1,"SAT I: 1350 (min 700 RW, 650 M)",,core
Durham,BA (hons) politics,https://www.durham.ac.uk/study/courses/l200/,Year 1,One year-long equivalent Dual Enrolment/College course at A,,core
Durham,BA (hons) politics,https://www.durham.ac.uk/study/courses/l200/,Year 1,"SAT I: 1290 (min 650 RW, 620 M)",,core
Durham,BA (hons) politics,https://www.durham.ac.uk/study/courses/l200/,Year 1,One year-long equivalent Dual Enrolment/College course at B,,core
Durham,BA (hons) politics,https://www.durham.ac.uk/study/courses/l200/,Year 1,"SAT I: 1290 (min 650 RW, 620 M)",,core
Durham,BA (hons) politics,https://www.durham.ac.uk/study/courses/l200/,Year 1,One year-long equivalent Dual Enrolment/College course at B,,core
Durham,BA (hons) politics,https://www.durham.ac.uk/study/courses/l200/,Year 1,"For students wishing to gain entry to Music programmes, we recommend taking AP Music Theory.",,
Durham,BA (hons) politics,https://www.durham.ac.uk/study/courses/l200/,Year 1,"For students applying to any History programme, one History AP is required. Only one of the two/three APs needed can be fulfilled using a History AP.",,
Durham,BA (hons) international relations,https://www.durham.ac.uk/study/courses/l250/,Year 1,One year of study on a bachelor’s degree in a relevant subject at a Kazakh University with a minimum GPA of 3.0/4.0 or 4.0/5.0,,
Durham,BA (hons) international relations,https://www.durham.ac.uk/study/courses/l250/,Year 1,Cambridge GCE ‘A’ levels,,core
Durham,BA (hons) international relations,https://www.durham.ac.uk/study/courses/l250/,Year 1,"NCEA level 3 with three level 3 subjects of 14 credits each, plus 10 Literacy credits at level 2 and 10 Numeracy credits at level 1 or above.",14,core
Durham,BA (hons) international relations,https://www.durham.ac.uk/study/courses/l250/,Year 1,"NCEA level 3 with three level 3 subjects of 14 credits each, plus 10 Literacy credits at level 2 and 10 Numeracy credits at level 1 or above.",14,core
Durham,BA (hons) international relations,https://www.durham.ac.uk/study/courses/l250/,Year 1,A*A*A programmes = GPA 3.3 or higher,,
Durham,BA (hons) international relations,https://www.durham.ac.uk/study/courses/l250/,Year 1,A*AA programmes = GPA 3.3 or higher,,
Durham,BA (hons) international relations,https://www.durham.ac.uk/study/courses/l250/,Year 1,AAA programmes = GPA 3.2 or higher,,
Durham,BA (hons) international relations,https://www.durham.ac.uk/study/courses/l250/,Year 1,AAB programmes = GPA 3.1 or higher,,
Durham,BA (hons) international relations,https://www.durham.ac.uk/study/courses/l250/,Year 1,ABB programmes = GPA 3.0 or higher,,
Durham,BA (hons) international relations,https://www.durham.ac.uk/study/courses/l250/,Year 1,"A Ministry, Polytechnic, OR National Service letter can be used in lieu of IELTS if the qualification is less than two years old",,
Durham,BA (hons) international relations,https://www.durham.ac.uk/study/courses/l250/,Year 1,Nanyang Polytechnic (NYP),,
Durham,BA (hons) international relations,https://www.durham.ac.uk/study/courses/l250/,Year 1,Ngee Ann Polytechnic (NP),,
Durham,BA (hons) international relations,https://www.durham.ac.uk/study/courses/l250/,Year 1,Republic Polytechnic (RP),,
Durham,BA (hons) international relations,https://www.durham.ac.uk/study/courses/l250/,Year 1,Singapore Polytechnic (SP),,
Durham,BA (hons) international relations,https://www.durham.ac.uk/study/courses/l250/,Year 1,Temasek Polytechnic (TP),,
Durham,BA (hons) international relations,https://www.durham.ac.uk/study/courses/l250/,Year 1,"A grades in 1600 credits, B grades in further minimum 800 credits, required subjects at A grade.",600,core
Durham,BA (hons) international relations,https://www.durham.ac.uk/study/courses/l250/,Year 1,"A grades in 1300 credits, B grades in further minimum 700 credits, required subjects at ≥B grade.",300,core
Durham,BA (hons) international relations,https://www.durham.ac.uk/study/courses/l250/,Year 1,Honours Course: A+,,core
Durham,BA (hons) international relations,https://www.durham.ac.uk/study/courses/l250/,Year 1,"SAT I: 1390 (min 720 RW, 650 M)",,core
Durham,BA (hons) international relations,https://www.durham.ac.uk/study/courses/l250/,Year 1,One year-long equivalent Dual Enrolment/College course at A,,core
Durham,BA (hons) international relations,https://www.durham.ac.uk/study/courses/l250/,Year 1,"SAT I: 1350 (min 700 RW, 650 M)",,core
Durham,BA (hons) international relations,https://www.durham.ac.uk/study/courses/l250/,Year 1,Honours Course: A+,,core
Durham,BA (hons) international relations,https://www.durham.ac.uk/study/courses/l250/,Year 1,One year-long equivalent Dual Enrolment/College course at A,,core
Durham,BA (hons) international relations,https://www.durham.ac.uk/study/courses/l250/,Year 1,"SAT I: 1350 (min 700 RW, 650 M)",,core
Durham,BA (hons) international relations,https://www.durham.ac.uk/study/courses/l250/,Year 1,Honours Course: A,,core
Durham,BA (hons) international relations,https://www.durham.ac.uk/study/courses/l250/,Year 1,One year-long equivalent Dual Enrolment/College course at A,,core
Durham,BA (hons) international relations,https://www.durham.ac.uk/study/courses/l250/,Year 1,"SAT I: 1290 (min 650 RW, 620 M)",,core
Durham,BA (hons) international relations,https://www.durham.ac.uk/study/courses/l250/,Year 1,Honours Course: B+,,core
Durham,BA (hons) international relations,https://www.durham.ac.uk/study/courses/l250/,Year 1,One year-long equivalent Dual Enrolment/College course at B+,,core
Durham,BA (hons) international relations,https://www.durham.ac.uk/study/courses/l250/,Year 1,"SAT I: 1290 (min 650 RW, 620 M)",,core
Durham,BA (hons) international relations,https://www.durham.ac.uk/study/courses/l250/,Year 1,Honours course at B+,,core
Durham,BA (hons) international relations,https://www.durham.ac.uk/study/courses/l250/,Year 1,One year-long equivalent Dual Enrolment/College course at B+,,core
Durham,BA (hons) international relations,https://www.durham.ac.uk/study/courses/l250/,Year 1,"SAT I: 1390 (min 720 RW, 650 M)",,core
Durham,BA (hons) international relations,https://www.durham.ac.uk/study/courses/l250/,Year 1,One year-long equivalent Dual Enrolment/College course at A,,core
Durham,BA (hons) international relations,https://www.durham.ac.uk/study/courses/l250/,Year 1,"SAT I: 1350 (min 700 RW, 650 M)",,core
Durham,BA (hons) international relations,https://www.durham.ac.uk/study/courses/l250/,Year 1,One year-long equivalent Dual Enrolment/College course at A,,core
Durham,BA (hons) international relations,https://www.durham.ac.uk/study/courses/l250/,Year 1,"SAT I: 1350 (min 700 RW, 650 M)",,core
Durham,BA (hons) international relations,https://www.durham.ac.uk/study/courses/l250/,Year 1,One year-long equivalent Dual Enrolment/College course at A,,core
Durham,BA (hons) international relations,https://www.durham.ac.uk/study/courses/l250/,Year 1,"SAT I: 1290 (min 650 RW, 620 M)",,core
Durham,BA (hons) international relations,https://www.durham.ac.uk/study/courses/l250/,Year 1,One year-long equivalent Dual Enrolment/College course at B,,core
Durham,BA (hons) international relations,https://www.durham.ac.uk/study/courses/l250/,Year 1,"SAT I: 1290 (min 650 RW, 620 M)",,core
Durham,BA (hons) international relations,https://www.durham.ac.uk/study/courses/l250/,Year 1,One year-long equivalent Dual Enrolment/College course at B,,core
Durham,BA (hons) international relations,https://www.durham.ac.uk/study/courses/l250/,Year 1,"For students wishing to gain entry to Music programmes, we recommend taking AP Music Theory.",,
Durham,BA (hons) international relations,https://www.durham.ac.uk/study/courses/l250/,Year 1,"For students applying to any History programme, one History AP is required. Only one of the two/three APs needed can be fulfilled using a History AP.",,
Durham,BA (hons) politics & international relations,https://www.durham.ac.uk/study/courses/l253/,Year 1,One year of study on a bachelor’s degree in a relevant subject at a Kazakh University with a minimum GPA of 3.0/4.0 or 4.0/5.0,,
Durham,BA (hons) politics & international relations,https://www.durham.ac.uk/study/courses/l253/,Year 1,Cambridge GCE ‘A’ levels,,core
Durham,BA (hons) politics & international relations,https://www.durham.ac.uk/study/courses/l253/,Year 1,"NCEA level 3 with three level 3 subjects of 14 credits each, plus 10 Literacy credits at level 2 and 10 Numeracy credits at level 1 or above.",14,core
Durham,BA (hons) politics & international relations,https://www.durham.ac.uk/study/courses/l253/,Year 1,"NCEA level 3 with three level 3 subjects of 14 credits each, plus 10 Literacy credits at level 2 and 10 Numeracy credits at level 1 or above.",14,core
Durham,BA (hons) politics & international relations,https://www.durham.ac.uk/study/courses/l253/,Year 1,A*A*A programmes = GPA 3.3 or higher,,
Durham,BA (hons) politics & international relations,https://www.durham.ac.uk/study/courses/l253/,Year 1,A*AA programmes = GPA 3.3 or higher,,
Durham,BA (hons) politics & international relations,https://www.durham.ac.uk/study/courses/l253/,Year 1,AAA programmes = GPA 3.2 or higher,,
Durham,BA (hons) politics & international relations,https://www.durham.ac.uk/study/courses/l253/,Year 1,AAB programmes = GPA 3.1 or higher,,
Durham,BA (hons) politics & international relations,https://www.durham.ac.uk/study/courses/l253/,Year 1,ABB programmes = GPA 3.0 or higher,,
Durham,BA (hons) politics & international relations,https://www.durham.ac.uk/study/courses/l253/,Year 1,"A Ministry, Polytechnic, OR National Service letter can be used in lieu of IELTS if the qualification is less than two years old",,
Durham,BA (hons) politics & international relations,https://www.durham.ac.uk/study/courses/l253/,Year 1,Nanyang Polytechnic (NYP),,
Durham,BA (hons) politics & international relations,https://www.durham.ac.uk/study/courses/l253/,Year 1,Ngee Ann Polytechnic (NP),,
Durham,BA (hons) politics & international relations,https://www.durham.ac.uk/study/courses/l253/,Year 1,Republic Polytechnic (RP),,
Durham,BA (hons) politics & international relations,https://www.durham.ac.uk/study/courses/l253/,Year 1,Singapore Polytechnic (SP),,
Durham,BA (hons) politics & international relations,https://www.durham.ac.uk/study/courses/l253/,Year 1,Temasek Polytechnic (TP),,
Durham,BA (hons) politics & international relations,https://www.durham.ac.uk/study/courses/l253/,Year 1,"A grades in 1600 credits, B grades in further minimum 800 credits, required subjects at A grade.",600,core
Durham,BA (hons) politics & international relations,https://www.durham.ac.uk/study/courses/l253/,Year 1,"A grades in 1300 credits, B grades in further minimum 700 credits, required subjects at ≥B grade.",300,core
Durham,BA (hons) politics & international relations,https://www.durham.ac.uk/study/courses/l253/,Year 1,Honours Course: A+,,core
Durham,BA (hons) politics & international relations,https://www.durham.ac.uk/study/courses/l253/,Year 1,"SAT I: 1390 (min 720 RW, 650 M)",,core
Durham,BA (hons) politics & international relations,https://www.durham.ac.uk/study/courses/l253/,Year 1,One year-long equivalent Dual Enrolment/College course at A,,core
Durham,BA (hons) politics & international relations,https://www.durham.ac.uk/study/courses/l253/,Year 1,"SAT I: 1350 (min 700 RW, 650 M)",,core
Durham,BA (hons) politics & international relations,https://www.durham.ac.uk/study/courses/l253/,Year 1,Honours Course: A+,,core
Durham,BA (hons) politics & international relations,https://www.durham.ac.uk/study/courses/l253/,Year 1,One year-long equivalent Dual Enrolment/College course at A,,core
Durham,BA (hons) politics & international relations,https://www.durham.ac.uk/study/courses/l253/,Year 1,"SAT I: 1350 (min 700 RW, 650 M)",,core
Durham,BA (hons) politics & international relations,https://www.durham.ac.uk/study/courses/l253/,Year 1,Honours Course: A,,core
Durham,BA (hons) politics & international relations,https://www.durham.ac.uk/study/courses/l253/,Year 1,One year-long equivalent Dual Enrolment/College course at A,,core
Durham,BA (hons) politics & international relations,https://www.durham.ac.uk/study/courses/l253/,Year 1,"SAT I: 1290 (min 650 RW, 620 M)",,core
Durham,BA (hons) politics & international relations,https://www.durham.ac.uk/study/courses/l253/,Year 1,Honours Course: B+,,core
Durham,BA (hons) politics & international relations,https://www.durham.ac.uk/study/courses/l253/,Year 1,One year-long equivalent Dual Enrolment/College course at B+,,core
Durham,BA (hons) politics & international relations,https://www.durham.ac.uk/study/courses/l253/,Year 1,"SAT I: 1290 (min 650 RW, 620 M)",,core
Durham,BA (hons) politics & international relations,https://www.durham.ac.uk/study/courses/l253/,Year 1,Honours course at B+,,core
Durham,BA (hons) politics & international relations,https://www.durham.ac.uk/study/courses/l253/,Year 1,One year-long equivalent Dual Enrolment/College course at B+,,core
Durham,BA (hons) politics & international relations,https://www.durham.ac.uk/study/courses/l253/,Year 1,"SAT I: 1390 (min 720 RW, 650 M)",,core
Durham,BA (hons) politics & international relations,https://www.durham.ac.uk/study/courses/l253/,Year 1,One year-long equivalent Dual Enrolment/College course at A,,core
Durham,BA (hons) politics & international relations,https://www.durham.ac.uk/study/courses/l253/,Year 1,"SAT I: 1350 (min 700 RW, 650 M)",,core
Durham,BA (hons) politics & international relations,https://www.durham.ac.uk/study/courses/l253/,Year 1,One year-long equivalent Dual Enrolment/College course at A,,core
Durham,BA (hons) politics & international relations,https://www.durham.ac.uk/study/courses/l253/,Year 1,"SAT I: 1350 (min 700 RW, 650 M)",,core
Durham,BA (hons) politics & international relations,https://www.durham.ac.uk/study/courses/l253/,Year 1,One year-long equivalent Dual Enrolment/College course at A,,core
Durham,BA (hons) politics & international relations,https://www.durham.ac.uk/study/courses/l253/,Year 1,"SAT I: 1290 (min 650 RW, 620 M)",,core
Durham,BA (hons) politics & international relations,https://www.durham.ac.uk/study/courses/l253/,Year 1,One year-long equivalent Dual Enrolment/College course at B,,core
Durham,BA (hons) politics & international relations,https://www.durham.ac.uk/study/courses/l253/,Year 1,"SAT I: 1290 (min 650 RW, 620 M)",,core
Durham,BA (hons) politics & international relations,https://www.durham.ac.uk/study/courses/l253/,Year 1,One year-long equivalent Dual Enrolment/College course at B,,core
Durham,BA (hons) politics & international relations,https://www.durham.ac.uk/study/courses/l253/,Year 1,"For students wishing to gain entry to Music programmes, we recommend taking AP Music Theory.",,
Durham,BA (hons) politics & international relations,https://www.durham.ac.uk/study/courses/l253/,Year 1,"For students applying to any History programme, one History AP is required. Only one of the two/three APs needed can be fulfilled using a History AP.",,
Durham,BA (hons) combined social sciences,https://www.durham.ac.uk/study/courses/lmv0/,Year 3,"If your primary interest lies in the Arts and Humanities, you should apply for the Liberal Arts degree instead.",,
Durham,BA (hons) combined social sciences,https://www.durham.ac.uk/study/courses/lmv0/,Year 3,"If you are only interested in modern languages subjects, you should apply for the Modern Languages and Cultures degree instead.",,
Durham,BA (hons) combined social sciences,https://www.durham.ac.uk/study/courses/lmv0/,Year 3,"It is not possible to study Management and Economics alone. For this combination, you would need to explore courses offered by the Business School.",,
Durham,BA (hons) combined social sciences,https://www.durham.ac.uk/study/courses/lmv0/,Year 3,Dissertation Prerequisites Each department requires preparatory modules to complete a compulsory dissertation in the final year of study.,,core
Durham,BA (hons) combined social sciences,https://www.durham.ac.uk/study/courses/lmv0/,Year 3,Dissertation Prerequisites Each department requires preparatory modules to complete a compulsory dissertation in the final year of study.,,core
Durham,BA (hons) combined social sciences,https://www.durham.ac.uk/study/courses/lmv0/,Year 3,Every student must complete a dissertation module in their final year.,,core
Durham,BA (hons) combined social sciences,https://www.durham.ac.uk/study/courses/lmv0/,Year 1,One year of study on a bachelor’s degree in a relevant subject at a Kazakh University with a minimum GPA of 3.0/4.0 or 4.0/5.0,,
Durham,BA (hons) combined social sciences,https://www.durham.ac.uk/study/courses/lmv0/,Year 1,Cambridge GCE ‘A’ levels,,core
Durham,BA (hons) combined social sciences,https://www.durham.ac.uk/study/courses/lmv0/,Year 1,"NCEA level 3 with three level 3 subjects of 14 credits each, plus 10 Literacy credits at level 2 and 10 Numeracy credits at level 1 or above.",14,core
Durham,BA (hons) combined social sciences,https://www.durham.ac.uk/study/courses/lmv0/,Year 1,"NCEA level 3 with three level 3 subjects of 14 credits each, plus 10 Literacy credits at level 2 and 10 Numeracy credits at level 1 or above.",14,core
Durham,BA (hons) combined social sciences,https://www.durham.ac.uk/study/courses/lmv0/,Year 1,A*A*A programmes = GPA 3.3 or higher,,
Durham,BA (hons) combined social sciences,https://www.durham.ac.uk/study/courses/lmv0/,Year 1,A*AA programmes = GPA 3.3 or higher,,
Durham,BA (hons) combined social sciences,https://www.durham.ac.uk/study/courses/lmv0/,Year 1,AAA programmes = GPA 3.2 or higher,,
Durham,BA (hons) combined social sciences,https://www.durham.ac.uk/study/courses/lmv0/,Year 1,AAB programmes = GPA 3.1 or higher,,
Durham,BA (hons) combined social sciences,https://www.durham.ac.uk/study/courses/lmv0/,Year 1,ABB programmes = GPA 3.0 or higher,,
Durham,BA (hons) combined social sciences,https://www.durham.ac.uk/study/courses/lmv0/,Year 1,"A Ministry, Polytechnic, OR National Service letter can be used in lieu of IELTS if the qualification is less than two years old",,
Durham,BA (hons) combined social sciences,https://www.durham.ac.uk/study/courses/lmv0/,Year 1,Nanyang Polytechnic (NYP),,
Durham,BA (hons) combined social sciences,https://www.durham.ac.uk/study/courses/lmv0/,Year 1,Ngee Ann Polytechnic (NP),,
Durham,BA (hons) combined social sciences,https://www.durham.ac.uk/study/courses/lmv0/,Year 1,Republic Polytechnic (RP),,
Durham,BA (hons) combined social sciences,https://www.durham.ac.uk/study/courses/lmv0/,Year 1,Singapore Polytechnic (SP),,
Durham,BA (hons) combined social sciences,https://www.durham.ac.uk/study/courses/lmv0/,Year 1,Temasek Polytechnic (TP),,
Durham,BA (hons) combined social sciences,https://www.durham.ac.uk/study/courses/lmv0/,Year 1,"A grades in 1600 credits, B grades in further minimum 800 credits, required subjects at A grade.",600,core
Durham,BA (hons) combined social sciences,https://www.durham.ac.uk/study/courses/lmv0/,Year 1,"A grades in 1300 credits, B grades in further minimum 700 credits, required subjects at ≥B grade.",300,core
Durham,BA (hons) combined social sciences,https://www.durham.ac.uk/study/courses/lmv0/,Year 1,Honours Course: A+,,core
Durham,BA (hons) combined social sciences,https://www.durham.ac.uk/study/courses/lmv0/,Year 1,"SAT I: 1390 (min 720 RW, 650 M)",,core
Durham,BA (hons) combined social sciences,https://www.durham.ac.uk/study/courses/lmv0/,Year 1,One year-long equivalent Dual Enrolment/College course at A,,core
Durham,BA (hons) combined social sciences,https://www.durham.ac.uk/study/courses/lmv0/,Year 1,"SAT I: 1350 (min 700 RW, 650 M)",,core
Durham,BA (hons) combined social sciences,https://www.durham.ac.uk/study/courses/lmv0/,Year 1,Honours Course: A+,,core
Durham,BA (hons) combined social sciences,https://www.durham.ac.uk/study/courses/lmv0/,Year 1,One year-long equivalent Dual Enrolment/College course at A,,core
Durham,BA (hons) combined social sciences,https://www.durham.ac.uk/study/courses/lmv0/,Year 1,"SAT I: 1350 (min 700 RW, 650 M)",,core
Durham,BA (hons) combined social sciences,https://www.durham.ac.uk/study/courses/lmv0/,Year 1,Honours Course: A,,core
Durham,BA (hons) combined social sciences,https://www.durham.ac.uk/study/courses/lmv0/,Year 1,One year-long equivalent Dual Enrolment/College course at A,,core
Durham,BA (hons) combined social sciences,https://www.durham.ac.uk/study/courses/lmv0/,Year 1,"SAT I: 1290 (min 650 RW, 620 M)",,core
Durham,BA (hons) combined social sciences,https://www.durham.ac.uk/study/courses/lmv0/,Year 1,Honours Course: B+,,core
Durham,BA (hons) combined social sciences,https://www.durham.ac.uk/study/courses/lmv0/,Year 1,One year-long equivalent Dual Enrolment/College course at B+,,core
Durham,BA (hons) combined social sciences,https://www.durham.ac.uk/study/courses/lmv0/,Year 1,"SAT I: 1290 (min 650 RW, 620 M)",,core
Durham,BA (hons) combined social sciences,https://www.durham.ac.uk/study/courses/lmv0/,Year 1,Honours course at B+,,core
Durham,BA (hons) combined social sciences,https://www.durham.ac.uk/study/courses/lmv0/,Year 1,One year-long equivalent Dual Enrolment/College course at B+,,core
Durham,BA (hons) combined social sciences,https://www.durham.ac.uk/study/courses/lmv0/,Year 1,"SAT I: 1390 (min 720 RW, 650 M)",,core
Durham,BA (hons) combined social sciences,https://www.durham.ac.uk/study/courses/lmv0/,Year 1,One year-long equivalent Dual Enrolment/College course at A,,core
Durham,BA (hons) combined social sciences,https://www.durham.ac.uk/study/courses/lmv0/,Year 1,"SAT I: 1350 (min 700 RW, 650 M)",,core
Durham,BA (hons) combined social sciences,https://www.durham.ac.uk/study/courses/lmv0/,Year 1,One year-long equivalent Dual Enrolment/College course at A,,core
Durham,BA (hons) combined social sciences,https://www.durham.ac.uk/study/courses/lmv0/,Year 1,"SAT I: 1350 (min 700 RW, 650 M)",,core
Durham,BA (hons) combined social sciences,https://www.durham.ac.uk/study/courses/lmv0/,Year 1,One year-long equivalent Dual Enrolment/College course at A,,core
Durham,BA (hons) combined social sciences,https://www.durham.ac.uk/study/courses/lmv0/,Year 1,"SAT I: 1290 (min 650 RW, 620 M)",,core
Durham,BA (hons) combined social sciences,https://www.durham.ac.uk/study/courses/lmv0/,Year 1,One year-long equivalent Dual Enrolment/College course at B,,core
Durham,BA (hons) combined social sciences,https://www.durham.ac.uk/study/courses/lmv0/,Year 1,"SAT I: 1290 (min 650 RW, 620 M)",,core
Durham,BA (hons) combined social sciences,https://www.durham.ac.uk/study/courses/lmv0/,Year 1,One year-long equivalent Dual Enrolment/College course at B,,core
Durham,BA (hons) combined social sciences,https://www.durham.ac.uk/study/courses/lmv0/,Year 1,"For students wishing to gain entry to Music programmes, we recommend taking AP Music Theory.",,
Durham,BA (hons) combined social sciences,https://www.durham.ac.uk/study/courses/lmv0/,Year 1,"For students applying to any History programme, one History AP is required. Only one of the two/three APs needed can be fulfilled using a History AP.",,
Sheffield,BA (hons) politics & modern languages & cultures,https://www.sheffield.ac.uk/undergraduate/courses/2025/politics-and-modern-languages-cultures-ba,Year 3,DDD + an appropriate modern foreign language qualification,,
Sheffield,BA (hons) politics & modern languages & cultures,https://www.sheffield.ac.uk/undergraduate/courses/2025/politics-and-modern-languages-cultures-ba,Year 3,"AABBB + B, typically in a modern foreign language",,
Sheffield,BA (hons) politics & modern languages & cultures,https://www.sheffield.ac.uk/undergraduate/courses/2025/politics-and-modern-languages-cultures-ba,Year 3,"B + AB, typically including a modern foreign language",,
Sheffield,BA (hons) politics & modern languages & cultures,https://www.sheffield.ac.uk/undergraduate/courses/2025/politics-and-modern-languages-cultures-ba,Year 3,"Award of the Access to HE Diploma in a relevant subject, with 45 credits at Level 3, including 30 at Distinction and 15 at Merit",45,
Sheffield,BA (hons) politics & modern languages & cultures,https://www.sheffield.ac.uk/undergraduate/courses/2025/politics-and-modern-languages-cultures-ba,Year 3,"32, typically with 5 in a Higher Level modern foreign language",,
Sheffield,BA (hons) politics & modern languages & cultures,https://www.sheffield.ac.uk/undergraduate/courses/2025/politics-and-modern-languages-cultures-ba,Year 3,DDM + an appropriate modern foreign language qualification,,
Sheffield,BA (hons) politics & modern languages & cultures,https://www.sheffield.ac.uk/undergraduate/courses/2025/politics-and-modern-languages-cultures-ba,Year 3,"ABBBB + B, typically in a modern foreign language",,
Sheffield,BA (hons) politics & modern languages & cultures,https://www.sheffield.ac.uk/undergraduate/courses/2025/politics-and-modern-languages-cultures-ba,Year 3,"B + BB, typically including a modern foreign language",,
Sheffield,BA (hons) politics & modern languages & cultures,https://www.sheffield.ac.uk/undergraduate/courses/2025/politics-and-modern-languages-cultures-ba,Year 3,"Award of the Access to HE Diploma in a relevant subject, with 45 credits at Level 3, including 24 at Distinction and 21 at Merit",45,
Aston,BSc (hons) politics with international relations,https://www.aston.ac.uk/study/courses/politics-international-relations-bsc/september-2025,Year 2,Provides you with an excellent learning experience that draws on the research and other expertise of Aston University academic staff.,,
Aston,BSc (hons) politics with international relations,https://www.aston.ac.uk/study/courses/politics-international-relations-bsc/september-2025,Year 2,Equips you as a well-qualified and highly employable graduate with key skills for lifelong learning.,,
Aston,BSc (hons) politics with international relations,https://www.aston.ac.uk/study/courses/politics-international-relations-bsc/september-2025,Year 2,"Develops your use of different methods of political analysis drawing on history, political philosophy and the social sciences.",,
Aston,BSc (hons) politics with international relations,https://www.aston.ac.uk/study/courses/politics-international-relations-bsc/september-2025,Year 2,"Encourages you to think critically about events and ideas, particularly with a national, international or supranational dimension.",,
Aston,BSc (hons) politics with international relations,https://www.aston.ac.uk/study/courses/politics-international-relations-bsc/september-2025,Year 2,Provides you with a gamut of intellectual tools for addressing a wide range of questions of public concern.,,
Aston,BSc (hons) politics with international relations,https://www.aston.ac.uk/study/courses/politics-international-relations-bsc/september-2025,Year 2,Placement year,,
Aston,BSc (hons) politics with international relations,https://www.aston.ac.uk/study/courses/politics-international-relations-bsc/september-2025,Year 2,Final year,,
Aston,BSc (hons) politics with international relations,https://www.aston.ac.uk/study/courses/politics-international-relations-bsc/september-2025,Year 2,"Work independently, demonstrating initiative, self-organisation and time-management skills.",,
Aston,BSc (hons) politics with international relations,https://www.aston.ac.uk/study/courses/politics-international-relations-bsc/september-2025,Year 2,Manage your future learning and reflect upon your own learning and development.,,
Aston,BSc (hons) politics with international relations,https://www.aston.ac.uk/study/courses/politics-international-relations-bsc/september-2025,Year 2,Reflect on the practical applications of subject knowledge.,,
Aston,BSc (hons) politics with international relations,https://www.aston.ac.uk/study/courses/politics-international-relations-bsc/september-2025,Year 2,Exercise personal initiative and responsibility and make informed decisions in complex and unpredictable contexts.,,optional
Aston,BSc (hons) politics with international relations,https://www.aston.ac.uk/study/courses/politics-international-relations-bsc/september-2025,Year 1,Compare commentaries and views on politics and international relations from different language sources.,,
Aston,BSc (hons) politics with international relations,https://www.aston.ac.uk/study/courses/politics-international-relations-bsc/september-2025,Year 1,Collaborate with others effectively to achieve common goals.,,
Aston,BSc (hons) international relations & sociology,https://www.aston.ac.uk/study/courses/international-relations-and-sociology-bsc/september-2025,Year 2,Provides you with an excellent learning experience that draws on the research and expertise of Aston University academic staff.,,
Aston,BSc (hons) international relations & sociology,https://www.aston.ac.uk/study/courses/international-relations-and-sociology-bsc/september-2025,Year 2,Provides you with key skills for lifelong learning.,,
Aston,BSc (hons) international relations & sociology,https://www.aston.ac.uk/study/courses/international-relations-and-sociology-bsc/september-2025,Year 2,"Develops your use of different methods of political analysis drawing on history, political philosophy and the social sciences.",,
Aston,BSc (hons) international relations & sociology,https://www.aston.ac.uk/study/courses/international-relations-and-sociology-bsc/september-2025,Year 2,"Enables you to think critically about events and ideas, particularly with an international or supranational dimension.",,
Aston,BSc (hons) international relations & sociology,https://www.aston.ac.uk/study/courses/international-relations-and-sociology-bsc/september-2025,Year 2,Provides you with a gamut of intellectual tools for addressing a wide range of questions of public concern.,,
Aston,BSc (hons) international relations & sociology,https://www.aston.ac.uk/study/courses/international-relations-and-sociology-bsc/september-2025,Year 2,"Provides you with a good understanding of the history of sociological thought, and sociological theories and methods.",,
Aston,BSc (hons) international relations & sociology,https://www.aston.ac.uk/study/courses/international-relations-and-sociology-bsc/september-2025,Year 2,"Provides you with the ability to analyse and understand social problems, social change and social structures.",,
Aston,BSc (hons) international relations & sociology,https://www.aston.ac.uk/study/courses/international-relations-and-sociology-bsc/september-2025,Year 2,Develops your familiarity with key concepts in sociological theories.,,
Aston,BSc (hons) international relations & sociology,https://www.aston.ac.uk/study/courses/international-relations-and-sociology-bsc/september-2025,Year 2,Develops your familiarity with key issues in contemporary societies.,,
Aston,BSc (hons) international relations & sociology,https://www.aston.ac.uk/study/courses/international-relations-and-sociology-bsc/september-2025,Year 2,Placement year,,
Aston,BSc (hons) international relations & sociology,https://www.aston.ac.uk/study/courses/international-relations-and-sociology-bsc/september-2025,Year 2,Final year,,
Aston,BSc (hons) international relations & sociology,https://www.aston.ac.uk/study/courses/international-relations-and-sociology-bsc/september-2025,Year 2,"Work independently, demonstrating initiative, self-organisation and time-management skills.",,
Aston,BSc (hons) international relations & sociology,https://www.aston.ac.uk/study/courses/international-relations-and-sociology-bsc/september-2025,Year 2,"Synthesise, explain, and evaluate different concepts, theories, and evidence to form compelling arguments.",,
Aston,BSc (hons) international relations & sociology,https://www.aston.ac.uk/study/courses/international-relations-and-sociology-bsc/september-2025,Year 2,Think critically and have an understanding of different epistemological approaches and how they influence analyses and interpretations.,,
Aston,BSc (hons) international relations & sociology,https://www.aston.ac.uk/study/courses/international-relations-and-sociology-bsc/september-2025,Year 2,"Design, undertake, and report independent research with a clear consideration of theory, methods and ethical considerations.",,
Aston,BSc (hons) international relations & sociology,https://www.aston.ac.uk/study/courses/international-relations-and-sociology-bsc/september-2025,Year 2,"Synthesise and critically evaluate the concepts, theories and methods used, and findings of, social scientific and international relations research.",,
Aston,BSc (hons) international relations & sociology,https://www.aston.ac.uk/study/courses/international-relations-and-sociology-bsc/september-2025,Year 1,Think critically and to develop lines of argument and analysis in accordance with basic social and political scientific theories and concepts.,,
Aston,BSc (hons) international relations & sociology,https://www.aston.ac.uk/study/courses/international-relations-and-sociology-bsc/september-2025,Year 1,Experience working independently and managing time.,,
Aston,BSc (hons) politics & sociology,https://www.aston.ac.uk/study/courses/politics-and-sociology-bsc/september-2025,Year 2,Provides you with an excellent learning experience that draws on the research and other expertise of academic staff.,,
Aston,BSc (hons) politics & sociology,https://www.aston.ac.uk/study/courses/politics-and-sociology-bsc/september-2025,Year 2,Equips you as a well-qualified and highly employable graduate with key skills for lifelong learning.,,
Aston,BSc (hons) politics & sociology,https://www.aston.ac.uk/study/courses/politics-and-sociology-bsc/september-2025,Year 2,"Develops your use of different methods of political analysis drawing on history, political philosophy and the social sciences.",,
Aston,BSc (hons) politics & sociology,https://www.aston.ac.uk/study/courses/politics-and-sociology-bsc/september-2025,Year 2,Encourages you to think critically about events and ideas.,,
Aston,BSc (hons) politics & sociology,https://www.aston.ac.uk/study/courses/politics-and-sociology-bsc/september-2025,Year 2,Provides you with a gamut of intellectual tools for addressing a wide range of questions of public concern.,,
Aston,BSc (hons) politics & sociology,https://www.aston.ac.uk/study/courses/politics-and-sociology-bsc/september-2025,Year 2,"Provides you with a good understanding of the history of sociological thought, and sociological theories and methods.",,
Aston,BSc (hons) politics & sociology,https://www.aston.ac.uk/study/courses/politics-and-sociology-bsc/september-2025,Year 2,"Provides you with the ability to analyse and understand social problems, social change and social structures.",,
Aston,BSc (hons) politics & sociology,https://www.aston.ac.uk/study/courses/politics-and-sociology-bsc/september-2025,Year 2,Develops your familiarity with key concepts in sociological theories.,,
Aston,BSc (hons) politics & sociology,https://www.aston.ac.uk/study/courses/politics-and-sociology-bsc/september-2025,Year 2,Develops your familiarity with key issues in contemporary societies.,,
Aston,BSc (hons) politics & sociology,https://www.aston.ac.uk/study/courses/politics-and-sociology-bsc/september-2025,Year 2,Provides training in techniques of sociological research and analysis.,,
Aston,BSc (hons) politics & sociology,https://www.aston.ac.uk/study/courses/politics-and-sociology-bsc/september-2025,Year 2,Placement year,,
Aston,BSc (hons) politics & sociology,https://www.aston.ac.uk/study/courses/politics-and-sociology-bsc/september-2025,Year 2,Final year,,
Aston,BSc (hons) politics & sociology,https://www.aston.ac.uk/study/courses/politics-and-sociology-bsc/september-2025,Year 2,"Work independently, demonstrating initiative, self-organisation and time-management skills.",,
Aston,BSc (hons) politics & sociology,https://www.aston.ac.uk/study/courses/politics-and-sociology-bsc/september-2025,Year 2,Think critically and understand different epistemological approaches and how they influence analyses and interpretations.,,
Aston,BSc (hons) politics & sociology,https://www.aston.ac.uk/study/courses/politics-and-sociology-bsc/september-2025,Year 2,"Exercise personal initiative and responsibility, and make informed decisions in complex and unpredictable contexts.",,
Aston,BSc (hons) politics & sociology,https://www.aston.ac.uk/study/courses/politics-and-sociology-bsc/september-2025,Year 2,"Design, undertake, and report independent research with a clear consideration of theory, methods and ethical considerations.",,
Aston,BSc (hons) politics & sociology,https://www.aston.ac.uk/study/courses/politics-and-sociology-bsc/september-2025,Year 1,Think critically and develop lines of argument and analysis in accordance with basic social scientific theories and concepts.,,
Aberdeen,MA (hons) politics & international relations,https://www.abdn.ac.uk/study/undergraduate/degree-programmes/829/L240/politics-and-international-relations/,Year 1,15 Credit Points,15,
Aberdeen,MA (hons) politics & international relations,https://www.abdn.ac.uk/study/undergraduate/degree-programmes/829/L240/politics-and-international-relations/,Year 1,15 Credit Points,15,
Aberdeen,MA (hons) politics & international relations,https://www.abdn.ac.uk/study/undergraduate/degree-programmes/829/L240/politics-and-international-relations/,Year 1,Select a further 90 credit points from courses of choice.,90,
Aberdeen,MA (hons) politics & international relations,https://www.abdn.ac.uk/study/undergraduate/degree-programmes/829/L240/politics-and-international-relations/,Year 2,30 Credit Points,30,
Aberdeen,MA (hons) politics & international relations,https://www.abdn.ac.uk/study/undergraduate/degree-programmes/829/L240/politics-and-international-relations/,Year 2,30 Credit Points,30,
Aberdeen,MA (hons) politics & international relations,https://www.abdn.ac.uk/study/undergraduate/degree-programmes/829/L240/politics-and-international-relations/,Year 2,Select a further 60 credit points from courses of choice.,60,
Aberdeen,MA (hons) politics & international relations,https://www.abdn.ac.uk/study/undergraduate/degree-programmes/829/L240/politics-and-international-relations/,Year 3,30 Credit Points,30,
Aberdeen,MA (hons) politics & international relations,https://www.abdn.ac.uk/study/undergraduate/degree-programmes/829/L240/politics-and-international-relations/,Year 3,You are required to gain 210 credits from courses in Politics and International Relations across levels 3 and 4.,210,
Aberdeen,MA (hons) politics & international relations,https://www.abdn.ac.uk/study/undergraduate/degree-programmes/829/L240/politics-and-international-relations/,Year 3,30 Credit Points,30,
Aberdeen,MA (hons) politics & international relations,https://www.abdn.ac.uk/study/undergraduate/degree-programmes/829/L240/politics-and-international-relations/,Year 3,30 Credit Points,30,
Aberdeen,MA (hons) politics & international relations,https://www.abdn.ac.uk/study/undergraduate/degree-programmes/829/L240/politics-and-international-relations/,Year 3,30 Credit Points,30,
Aberdeen,MA (hons) politics & international relations,https://www.abdn.ac.uk/study/undergraduate/degree-programmes/829/L240/politics-and-international-relations/,Year 3,30 Credit Points,30,
Aberdeen,MA (hons) politics & international relations,https://www.abdn.ac.uk/study/undergraduate/degree-programmes/829/L240/politics-and-international-relations/,Year 3,30 Credit Points,30,
Aberdeen,MA (hons) politics & international relations,https://www.abdn.ac.uk/study/undergraduate/degree-programmes/829/L240/politics-and-international-relations/,Year 3,30 Credit Points,30,
Aberdeen,MA (hons) politics & international relations,https://www.abdn.ac.uk/study/undergraduate/degree-programmes/829/L240/politics-and-international-relations/,Year 3,30 Credit Points,30,
Aberdeen,MA (hons) politics & international relations,https://www.abdn.ac.uk/study/undergraduate/degree-programmes/829/L240/politics-and-international-relations/,Year 3,30 Credit Points,30,
Aberdeen,MA (hons) politics & international relations,https://www.abdn.ac.uk/study/undergraduate/degree-programmes/829/L240/politics-and-international-relations/,Year 3,30 Credit Points,30,
Aberdeen,MA (hons) politics & international relations,https://www.abdn.ac.uk/study/undergraduate/degree-programmes/829/L240/politics-and-international-relations/,Year 3,30 Credit Points,30,
Aberdeen,MA (hons) politics & international relations,https://www.abdn.ac.uk/study/undergraduate/degree-programmes/829/L240/politics-and-international-relations/,Year 3,See our English language requirements page,,core
Aberdeen,MA (hons) politics & international relations,https://www.abdn.ac.uk/study/undergraduate/degree-programmes/829/L240/politics-and-international-relations/,Year 3,See additional information for your country or territory,,core
Aberdeen,MA (hons) politics & international relations,https://www.abdn.ac.uk/study/undergraduate/degree-programmes/829/L240/politics-and-international-relations/,Year 4,Select 90 credit points from level 4 Politics and International Relations courses.,90,optional
Aberdeen,MA (hons) politics & international relations,https://www.abdn.ac.uk/study/undergraduate/degree-programmes/829/L240/politics-and-international-relations/,Year 4,30 Credit Points,30,optional
Aberdeen,MA (hons) politics & international relations,https://www.abdn.ac.uk/study/undergraduate/degree-programmes/829/L240/politics-and-international-relations/,Year 4,30 Credit Points,30,optional
Aberdeen,MA (hons) politics & international relations,https://www.abdn.ac.uk/study/undergraduate/degree-programmes/829/L240/politics-and-international-relations/,Year 4,30 Credit Points,30,optional
Aberdeen,MA (hons) politics & international relations,https://www.abdn.ac.uk/study/undergraduate/degree-programmes/829/L240/politics-and-international-relations/,Year 4,30 Credit Points,30,optional
Aberdeen,MA (hons) politics & international relations,https://www.abdn.ac.uk/study/undergraduate/degree-programmes/829/L240/politics-and-international-relations/,Year 4,30 Credit Points,30,optional
Aberdeen,MA (hons) politics & international relations,https://www.abdn.ac.uk/study/undergraduate/degree-programmes/829/L240/politics-and-international-relations/,Year 4,30 Credit Points,30,optional
Aberdeen,MA (hons) politics & international relations,https://www.abdn.ac.uk/study/undergraduate/degree-programmes/829/L240/politics-and-international-relations/,Year 4,30 Credit Points,30,optional
Aberdeen,MA (hons) politics & international relations,https://www.abdn.ac.uk/study/undergraduate/degree-programmes/829/L240/politics-and-international-relations/,Year 4,30 Credit Points,30,optional
Aberdeen,MA (hons) politics & international relations,https://www.abdn.ac.uk/study/undergraduate/degree-programmes/829/L240/politics-and-international-relations/,Year 4,30 Credit Points,30,optional
Aberdeen,MA (hons) politics & international relations,https://www.abdn.ac.uk/study/undergraduate/degree-programmes/829/L240/politics-and-international-relations/,Year 4,30 Credit Points,30,optional
Aberdeen,MA (hons) politics & international relations,https://www.abdn.ac.uk/study/undergraduate/degree-programmes/829/L240/politics-and-international-relations/,Year 4,30 Credit Points,30,optional
Aberdeen,MA (hons) politics & international relations,https://www.abdn.ac.uk/study/undergraduate/degree-programmes/829/L240/politics-and-international-relations/,Year 4,30 Credit Points,30,optional
Aberdeen,MA (hons) politics & international relations,https://www.abdn.ac.uk/study/undergraduate/degree-programmes/829/L240/politics-and-international-relations/,Year 4,30 Credit Points,30,optional
Aberdeen,MA (hons) politics & international relations,https://www.abdn.ac.uk/study/undergraduate/degree-programmes/829/L240/politics-and-international-relations/,Year 4,30 Credit Points,30,optional
Aberdeen,MA (hons) politics & international relations,https://www.abdn.ac.uk/study/undergraduate/degree-programmes/829/L240/politics-and-international-relations/,Year 4,30 Credit Points,30,optional
Aberdeen,MA (hons) politics & international relations,https://www.abdn.ac.uk/study/undergraduate/degree-programmes/829/L240/politics-and-international-relations/,Year 4,30 Credit Points,30,optional
Aberdeen,MA (hons) politics & international relations,https://www.abdn.ac.uk/study/undergraduate/degree-programmes/829/L240/politics-and-international-relations/,Year 4,Politics and International Relations,,optional
Aberdeen,MA (hons) politics & sociology,https://www.abdn.ac.uk/study/undergraduate/degree-programmes/831/LL23/politics-and-sociology/,Year 1,15 Credit Points,15,
Aberdeen,MA (hons) politics & sociology,https://www.abdn.ac.uk/study/undergraduate/degree-programmes/831/LL23/politics-and-sociology/,Year 1,15 Credit Points,15,
Aberdeen,MA (hons) politics & sociology,https://www.abdn.ac.uk/study/undergraduate/degree-programmes/831/LL23/politics-and-sociology/,Year 1,15 Credit Points,15,
Aberdeen,MA (hons) politics & sociology,https://www.abdn.ac.uk/study/undergraduate/degree-programmes/831/LL23/politics-and-sociology/,Year 1,15 Credit Points,15,
Aberdeen,MA (hons) politics & sociology,https://www.abdn.ac.uk/study/undergraduate/degree-programmes/831/LL23/politics-and-sociology/,Year 1,Select a further 60 credit points from courses of choice.,60,
Aberdeen,MA (hons) politics & sociology,https://www.abdn.ac.uk/study/undergraduate/degree-programmes/831/LL23/politics-and-sociology/,Year 2,30 Credit Points,30,
Aberdeen,MA (hons) politics & sociology,https://www.abdn.ac.uk/study/undergraduate/degree-programmes/831/LL23/politics-and-sociology/,Year 2,30 Credit Points,30,
Aberdeen,MA (hons) politics & sociology,https://www.abdn.ac.uk/study/undergraduate/degree-programmes/831/LL23/politics-and-sociology/,Year 2,30 Credit Points,30,
Aberdeen,MA (hons) politics & sociology,https://www.abdn.ac.uk/study/undergraduate/degree-programmes/831/LL23/politics-and-sociology/,Year 2,30 Credit Points,30,
Aberdeen,MA (hons) politics & sociology,https://www.abdn.ac.uk/study/undergraduate/degree-programmes/831/LL23/politics-and-sociology/,Year 3,30 Credit Points,30,
Aberdeen,MA (hons) politics & sociology,https://www.abdn.ac.uk/study/undergraduate/degree-programmes/831/LL23/politics-and-sociology/,Year 3,Select 30 credit points from level 3 courses in Politics & International Relations.,30,
Aberdeen,MA (hons) politics & sociology,https://www.abdn.ac.uk/study/undergraduate/degree-programmes/831/LL23/politics-and-sociology/,Year 3,30 Credit Points,30,
Aberdeen,MA (hons) politics & sociology,https://www.abdn.ac.uk/study/undergraduate/degree-programmes/831/LL23/politics-and-sociology/,Year 3,30 Credit Points,30,
Aberdeen,MA (hons) politics & sociology,https://www.abdn.ac.uk/study/undergraduate/degree-programmes/831/LL23/politics-and-sociology/,Year 3,30 Credit Points,30,
Aberdeen,MA (hons) politics & sociology,https://www.abdn.ac.uk/study/undergraduate/degree-programmes/831/LL23/politics-and-sociology/,Year 3,30 Credit Points,30,
Aberdeen,MA (hons) politics & sociology,https://www.abdn.ac.uk/study/undergraduate/degree-programmes/831/LL23/politics-and-sociology/,Year 3,See our English language requirements page,,core
Aberdeen,MA (hons) politics & sociology,https://www.abdn.ac.uk/study/undergraduate/degree-programmes/831/LL23/politics-and-sociology/,Year 3,See additional information for your country or territory,,core
Aberdeen,MA (hons) politics & sociology,https://www.abdn.ac.uk/study/undergraduate/degree-programmes/831/LL23/politics-and-sociology/,Year 4,30 Credit Points,30,optional
Aberdeen,MA (hons) politics & sociology,https://www.abdn.ac.uk/study/undergraduate/degree-programmes/831/LL23/politics-and-sociology/,Year 4,30 Credit Points,30,optional
Aberdeen,MA (hons) politics & sociology,https://www.abdn.ac.uk/study/undergraduate/degree-programmes/831/LL23/politics-and-sociology/,Year 4,30 Credit Points,30,optional
Aberdeen,MA (hons) politics & sociology,https://www.abdn.ac.uk/study/undergraduate/degree-programmes/831/LL23/politics-and-sociology/,Year 4,30 Credit Points,30,optional
Aberdeen,MA (hons) politics & sociology,https://www.abdn.ac.uk/study/undergraduate/degree-programmes/831/LL23/politics-and-sociology/,Year 4,30 Credit Points,30,optional
Aberdeen,MA (hons) politics & sociology,https://www.abdn.ac.uk/study/undergraduate/degree-programmes/831/LL23/politics-and-sociology/,Year 4,30 Credit Points,30,optional
Aberdeen,MA (hons) politics & sociology,https://www.abdn.ac.uk/study/undergraduate/degree-programmes/831/LL23/politics-and-sociology/,Year 4,30 Credit Points,30,optional
Aberdeen,MA (hons) politics & sociology,https://www.abdn.ac.uk/study/undergraduate/degree-programmes/831/LL23/politics-and-sociology/,Year 4,30 Credit Points,30,optional
Aberdeen,MA (hons) politics & sociology,https://www.abdn.ac.uk/study/undergraduate/degree-programmes/831/LL23/politics-and-sociology/,Year 4,30 Credit Points,30,optional
Aberdeen,MA (hons) politics & sociology,https://www.abdn.ac.uk/study/undergraduate/degree-programmes/831/LL23/politics-and-sociology/,Year 4,30 Credit Points,30,optional
Aberdeen,MA (hons) politics & sociology,https://www.abdn.ac.uk/study/undergraduate/degree-programmes/831/LL23/politics-and-sociology/,Year 4,30 Credit Points,30,optional
Aberdeen,MA (hons) politics & sociology,https://www.abdn.ac.uk/study/undergraduate/degree-programmes/831/LL23/politics-and-sociology/,Year 4,30 Credit Points,30,optional
Aberdeen,MA (hons) politics & sociology,https://www.abdn.ac.uk/study/undergraduate/degree-programmes/831/LL23/politics-and-sociology/,Year 4,30 Credit Points,30,optional
Aberdeen,MA (hons) politics & sociology,https://www.abdn.ac.uk/study/undergraduate/degree-programmes/831/LL23/politics-and-sociology/,Year 4,30 Credit Points,30,optional
Aberdeen,MA (hons) politics & sociology,https://www.abdn.ac.uk/study/undergraduate/degree-programmes/831/LL23/politics-and-sociology/,Year 4,30 Credit Points,30,optional
Aberdeen,MA (hons) politics & sociology,https://www.abdn.ac.uk/study/undergraduate/degree-programmes/831/LL23/politics-and-sociology/,Year 4,30 Credit Points,30,optional
Aberdeen,MA (hons) politics & sociology,https://www.abdn.ac.uk/study/undergraduate/degree-programmes/831/LL23/politics-and-sociology/,Year 4,30 Credit Points,30,optional
Aberdeen,MA (hons) politics & sociology,https://www.abdn.ac.uk/study/undergraduate/degree-programmes/831/LL23/politics-and-sociology/,Year 4,Politics and International Relations,,optional
Aberdeen,MA (hons) politics & sociology,https://www.abdn.ac.uk/study/undergraduate/degree-programmes/831/LL23/politics-and-sociology/,Year 4,Sociology,,optional
Aberdeen,MA (hons) politics & sociology,https://www.abdn.ac.uk/study/undergraduate/degree-programmes/831/LL23/politics-and-sociology/,Year 4,Undergraduate Prospectus,,optional
Aberdeen,MA (hons) politics & sociology,https://www.abdn.ac.uk/study/undergraduate/degree-programmes/831/LL23/politics-and-sociology/,Year 4,Find Funding,,optional
Aberdeen,MA (hons) politics & sociology,https://www.abdn.ac.uk/study/undergraduate/degree-programmes/831/LL23/politics-and-sociology/,Year 4,Find Accommodation,,optional
Aberdeen,MA (hons) politics & sociology,https://www.abdn.ac.uk/study/undergraduate/degree-programmes/831/LL23/politics-and-sociology/,Year 4,Chat to our students and staff,,optional
Aberdeen,MA (hons) international relations & sociology,https://www.abdn.ac.uk/study/undergraduate/degree-programmes/757/LLF3/international-relations-and-sociology/,Year 1,15 Credit Points,15,
Aberdeen,MA (hons) international relations & sociology,https://www.abdn.ac.uk/study/undergraduate/degree-programmes/757/LLF3/international-relations-and-sociology/,Year 1,15 Credit Points,15,
Aberdeen,MA (hons) international relations & sociology,https://www.abdn.ac.uk/study/undergraduate/degree-programmes/757/LLF3/international-relations-and-sociology/,Year 1,15 Credit Points,15,
Aberdeen,MA (hons) international relations & sociology,https://www.abdn.ac.uk/study/undergraduate/degree-programmes/757/LLF3/international-relations-and-sociology/,Year 1,15 Credit Points,15,
Aberdeen,MA (hons) international relations & sociology,https://www.abdn.ac.uk/study/undergraduate/degree-programmes/757/LLF3/international-relations-and-sociology/,Year 1,Select a further 60 credit points from courses of choice.,60,
Aberdeen,MA (hons) international relations & sociology,https://www.abdn.ac.uk/study/undergraduate/degree-programmes/757/LLF3/international-relations-and-sociology/,Year 2,30 Credit Points,30,
Aberdeen,MA (hons) international relations & sociology,https://www.abdn.ac.uk/study/undergraduate/degree-programmes/757/LLF3/international-relations-and-sociology/,Year 2,30 Credit Points,30,
Aberdeen,MA (hons) international relations & sociology,https://www.abdn.ac.uk/study/undergraduate/degree-programmes/757/LLF3/international-relations-and-sociology/,Year 2,30 Credit Points,30,
Aberdeen,MA (hons) international relations & sociology,https://www.abdn.ac.uk/study/undergraduate/degree-programmes/757/LLF3/international-relations-and-sociology/,Year 2,30 Credit Points,30,
Aberdeen,MA (hons) international relations & sociology,https://www.abdn.ac.uk/study/undergraduate/degree-programmes/757/LLF3/international-relations-and-sociology/,Year 3,30 Credit Points,30,
Aberdeen,MA (hons) international relations & sociology,https://www.abdn.ac.uk/study/undergraduate/degree-programmes/757/LLF3/international-relations-and-sociology/,Year 3,30 Credit Points,30,
Aberdeen,MA (hons) international relations & sociology,https://www.abdn.ac.uk/study/undergraduate/degree-programmes/757/LLF3/international-relations-and-sociology/,Year 3,30 Credit Points,30,
Aberdeen,MA (hons) international relations & sociology,https://www.abdn.ac.uk/study/undergraduate/degree-programmes/757/LLF3/international-relations-and-sociology/,Year 3,30 Credit Points,30,
Aberdeen,MA (hons) international relations & sociology,https://www.abdn.ac.uk/study/undergraduate/degree-programmes/757/LLF3/international-relations-and-sociology/,Year 3,See our English language requirements page,,core
Aberdeen,MA (hons) international relations & sociology,https://www.abdn.ac.uk/study/undergraduate/degree-programmes/757/LLF3/international-relations-and-sociology/,Year 3,See additional information for your country or territory,,core
Aberdeen,MA (hons) international relations & sociology,https://www.abdn.ac.uk/study/undergraduate/degree-programmes/757/LLF3/international-relations-and-sociology/,Year 4,30 Credit Points,30,optional
Aberdeen,MA (hons) international relations & sociology,https://www.abdn.ac.uk/study/undergraduate/degree-programmes/757/LLF3/international-relations-and-sociology/,Year 4,30 Credit Points,30,optional
Aberdeen,MA (hons) international relations & sociology,https://www.abdn.ac.uk/study/undergraduate/degree-programmes/757/LLF3/international-relations-and-sociology/,Year 4,30 Credit Points,30,optional
Aberdeen,MA (hons) international relations & sociology,https://www.abdn.ac.uk/study/undergraduate/degree-programmes/757/LLF3/international-relations-and-sociology/,Year 4,Politics and International Relations,,optional
Aberdeen,MA (hons) international relations & sociology,https://www.abdn.ac.uk/study/undergraduate/degree-programmes/757/LLF3/international-relations-and-sociology/,Year 4,Sociology,,optional
Aberdeen,MA (hons) legal studies & politics,https://www.abdn.ac.uk/study/undergraduate/degree-programmes/778/ML12/legal-studies-and-politics/,Year 1,15 Credit Points,15,
Aberdeen,MA (hons) legal studies & politics,https://www.abdn.ac.uk/study/undergraduate/degree-programmes/778/ML12/legal-studies-and-politics/,Year 1,15 Credit Points,15,
Aberdeen,MA (hons) legal studies & politics,https://www.abdn.ac.uk/study/undergraduate/degree-programmes/778/ML12/legal-studies-and-politics/,Year 1,15 Credit Points,15,
Aberdeen,MA (hons) legal studies & politics,https://www.abdn.ac.uk/study/undergraduate/degree-programmes/778/ML12/legal-studies-and-politics/,Year 1,15 Credit Points,15,
Aberdeen,MA (hons) legal studies & politics,https://www.abdn.ac.uk/study/undergraduate/degree-programmes/778/ML12/legal-studies-and-politics/,Year 1,Plus 30 credit points from non-LS courses of choice.,30,
Aberdeen,MA (hons) legal studies & politics,https://www.abdn.ac.uk/study/undergraduate/degree-programmes/778/ML12/legal-studies-and-politics/,Year 1,Plus 30 credit points from the following courses,30,
Aberdeen,MA (hons) legal studies & politics,https://www.abdn.ac.uk/study/undergraduate/degree-programmes/778/ML12/legal-studies-and-politics/,Year 1,15 Credit Points,15,
Aberdeen,MA (hons) legal studies & politics,https://www.abdn.ac.uk/study/undergraduate/degree-programmes/778/ML12/legal-studies-and-politics/,Year 1,15 Credit Points,15,
Aberdeen,MA (hons) legal studies & politics,https://www.abdn.ac.uk/study/undergraduate/degree-programmes/778/ML12/legal-studies-and-politics/,Year 1,15 Credit Points,15,
Aberdeen,MA (hons) legal studies & politics,https://www.abdn.ac.uk/study/undergraduate/degree-programmes/778/ML12/legal-studies-and-politics/,Year 1,15 Credit Points,15,
Aberdeen,MA (hons) legal studies & politics,https://www.abdn.ac.uk/study/undergraduate/degree-programmes/778/ML12/legal-studies-and-politics/,Year 1,15 Credit Points,15,
Aberdeen,MA (hons) legal studies & politics,https://www.abdn.ac.uk/study/undergraduate/degree-programmes/778/ML12/legal-studies-and-politics/,Year 1,15 Credit Points,15,
Aberdeen,MA (hons) legal studies & politics,https://www.abdn.ac.uk/study/undergraduate/degree-programmes/778/ML12/legal-studies-and-politics/,Year 2,30 Credit Points,30,
Aberdeen,MA (hons) legal studies & politics,https://www.abdn.ac.uk/study/undergraduate/degree-programmes/778/ML12/legal-studies-and-politics/,Year 2,30 Credit Points,30,
Aberdeen,MA (hons) legal studies & politics,https://www.abdn.ac.uk/study/undergraduate/degree-programmes/778/ML12/legal-studies-and-politics/,Year 2,Plus 60 credit points from the following courses,60,
Aberdeen,MA (hons) legal studies & politics,https://www.abdn.ac.uk/study/undergraduate/degree-programmes/778/ML12/legal-studies-and-politics/,Year 2,15 Credit Points,15,
Aberdeen,MA (hons) legal studies & politics,https://www.abdn.ac.uk/study/undergraduate/degree-programmes/778/ML12/legal-studies-and-politics/,Year 2,15 Credit Points,15,
Aberdeen,MA (hons) legal studies & politics,https://www.abdn.ac.uk/study/undergraduate/degree-programmes/778/ML12/legal-studies-and-politics/,Year 2,15 Credit Points,15,
Aberdeen,MA (hons) legal studies & politics,https://www.abdn.ac.uk/study/undergraduate/degree-programmes/778/ML12/legal-studies-and-politics/,Year 2,15 Credit Points,15,
Aberdeen,MA (hons) legal studies & politics,https://www.abdn.ac.uk/study/undergraduate/degree-programmes/778/ML12/legal-studies-and-politics/,Year 2,15 Credit Points,15,
Aberdeen,MA (hons) legal studies & politics,https://www.abdn.ac.uk/study/undergraduate/degree-programmes/778/ML12/legal-studies-and-politics/,Year 2,15 Credit Points,15,
Aberdeen,MA (hons) legal studies & politics,https://www.abdn.ac.uk/study/undergraduate/degree-programmes/778/ML12/legal-studies-and-politics/,Year 2,15 Credit Points,15,
Aberdeen,MA (hons) legal studies & politics,https://www.abdn.ac.uk/study/undergraduate/degree-programmes/778/ML12/legal-studies-and-politics/,Year 2,15 Credit Points,15,
Aberdeen,MA (hons) legal studies & politics,https://www.abdn.ac.uk/study/undergraduate/degree-programmes/778/ML12/legal-studies-and-politics/,Year 2,15 Credit Points,15,
Aberdeen,MA (hons) legal studies & politics,https://www.abdn.ac.uk/study/undergraduate/degree-programmes/778/ML12/legal-studies-and-politics/,Year 2,15 Credit Points,15,
Aberdeen,MA (hons) legal studies & politics,https://www.abdn.ac.uk/study/undergraduate/degree-programmes/778/ML12/legal-studies-and-politics/,Year 2,5 Credit Points,7.5,
Aberdeen,MA (hons) legal studies & politics,https://www.abdn.ac.uk/study/undergraduate/degree-programmes/778/ML12/legal-studies-and-politics/,Year 2,5 Credit Points,7.5,
Aberdeen,MA (hons) legal studies & politics,https://www.abdn.ac.uk/study/undergraduate/degree-programmes/778/ML12/legal-studies-and-politics/,Year 2,15 Credit Points,15,
Aberdeen,MA (hons) legal studies & politics,https://www.abdn.ac.uk/study/undergraduate/degree-programmes/778/ML12/legal-studies-and-politics/,Year 2,15 Credit Points,15,
Aberdeen,MA (hons) legal studies & politics,https://www.abdn.ac.uk/study/undergraduate/degree-programmes/778/ML12/legal-studies-and-politics/,Year 2,5 Credit Points,7.5,
Aberdeen,MA (hons) legal studies & politics,https://www.abdn.ac.uk/study/undergraduate/degree-programmes/778/ML12/legal-studies-and-politics/,Year 2,5 Credit Points,7.5,
Aberdeen,MA (hons) legal studies & politics,https://www.abdn.ac.uk/study/undergraduate/degree-programmes/778/ML12/legal-studies-and-politics/,Year 2,15 Credit Points,15,
Aberdeen,MA (hons) legal studies & politics,https://www.abdn.ac.uk/study/undergraduate/degree-programmes/778/ML12/legal-studies-and-politics/,Year 2,15 Credit Points,15,
Aberdeen,MA (hons) legal studies & politics,https://www.abdn.ac.uk/study/undergraduate/degree-programmes/778/ML12/legal-studies-and-politics/,Year 3,30 Credit Points,30,
Aberdeen,MA (hons) legal studies & politics,https://www.abdn.ac.uk/study/undergraduate/degree-programmes/778/ML12/legal-studies-and-politics/,Year 3,Plus 60 credit points from Legal Studies LX Honours courses,60,
Aberdeen,MA (hons) legal studies & politics,https://www.abdn.ac.uk/study/undergraduate/degree-programmes/778/ML12/legal-studies-and-politics/,Year 3,30 Credit Points,30,
Aberdeen,MA (hons) legal studies & politics,https://www.abdn.ac.uk/study/undergraduate/degree-programmes/778/ML12/legal-studies-and-politics/,Year 3,30 Credit Points,30,
Aberdeen,MA (hons) legal studies & politics,https://www.abdn.ac.uk/study/undergraduate/degree-programmes/778/ML12/legal-studies-and-politics/,Year 3,30 Credit Points,30,
Aberdeen,MA (hons) legal studies & politics,https://www.abdn.ac.uk/study/undergraduate/degree-programmes/778/ML12/legal-studies-and-politics/,Year 3,30 Credit Points,30,
Aberdeen,MA (hons) legal studies & politics,https://www.abdn.ac.uk/study/undergraduate/degree-programmes/778/ML12/legal-studies-and-politics/,Year 3,30 Credit Points,30,
Aberdeen,MA (hons) legal studies & politics,https://www.abdn.ac.uk/study/undergraduate/degree-programmes/778/ML12/legal-studies-and-politics/,Year 3,30 Credit Points,30,
Aberdeen,MA (hons) legal studies & politics,https://www.abdn.ac.uk/study/undergraduate/degree-programmes/778/ML12/legal-studies-and-politics/,Year 3,30 Credit Points,30,
Aberdeen,MA (hons) legal studies & politics,https://www.abdn.ac.uk/study/undergraduate/degree-programmes/778/ML12/legal-studies-and-politics/,Year 3,30 Credit Points,30,
Aberdeen,MA (hons) legal studies & politics,https://www.abdn.ac.uk/study/undergraduate/degree-programmes/778/ML12/legal-studies-and-politics/,Year 3,30 Credit Points,30,
Aberdeen,MA (hons) legal studies & politics,https://www.abdn.ac.uk/study/undergraduate/degree-programmes/778/ML12/legal-studies-and-politics/,Year 3,30 Credit Points,30,
Aberdeen,MA (hons) legal studies & politics,https://www.abdn.ac.uk/study/undergraduate/degree-programmes/778/ML12/legal-studies-and-politics/,Year 3,30 Credit Points,30,
Aberdeen,MA (hons) legal studies & politics,https://www.abdn.ac.uk/study/undergraduate/degree-programmes/778/ML12/legal-studies-and-politics/,Year 3,30 Credit Points,30,
Aberdeen,MA (hons) legal studies & politics,https://www.abdn.ac.uk/study/undergraduate/degree-programmes/778/ML12/legal-studies-and-politics/,Year 3,30 Credit Points,30,
Aberdeen,MA (hons) legal studies & politics,https://www.abdn.ac.uk/study/undergraduate/degree-programmes/778/ML12/legal-studies-and-politics/,Year 3,30 Credit Points,30,
Aberdeen,MA (hons) legal studies & politics,https://www.abdn.ac.uk/study/undergraduate/degree-programmes/778/ML12/legal-studies-and-politics/,Year 3,30 Credit Points,30,
Aberdeen,MA (hons) legal studies & politics,https://www.abdn.ac.uk/study/undergraduate/degree-programmes/778/ML12/legal-studies-and-politics/,Year 3,30 Credit Points,30,
Aberdeen,MA (hons) legal studies & politics,https://www.abdn.ac.uk/study/undergraduate/degree-programmes/778/ML12/legal-studies-and-politics/,Year 3,30 Credit Points,30,
Aberdeen,MA (hons) legal studies & politics,https://www.abdn.ac.uk/study/undergraduate/degree-programmes/778/ML12/legal-studies-and-politics/,Year 3,30 Credit Points,30,
Aberdeen,MA (hons) legal studies & politics,https://www.abdn.ac.uk/study/undergraduate/degree-programmes/778/ML12/legal-studies-and-politics/,Year 3,30 Credit Points,30,
Aberdeen,MA (hons) legal studies & politics,https://www.abdn.ac.uk/study/undergraduate/degree-programmes/778/ML12/legal-studies-and-politics/,Year 3,30 Credit Points,30,
Aberdeen,MA (hons) legal studies & politics,https://www.abdn.ac.uk/study/undergraduate/degree-programmes/778/ML12/legal-studies-and-politics/,Year 3,30 Credit Points,30,
Aberdeen,MA (hons) legal studies & politics,https://www.abdn.ac.uk/study/undergraduate/degree-programmes/778/ML12/legal-studies-and-politics/,Year 3,30 Credit Points,30,
Aberdeen,MA (hons) legal studies & politics,https://www.abdn.ac.uk/study/undergraduate/degree-programmes/778/ML12/legal-studies-and-politics/,Year 3,30 Credit Points,30,
Aberdeen,MA (hons) legal studies & politics,https://www.abdn.ac.uk/study/undergraduate/degree-programmes/778/ML12/legal-studies-and-politics/,Year 3,30 Credit Points,30,
Aberdeen,MA (hons) legal studies & politics,https://www.abdn.ac.uk/study/undergraduate/degree-programmes/778/ML12/legal-studies-and-politics/,Year 3,30 Credit Points,30,
Aberdeen,MA (hons) legal studies & politics,https://www.abdn.ac.uk/study/undergraduate/degree-programmes/778/ML12/legal-studies-and-politics/,Year 3,30 Credit Points,30,
Aberdeen,MA (hons) legal studies & politics,https://www.abdn.ac.uk/study/undergraduate/degree-programmes/778/ML12/legal-studies-and-politics/,Year 3,30 Credit Points,30,
Aberdeen,MA (hons) legal studies & politics,https://www.abdn.ac.uk/study/undergraduate/degree-programmes/778/ML12/legal-studies-and-politics/,Year 3,30 Credit Points,30,
Aberdeen,MA (hons) legal studies & politics,https://www.abdn.ac.uk/study/undergraduate/degree-programmes/778/ML12/legal-studies-and-politics/,Year 3,30 Credit Points,30,
Aberdeen,MA (hons) legal studies & politics,https://www.abdn.ac.uk/study/undergraduate/degree-programmes/778/ML12/legal-studies-and-politics/,Year 3,30 Credit Points,30,
Aberdeen,MA (hons) legal studies & politics,https://www.abdn.ac.uk/study/undergraduate/degree-programmes/778/ML12/legal-studies-and-politics/,Year 3,30 Credit Points,30,
Aberdeen,MA (hons) legal studies & politics,https://www.abdn.ac.uk/study/undergraduate/degree-programmes/778/ML12/legal-studies-and-politics/,Year 3,30 Credit Points,30,
Aberdeen,MA (hons) legal studies & politics,https://www.abdn.ac.uk/study/undergraduate/degree-programmes/778/ML12/legal-studies-and-politics/,Year 3,30 Credit Points,30,
Aberdeen,MA (hons) legal studies & politics,https://www.abdn.ac.uk/study/undergraduate/degree-programmes/778/ML12/legal-studies-and-politics/,Year 3,30 Credit Points,30,
Aberdeen,MA (hons) legal studies & politics,https://www.abdn.ac.uk/study/undergraduate/degree-programmes/778/ML12/legal-studies-and-politics/,Year 3,30 Credit Points,30,
Aberdeen,MA (hons) legal studies & politics,https://www.abdn.ac.uk/study/undergraduate/degree-programmes/778/ML12/legal-studies-and-politics/,Year 3,See our English language requirements page,,core
Aberdeen,MA (hons) legal studies & politics,https://www.abdn.ac.uk/study/undergraduate/degree-programmes/778/ML12/legal-studies-and-politics/,Year 3,See additional information for your country or territory,,core
Aberdeen,MA (hons) legal studies & politics,https://www.abdn.ac.uk/study/undergraduate/degree-programmes/778/ML12/legal-studies-and-politics/,Year 4,30 Credit Points,30,optional
Aberdeen,MA (hons) legal studies & politics,https://www.abdn.ac.uk/study/undergraduate/degree-programmes/778/ML12/legal-studies-and-politics/,Year 4,30 Credit Points,30,optional
Aberdeen,MA (hons) legal studies & politics,https://www.abdn.ac.uk/study/undergraduate/degree-programmes/778/ML12/legal-studies-and-politics/,Year 4,Legal Studies,,optional
Aberdeen,MA (hons) legal studies & politics,https://www.abdn.ac.uk/study/undergraduate/degree-programmes/778/ML12/legal-studies-and-politics/,Year 4,Politics and International Relations,,optional
Aberdeen,MA (hons) international relations & legal studies,https://www.abdn.ac.uk/study/undergraduate/degree-programmes/755/MLC2/international-relations-and-legal-studies/,Year 1,15 Credit Points,15,
Aberdeen,MA (hons) international relations & legal studies,https://www.abdn.ac.uk/study/undergraduate/degree-programmes/755/MLC2/international-relations-and-legal-studies/,Year 1,15 Credit Points,15,
Aberdeen,MA (hons) international relations & legal studies,https://www.abdn.ac.uk/study/undergraduate/degree-programmes/755/MLC2/international-relations-and-legal-studies/,Year 1,15 Credit Points,15,
Aberdeen,MA (hons) international relations & legal studies,https://www.abdn.ac.uk/study/undergraduate/degree-programmes/755/MLC2/international-relations-and-legal-studies/,Year 1,15 Credit Points,15,
Aberdeen,MA (hons) international relations & legal studies,https://www.abdn.ac.uk/study/undergraduate/degree-programmes/755/MLC2/international-relations-and-legal-studies/,Year 1,Plus 30 credit points from non-LS courses of choice.,30,
Aberdeen,MA (hons) international relations & legal studies,https://www.abdn.ac.uk/study/undergraduate/degree-programmes/755/MLC2/international-relations-and-legal-studies/,Year 1,Plus 30 credit points from the following courses,30,
Aberdeen,MA (hons) international relations & legal studies,https://www.abdn.ac.uk/study/undergraduate/degree-programmes/755/MLC2/international-relations-and-legal-studies/,Year 1,15 Credit Points,15,
Aberdeen,MA (hons) international relations & legal studies,https://www.abdn.ac.uk/study/undergraduate/degree-programmes/755/MLC2/international-relations-and-legal-studies/,Year 1,15 Credit Points,15,
Aberdeen,MA (hons) international relations & legal studies,https://www.abdn.ac.uk/study/undergraduate/degree-programmes/755/MLC2/international-relations-and-legal-studies/,Year 1,15 Credit Points,15,
Aberdeen,MA (hons) international relations & legal studies,https://www.abdn.ac.uk/study/undergraduate/degree-programmes/755/MLC2/international-relations-and-legal-studies/,Year 1,15 Credit Points,15,
Aberdeen,MA (hons) international relations & legal studies,https://www.abdn.ac.uk/study/undergraduate/degree-programmes/755/MLC2/international-relations-and-legal-studies/,Year 1,15 Credit Points,15,
Aberdeen,MA (hons) international relations & legal studies,https://www.abdn.ac.uk/study/undergraduate/degree-programmes/755/MLC2/international-relations-and-legal-studies/,Year 1,15 Credit Points,15,
Aberdeen,MA (hons) international relations & legal studies,https://www.abdn.ac.uk/study/undergraduate/degree-programmes/755/MLC2/international-relations-and-legal-studies/,Year 2,30 Credit Points,30,
Aberdeen,MA (hons) international relations & legal studies,https://www.abdn.ac.uk/study/undergraduate/degree-programmes/755/MLC2/international-relations-and-legal-studies/,Year 2,30 Credit Points,30,
Aberdeen,MA (hons) international relations & legal studies,https://www.abdn.ac.uk/study/undergraduate/degree-programmes/755/MLC2/international-relations-and-legal-studies/,Year 2,Plus 60 credit points from the following courses,60,
Aberdeen,MA (hons) international relations & legal studies,https://www.abdn.ac.uk/study/undergraduate/degree-programmes/755/MLC2/international-relations-and-legal-studies/,Year 2,15 Credit Points,15,
Aberdeen,MA (hons) international relations & legal studies,https://www.abdn.ac.uk/study/undergraduate/degree-programmes/755/MLC2/international-relations-and-legal-studies/,Year 2,15 Credit Points,15,
Aberdeen,MA (hons) international relations & legal studies,https://www.abdn.ac.uk/study/undergraduate/degree-programmes/755/MLC2/international-relations-and-legal-studies/,Year 2,15 Credit Points,15,
Aberdeen,MA (hons) international relations & legal studies,https://www.abdn.ac.uk/study/undergraduate/degree-programmes/755/MLC2/international-relations-and-legal-studies/,Year 2,15 Credit Points,15,
Aberdeen,MA (hons) international relations & legal studies,https://www.abdn.ac.uk/study/undergraduate/degree-programmes/755/MLC2/international-relations-and-legal-studies/,Year 2,15 Credit Points,15,
Aberdeen,MA (hons) international relations & legal studies,https://www.abdn.ac.uk/study/undergraduate/degree-programmes/755/MLC2/international-relations-and-legal-studies/,Year 2,15 Credit Points,15,
Aberdeen,MA (hons) international relations & legal studies,https://www.abdn.ac.uk/study/undergraduate/degree-programmes/755/MLC2/international-relations-and-legal-studies/,Year 2,15 Credit Points,15,
Aberdeen,MA (hons) international relations & legal studies,https://www.abdn.ac.uk/study/undergraduate/degree-programmes/755/MLC2/international-relations-and-legal-studies/,Year 2,15 Credit Points,15,
Aberdeen,MA (hons) international relations & legal studies,https://www.abdn.ac.uk/study/undergraduate/degree-programmes/755/MLC2/international-relations-and-legal-studies/,Year 2,15 Credit Points,15,
Aberdeen,MA (hons) international relations & legal studies,https://www.abdn.ac.uk/study/undergraduate/degree-programmes/755/MLC2/international-relations-and-legal-studies/,Year 2,15 Credit Points,15,
Aberdeen,MA (hons) international relations & legal studies,https://www.abdn.ac.uk/study/undergraduate/degree-programmes/755/MLC2/international-relations-and-legal-studies/,Year 2,5 Credit Points,7.5,
Aberdeen,MA (hons) international relations & legal studies,https://www.abdn.ac.uk/study/undergraduate/degree-programmes/755/MLC2/international-relations-and-legal-studies/,Year 2,5 Credit Points,7.5,
Aberdeen,MA (hons) international relations & legal studies,https://www.abdn.ac.uk/study/undergraduate/degree-programmes/755/MLC2/international-relations-and-legal-studies/,Year 2,15 Credit Points,15,
Aberdeen,MA (hons) international relations & legal studies,https://www.abdn.ac.uk/study/undergraduate/degree-programmes/755/MLC2/international-relations-and-legal-studies/,Year 2,15 Credit Points,15,
Aberdeen,MA (hons) international relations & legal studies,https://www.abdn.ac.uk/study/undergraduate/degree-programmes/755/MLC2/international-relations-and-legal-studies/,Year 2,5 Credit Points,7.5,
Aberdeen,MA (hons) international relations & legal studies,https://www.abdn.ac.uk/study/undergraduate/degree-programmes/755/MLC2/international-relations-and-legal-studies/,Year 2,5 Credit Points,7.5,
Aberdeen,MA (hons) international relations & legal studies,https://www.abdn.ac.uk/study/undergraduate/degree-programmes/755/MLC2/international-relations-and-legal-studies/,Year 2,15 Credit Points,15,
Aberdeen,MA (hons) international relations & legal studies,https://www.abdn.ac.uk/study/undergraduate/degree-programmes/755/MLC2/international-relations-and-legal-studies/,Year 2,15 Credit Points,15,
Aberdeen,MA (hons) international relations & legal studies,https://www.abdn.ac.uk/study/undergraduate/degree-programmes/755/MLC2/international-relations-and-legal-studies/,Year 3,Plus 60 credit points from Legal Studies LX Honours,60,
Aberdeen,MA (hons) international relations & legal studies,https://www.abdn.ac.uk/study/undergraduate/degree-programmes/755/MLC2/international-relations-and-legal-studies/,Year 3,30 Credit Points,30,
Aberdeen,MA (hons) international relations & legal studies,https://www.abdn.ac.uk/study/undergraduate/degree-programmes/755/MLC2/international-relations-and-legal-studies/,Year 3,30 Credit Points,30,
Aberdeen,MA (hons) international relations & legal studies,https://www.abdn.ac.uk/study/undergraduate/degree-programmes/755/MLC2/international-relations-and-legal-studies/,Year 3,30 Credit Points,30,
Aberdeen,MA (hons) international relations & legal studies,https://www.abdn.ac.uk/study/undergraduate/degree-programmes/755/MLC2/international-relations-and-legal-studies/,Year 3,30 Credit Points,30,
Aberdeen,MA (hons) international relations & legal studies,https://www.abdn.ac.uk/study/undergraduate/degree-programmes/755/MLC2/international-relations-and-legal-studies/,Year 3,30 Credit Points,30,
Aberdeen,MA (hons) international relations & legal studies,https://www.abdn.ac.uk/study/undergraduate/degree-programmes/755/MLC2/international-relations-and-legal-studies/,Year 3,30 Credit Points,30,
Aberdeen,MA (hons) international relations & legal studies,https://www.abdn.ac.uk/study/undergraduate/degree-programmes/755/MLC2/international-relations-and-legal-studies/,Year 3,30 Credit Points,30,
Aberdeen,MA (hons) international relations & legal studies,https://www.abdn.ac.uk/study/undergraduate/degree-programmes/755/MLC2/international-relations-and-legal-studies/,Year 3,30 Credit Points,30,
Aberdeen,MA (hons) international relations & legal studies,https://www.abdn.ac.uk/study/undergraduate/degree-programmes/755/MLC2/international-relations-and-legal-studies/,Year 3,30 Credit Points,30,
Aberdeen,MA (hons) international relations & legal studies,https://www.abdn.ac.uk/study/undergraduate/degree-programmes/755/MLC2/international-relations-and-legal-studies/,Year 3,30 Credit Points,30,
Aberdeen,MA (hons) international relations & legal studies,https://www.abdn.ac.uk/study/undergraduate/degree-programmes/755/MLC2/international-relations-and-legal-studies/,Year 3,30 Credit Points,30,
Aberdeen,MA (hons) international relations & legal studies,https://www.abdn.ac.uk/study/undergraduate/degree-programmes/755/MLC2/international-relations-and-legal-studies/,Year 3,30 Credit Points,30,
Aberdeen,MA (hons) international relations & legal studies,https://www.abdn.ac.uk/study/undergraduate/degree-programmes/755/MLC2/international-relations-and-legal-studies/,Year 3,30 Credit Points,30,
Aberdeen,MA (hons) international relations & legal studies,https://www.abdn.ac.uk/study/undergraduate/degree-programmes/755/MLC2/international-relations-and-legal-studies/,Year 3,30 Credit Points,30,
Aberdeen,MA (hons) international relations & legal studies,https://www.abdn.ac.uk/study/undergraduate/degree-programmes/755/MLC2/international-relations-and-legal-studies/,Year 3,30 Credit Points,30,
Aberdeen,MA (hons) international relations & legal studies,https://www.abdn.ac.uk/study/undergraduate/degree-programmes/755/MLC2/international-relations-and-legal-studies/,Year 3,30 Credit Points,30,
Aberdeen,MA (hons) international relations & legal studies,https://www.abdn.ac.uk/study/undergraduate/degree-programmes/755/MLC2/international-relations-and-legal-studies/,Year 3,30 Credit Points,30,
Aberdeen,MA (hons) international relations & legal studies,https://www.abdn.ac.uk/study/undergraduate/degree-programmes/755/MLC2/international-relations-and-legal-studies/,Year 3,30 Credit Points,30,
Aberdeen,MA (hons) international relations & legal studies,https://www.abdn.ac.uk/study/undergraduate/degree-programmes/755/MLC2/international-relations-and-legal-studies/,Year 3,30 Credit Points,30,
Aberdeen,MA (hons) international relations & legal studies,https://www.abdn.ac.uk/study/undergraduate/degree-programmes/755/MLC2/international-relations-and-legal-studies/,Year 3,30 Credit Points,30,
Aberdeen,MA (hons) international relations & legal studies,https://www.abdn.ac.uk/study/undergraduate/degree-programmes/755/MLC2/international-relations-and-legal-studies/,Year 3,30 Credit Points,30,
Aberdeen,MA (hons) international relations & legal studies,https://www.abdn.ac.uk/study/undergraduate/degree-programmes/755/MLC2/international-relations-and-legal-studies/,Year 3,30 Credit Points,30,
Aberdeen,MA (hons) international relations & legal studies,https://www.abdn.ac.uk/study/undergraduate/degree-programmes/755/MLC2/international-relations-and-legal-studies/,Year 3,30 Credit Points,30,
Aberdeen,MA (hons) international relations & legal studies,https://www.abdn.ac.uk/study/undergraduate/degree-programmes/755/MLC2/international-relations-and-legal-studies/,Year 3,30 Credit Points,30,
Aberdeen,MA (hons) international relations & legal studies,https://www.abdn.ac.uk/study/undergraduate/degree-programmes/755/MLC2/international-relations-and-legal-studies/,Year 3,30 Credit Points,30,
Aberdeen,MA (hons) international relations & legal studies,https://www.abdn.ac.uk/study/undergraduate/degree-programmes/755/MLC2/international-relations-and-legal-studies/,Year 3,30 Credit Points,30,
Aberdeen,MA (hons) international relations & legal studies,https://www.abdn.ac.uk/study/undergraduate/degree-programmes/755/MLC2/international-relations-and-legal-studies/,Year 3,30 Credit Points,30,
Aberdeen,MA (hons) international relations & legal studies,https://www.abdn.ac.uk/study/undergraduate/degree-programmes/755/MLC2/international-relations-and-legal-studies/,Year 3,30 Credit Points,30,
Aberdeen,MA (hons) international relations & legal studies,https://www.abdn.ac.uk/study/undergraduate/degree-programmes/755/MLC2/international-relations-and-legal-studies/,Year 3,30 Credit Points,30,
Aberdeen,MA (hons) international relations & legal studies,https://www.abdn.ac.uk/study/undergraduate/degree-programmes/755/MLC2/international-relations-and-legal-studies/,Year 3,30 Credit Points,30,
Aberdeen,MA (hons) international relations & legal studies,https://www.abdn.ac.uk/study/undergraduate/degree-programmes/755/MLC2/international-relations-and-legal-studies/,Year 3,30 Credit Points,30,
Aberdeen,MA (hons) international relations & legal studies,https://www.abdn.ac.uk/study/undergraduate/degree-programmes/755/MLC2/international-relations-and-legal-studies/,Year 3,30 Credit Points,30,
Aberdeen,MA (hons) international relations & legal studies,https://www.abdn.ac.uk/study/undergraduate/degree-programmes/755/MLC2/international-relations-and-legal-studies/,Year 3,30 Credit Points,30,
Aberdeen,MA (hons) international relations & legal studies,https://www.abdn.ac.uk/study/undergraduate/degree-programmes/755/MLC2/international-relations-and-legal-studies/,Year 3,30 Credit Points,30,
Aberdeen,MA (hons) international relations & legal studies,https://www.abdn.ac.uk/study/undergraduate/degree-programmes/755/MLC2/international-relations-and-legal-studies/,Year 3,30 Credit Points,30,
Aberdeen,MA (hons) international relations & legal studies,https://www.abdn.ac.uk/study/undergraduate/degree-programmes/755/MLC2/international-relations-and-legal-studies/,Year 3,See our English language requirements page,,core
Aberdeen,MA (hons) international relations & legal studies,https://www.abdn.ac.uk/study/undergraduate/degree-programmes/755/MLC2/international-relations-and-legal-studies/,Year 3,See additional information for your country or territory,,core
Aberdeen,MA (hons) international relations & legal studies,https://www.abdn.ac.uk/study/undergraduate/degree-programmes/755/MLC2/international-relations-and-legal-studies/,Year 4,Plus further credit points from level 4 courses in Legal Studies to gain a total of 60 credit points in the discipline,60,
Aberdeen,MA (hons) international relations & legal studies,https://www.abdn.ac.uk/study/undergraduate/degree-programmes/755/MLC2/international-relations-and-legal-studies/,Year 4,30 Credit Points,30,
Aberdeen,MA (hons) international relations & legal studies,https://www.abdn.ac.uk/study/undergraduate/degree-programmes/755/MLC2/international-relations-and-legal-studies/,Year 4,30 Credit Points,30,
Aberdeen,MA (hons) international relations & legal studies,https://www.abdn.ac.uk/study/undergraduate/degree-programmes/755/MLC2/international-relations-and-legal-studies/,Year 4,30 Credit Points,30,
Aberdeen,MA (hons) international relations & legal studies,https://www.abdn.ac.uk/study/undergraduate/degree-programmes/755/MLC2/international-relations-and-legal-studies/,Year 4,30 Credit Points,30,
Aberdeen,MA (hons) international relations & legal studies,https://www.abdn.ac.uk/study/undergraduate/degree-programmes/755/MLC2/international-relations-and-legal-studies/,Year 4,30 Credit Points,30,
Aberdeen,MA (hons) international relations & legal studies,https://www.abdn.ac.uk/study/undergraduate/degree-programmes/755/MLC2/international-relations-and-legal-studies/,Year 4,30 Credit Points,30,
Aberdeen,MA (hons) international relations & legal studies,https://www.abdn.ac.uk/study/undergraduate/degree-programmes/755/MLC2/international-relations-and-legal-studies/,Year 4,30 Credit Points,30,
Aberdeen,MA (hons) international relations & legal studies,https://www.abdn.ac.uk/study/undergraduate/degree-programmes/755/MLC2/international-relations-and-legal-studies/,Year 4,30 Credit Points,30,
Aberdeen,MA (hons) international relations & legal studies,https://www.abdn.ac.uk/study/undergraduate/degree-programmes/755/MLC2/international-relations-and-legal-studies/,Year 4,30 Credit Points,30,
Aberdeen,MA (hons) international relations & legal studies,https://www.abdn.ac.uk/study/undergraduate/degree-programmes/755/MLC2/international-relations-and-legal-studies/,Year 4,30 Credit Points,30,
Aberdeen,MA (hons) international relations & legal studies,https://www.abdn.ac.uk/study/undergraduate/degree-programmes/755/MLC2/international-relations-and-legal-studies/,Year 4,Legal Studies,,
Aberdeen,MA (hons) international relations & legal studies,https://www.abdn.ac.uk/study/undergraduate/degree-programmes/755/MLC2/international-relations-and-legal-studies/,Year 4,Politics and International Relations,,
Aberdeen,MA (hons) film & visual culture & international relations,https://www.abdn.ac.uk/study/undergraduate/degree-programmes/613/WL62/film-visual-culture-and-international-relations/,Year 1,15 Credit Points,15,
Aberdeen,MA (hons) film & visual culture & international relations,https://www.abdn.ac.uk/study/undergraduate/degree-programmes/613/WL62/film-visual-culture-and-international-relations/,Year 1,15 Credit Points,15,
Aberdeen,MA (hons) film & visual culture & international relations,https://www.abdn.ac.uk/study/undergraduate/degree-programmes/613/WL62/film-visual-culture-and-international-relations/,Year 1,15 Credit Points,15,
Aberdeen,MA (hons) film & visual culture & international relations,https://www.abdn.ac.uk/study/undergraduate/degree-programmes/613/WL62/film-visual-culture-and-international-relations/,Year 1,15 Credit Points,15,
Aberdeen,MA (hons) film & visual culture & international relations,https://www.abdn.ac.uk/study/undergraduate/degree-programmes/613/WL62/film-visual-culture-and-international-relations/,Year 1,Select 60 credit points from courses of choice.,60,
Aberdeen,MA (hons) film & visual culture & international relations,https://www.abdn.ac.uk/study/undergraduate/degree-programmes/613/WL62/film-visual-culture-and-international-relations/,Year 2,30 Credit Points,30,
Aberdeen,MA (hons) film & visual culture & international relations,https://www.abdn.ac.uk/study/undergraduate/degree-programmes/613/WL62/film-visual-culture-and-international-relations/,Year 2,30 Credit Points,30,
Aberdeen,MA (hons) film & visual culture & international relations,https://www.abdn.ac.uk/study/undergraduate/degree-programmes/613/WL62/film-visual-culture-and-international-relations/,Year 2,30 Credit Points,30,
Aberdeen,MA (hons) film & visual culture & international relations,https://www.abdn.ac.uk/study/undergraduate/degree-programmes/613/WL62/film-visual-culture-and-international-relations/,Year 2,30 Credit Points,30,
Aberdeen,MA (hons) film & visual culture & international relations,https://www.abdn.ac.uk/study/undergraduate/degree-programmes/613/WL62/film-visual-culture-and-international-relations/,Year 3,30 Credit Points,30,
Aberdeen,MA (hons) film & visual culture & international relations,https://www.abdn.ac.uk/study/undergraduate/degree-programmes/613/WL62/film-visual-culture-and-international-relations/,Year 3,30 Credit Points,30,
Aberdeen,MA (hons) film & visual culture & international relations,https://www.abdn.ac.uk/study/undergraduate/degree-programmes/613/WL62/film-visual-culture-and-international-relations/,Year 3,30 Credit Points,30,
Aberdeen,MA (hons) film & visual culture & international relations,https://www.abdn.ac.uk/study/undergraduate/degree-programmes/613/WL62/film-visual-culture-and-international-relations/,Year 3,30 Credit Points,30,
Aberdeen,MA (hons) film & visual culture & international relations,https://www.abdn.ac.uk/study/undergraduate/degree-programmes/613/WL62/film-visual-culture-and-international-relations/,Year 3,30 Credit Points,30,
Aberdeen,MA (hons) film & visual culture & international relations,https://www.abdn.ac.uk/study/undergraduate/degree-programmes/613/WL62/film-visual-culture-and-international-relations/,Year 3,30 Credit Points,30,
Aberdeen,MA (hons) film & visual culture & international relations,https://www.abdn.ac.uk/study/undergraduate/degree-programmes/613/WL62/film-visual-culture-and-international-relations/,Year 3,30 Credit Points,30,
Aberdeen,MA (hons) film & visual culture & international relations,https://www.abdn.ac.uk/study/undergraduate/degree-programmes/613/WL62/film-visual-culture-and-international-relations/,Year 3,30 Credit Points,30,
Aberdeen,MA (hons) film & visual culture & international relations,https://www.abdn.ac.uk/study/undergraduate/degree-programmes/613/WL62/film-visual-culture-and-international-relations/,Year 3,30 Credit Points,30,
Aberdeen,MA (hons) film & visual culture & international relations,https://www.abdn.ac.uk/study/undergraduate/degree-programmes/613/WL62/film-visual-culture-and-international-relations/,Year 3,See our English language requirements page,,core
Aberdeen,MA (hons) film & visual culture & international relations,https://www.abdn.ac.uk/study/undergraduate/degree-programmes/613/WL62/film-visual-culture-and-international-relations/,Year 3,See additional information for your country or territory,,core
Aberdeen,MA (hons) film & visual culture & international relations,https://www.abdn.ac.uk/study/undergraduate/degree-programmes/613/WL62/film-visual-culture-and-international-relations/,Year 4,30 Credit Points,30,optional
Aberdeen,MA (hons) film & visual culture & international relations,https://www.abdn.ac.uk/study/undergraduate/degree-programmes/613/WL62/film-visual-culture-and-international-relations/,Year 4,30 Credit Points,30,optional
Aberdeen,MA (hons) film & visual culture & international relations,https://www.abdn.ac.uk/study/undergraduate/degree-programmes/613/WL62/film-visual-culture-and-international-relations/,Year 4,30 Credit Points,30,optional
Aberdeen,MA (hons) film & visual culture & international relations,https://www.abdn.ac.uk/study/undergraduate/degree-programmes/613/WL62/film-visual-culture-and-international-relations/,Year 4,30 Credit Points,30,optional
Aberdeen,MA (hons) film & visual culture & international relations,https://www.abdn.ac.uk/study/undergraduate/degree-programmes/613/WL62/film-visual-culture-and-international-relations/,Year 4,30 Credit Points,30,optional
Aberdeen,MA (hons) film & visual culture & international relations,https://www.abdn.ac.uk/study/undergraduate/degree-programmes/613/WL62/film-visual-culture-and-international-relations/,Year 4,30 Credit Points,30,optional
Aberdeen,MA (hons) film & visual culture & international relations,https://www.abdn.ac.uk/study/undergraduate/degree-programmes/613/WL62/film-visual-culture-and-international-relations/,Year 4,30 Credit Points,30,optional
Aberdeen,MA (hons) film & visual culture & international relations,https://www.abdn.ac.uk/study/undergraduate/degree-programmes/613/WL62/film-visual-culture-and-international-relations/,Year 4,30 Credit Points,30,optional
Aberdeen,MA (hons) film & visual culture & international relations,https://www.abdn.ac.uk/study/undergraduate/degree-programmes/613/WL62/film-visual-culture-and-international-relations/,Year 4,30 Credit Points,30,optional
Aberdeen,MA (hons) film & visual culture & international relations,https://www.abdn.ac.uk/study/undergraduate/degree-programmes/613/WL62/film-visual-culture-and-international-relations/,Year 4,30 Credit Points,30,optional
Aberdeen,MA (hons) film & visual culture & international relations,https://www.abdn.ac.uk/study/undergraduate/degree-programmes/613/WL62/film-visual-culture-and-international-relations/,Year 4,30 Credit Points,30,optional
Aberdeen,MA (hons) film & visual culture & international relations,https://www.abdn.ac.uk/study/undergraduate/degree-programmes/613/WL62/film-visual-culture-and-international-relations/,Year 4,30 Credit Points,30,optional
Aberdeen,MA (hons) film & visual culture & international relations,https://www.abdn.ac.uk/study/undergraduate/degree-programmes/613/WL62/film-visual-culture-and-international-relations/,Year 4,30 Credit Points,30,optional
Aberdeen,MA (hons) film & visual culture & international relations,https://www.abdn.ac.uk/study/undergraduate/degree-programmes/613/WL62/film-visual-culture-and-international-relations/,Year 4,30 Credit Points,30,optional
Aberdeen,MA (hons) film & visual culture & international relations,https://www.abdn.ac.uk/study/undergraduate/degree-programmes/613/WL62/film-visual-culture-and-international-relations/,Year 4,30 Credit Points,30,optional
Aberdeen,MA (hons) film & visual culture & international relations,https://www.abdn.ac.uk/study/undergraduate/degree-programmes/613/WL62/film-visual-culture-and-international-relations/,Year 4,30 Credit Points,30,optional
Aberdeen,MA (hons) film & visual culture & international relations,https://www.abdn.ac.uk/study/undergraduate/degree-programmes/613/WL62/film-visual-culture-and-international-relations/,Year 4,30 Credit Points,30,optional
Aberdeen,MA (hons) film & visual culture & international relations,https://www.abdn.ac.uk/study/undergraduate/degree-programmes/613/WL62/film-visual-culture-and-international-relations/,Year 4,Film & Visual Culture,,optional
Aberdeen,MA (hons) film & visual culture & international relations,https://www.abdn.ac.uk/study/undergraduate/degree-programmes/613/WL62/film-visual-culture-and-international-relations/,Year 4,Politics and International Relations,,optional
Aberdeen,MA (hons) international relations American studies,https://www.abdn.ac.uk/study/undergraduate/degree-programmes/716/RL2K/hispanic-studies-and-international-relations/,Year 1,15 Credit Points,15,
Aberdeen,MA (hons) international relations American studies,https://www.abdn.ac.uk/study/undergraduate/degree-programmes/716/RL2K/hispanic-studies-and-international-relations/,Year 1,15 Credit Points,15,
Aberdeen,MA (hons) international relations American studies,https://www.abdn.ac.uk/study/undergraduate/degree-programmes/716/RL2K/hispanic-studies-and-international-relations/,Year 1,15 Credit Points,15,optional
Aberdeen,MA (hons) international relations American studies,https://www.abdn.ac.uk/study/undergraduate/degree-programmes/716/RL2K/hispanic-studies-and-international-relations/,Year 1,15 Credit Points,15,optional
Aberdeen,MA (hons) international relations American studies,https://www.abdn.ac.uk/study/undergraduate/degree-programmes/716/RL2K/hispanic-studies-and-international-relations/,Year 1,15 Credit Points,15,optional
Aberdeen,MA (hons) international relations American studies,https://www.abdn.ac.uk/study/undergraduate/degree-programmes/716/RL2K/hispanic-studies-and-international-relations/,Year 1,15 Credit Points,15,optional
Aberdeen,MA (hons) international relations American studies,https://www.abdn.ac.uk/study/undergraduate/degree-programmes/716/RL2K/hispanic-studies-and-international-relations/,Year 2,30 Credit Points,30,
Aberdeen,MA (hons) international relations American studies,https://www.abdn.ac.uk/study/undergraduate/degree-programmes/716/RL2K/hispanic-studies-and-international-relations/,Year 2,15 Credit Points,15,
Aberdeen,MA (hons) international relations American studies,https://www.abdn.ac.uk/study/undergraduate/degree-programmes/716/RL2K/hispanic-studies-and-international-relations/,Year 2,15 Credit Points,15,
Aberdeen,MA (hons) international relations American studies,https://www.abdn.ac.uk/study/undergraduate/degree-programmes/716/RL2K/hispanic-studies-and-international-relations/,Year 3,15 Credit Points,15,
Aberdeen,MA (hons) international relations American studies,https://www.abdn.ac.uk/study/undergraduate/degree-programmes/716/RL2K/hispanic-studies-and-international-relations/,Year 3,30 Credit Points,30,
Aberdeen,MA (hons) international relations American studies,https://www.abdn.ac.uk/study/undergraduate/degree-programmes/716/RL2K/hispanic-studies-and-international-relations/,Year 3,30 Credit Points,30,
Aberdeen,MA (hons) international relations American studies,https://www.abdn.ac.uk/study/undergraduate/degree-programmes/716/RL2K/hispanic-studies-and-international-relations/,Year 3,30 Credit Points,30,
Aberdeen,MA (hons) international relations American studies,https://www.abdn.ac.uk/study/undergraduate/degree-programmes/716/RL2K/hispanic-studies-and-international-relations/,Year 3,30 Credit Points,30,
Aberdeen,MA (hons) international relations American studies,https://www.abdn.ac.uk/study/undergraduate/degree-programmes/716/RL2K/hispanic-studies-and-international-relations/,Year 3,30 Credit Points,30,
Aberdeen,MA (hons) international relations American studies,https://www.abdn.ac.uk/study/undergraduate/degree-programmes/716/RL2K/hispanic-studies-and-international-relations/,Year 3,30 Credit Points,30,
Aberdeen,MA (hons) international relations American studies,https://www.abdn.ac.uk/study/undergraduate/degree-programmes/716/RL2K/hispanic-studies-and-international-relations/,Year 3,30 Credit Points,30,
Aberdeen,MA (hons) international relations American studies,https://www.abdn.ac.uk/study/undergraduate/degree-programmes/716/RL2K/hispanic-studies-and-international-relations/,Year 3,30 Credit Points,30,
Aberdeen,MA (hons) international relations American studies,https://www.abdn.ac.uk/study/undergraduate/degree-programmes/716/RL2K/hispanic-studies-and-international-relations/,Year 3,30 Credit Points,30,
Aberdeen,MA (hons) international relations American studies,https://www.abdn.ac.uk/study/undergraduate/degree-programmes/716/RL2K/hispanic-studies-and-international-relations/,Year 3,30 Credit Points,30,
Aberdeen,MA (hons) international relations American studies,https://www.abdn.ac.uk/study/undergraduate/degree-programmes/716/RL2K/hispanic-studies-and-international-relations/,Year 3,30 Credit Points,30,
Aberdeen,MA (hons) international relations American studies,https://www.abdn.ac.uk/study/undergraduate/degree-programmes/716/RL2K/hispanic-studies-and-international-relations/,Year 3,30 Credit Points,30,
Aberdeen,MA (hons) international relations American studies,https://www.abdn.ac.uk/study/undergraduate/degree-programmes/716/RL2K/hispanic-studies-and-international-relations/,Year 3,See our English language requirements page,,core
Aberdeen,MA (hons) international relations American studies,https://www.abdn.ac.uk/study/undergraduate/degree-programmes/716/RL2K/hispanic-studies-and-international-relations/,Year 3,See additional information for your country or territory,,core
Aberdeen,MA (hons) international relations American studies,https://www.abdn.ac.uk/study/undergraduate/degree-programmes/716/RL2K/hispanic-studies-and-international-relations/,Year 4,30 Credit Points,30,
Aberdeen,MA (hons) international relations American studies,https://www.abdn.ac.uk/study/undergraduate/degree-programmes/716/RL2K/hispanic-studies-and-international-relations/,Year 4,30 Credit Points,30,optional
Aberdeen,MA (hons) international relations American studies,https://www.abdn.ac.uk/study/undergraduate/degree-programmes/716/RL2K/hispanic-studies-and-international-relations/,Year 4,30 Credit Points,30,optional
Aberdeen,MA (hons) international relations American studies,https://www.abdn.ac.uk/study/undergraduate/degree-programmes/716/RL2K/hispanic-studies-and-international-relations/,Year 4,30 Credit Points,30,optional
Aberdeen,MA (hons) international relations American studies,https://www.abdn.ac.uk/study/undergraduate/degree-programmes/716/RL2K/hispanic-studies-and-international-relations/,Year 4,30 Credit Points,30,optional
Aberdeen,MA (hons) international relations American studies,https://www.abdn.ac.uk/study/undergraduate/degree-programmes/716/RL2K/hispanic-studies-and-international-relations/,Year 4,30 Credit Points,30,optional
Aberdeen,MA (hons) international relations American studies,https://www.abdn.ac.uk/study/undergraduate/degree-programmes/716/RL2K/hispanic-studies-and-international-relations/,Year 4,30 Credit Points,30,optional
Aberdeen,MA (hons) international relations American studies,https://www.abdn.ac.uk/study/undergraduate/degree-programmes/716/RL2K/hispanic-studies-and-international-relations/,Year 4,30 Credit Points,30,optional
Aberdeen,MA (hons) international relations American studies,https://www.abdn.ac.uk/study/undergraduate/degree-programmes/716/RL2K/hispanic-studies-and-international-relations/,Year 4,30 Credit Points,30,optional
Aberdeen,MA (hons) international relations American studies,https://www.abdn.ac.uk/study/undergraduate/degree-programmes/716/RL2K/hispanic-studies-and-international-relations/,Year 4,30 Credit Points,30,optional
Aberdeen,MA (hons) international relations American studies,https://www.abdn.ac.uk/study/undergraduate/degree-programmes/716/RL2K/hispanic-studies-and-international-relations/,Year 4,30 Credit Points,30,optional
Aberdeen,MA (hons) international relations American studies,https://www.abdn.ac.uk/study/undergraduate/degree-programmes/716/RL2K/hispanic-studies-and-international-relations/,Year 4,30 Credit Points,30,optional
Aberdeen,MA (hons) international relations American studies,https://www.abdn.ac.uk/study/undergraduate/degree-programmes/716/RL2K/hispanic-studies-and-international-relations/,Year 4,Spanish & Latin American Studies,,optional
Aberdeen,MA (hons) international relations American studies,https://www.abdn.ac.uk/study/undergraduate/degree-programmes/716/RL2K/hispanic-studies-and-international-relations/,Year 4,Politics and International Relations,,optional
Aberdeen,MA (hons) international relations,https://www.abdn.ac.uk/study/undergraduate/degree-programmes/1856/RLF4/german-and-international-relations/,Year 1,15 Credit Points,15,
Aberdeen,MA (hons) international relations,https://www.abdn.ac.uk/study/undergraduate/degree-programmes/1856/RLF4/german-and-international-relations/,Year 1,15 Credit Points,15,
Aberdeen,MA (hons) international relations,https://www.abdn.ac.uk/study/undergraduate/degree-programmes/1856/RLF4/german-and-international-relations/,Year 1,Plus further credit points from courses of choice to gain a total of 120 credits.,120,
Aberdeen,MA (hons) international relations,https://www.abdn.ac.uk/study/undergraduate/degree-programmes/1856/RLF4/german-and-international-relations/,Year 1,15 Credit Points,15,
Aberdeen,MA (hons) international relations,https://www.abdn.ac.uk/study/undergraduate/degree-programmes/1856/RLF4/german-and-international-relations/,Year 1,15 Credit Points,15,
Aberdeen,MA (hons) international relations,https://www.abdn.ac.uk/study/undergraduate/degree-programmes/1856/RLF4/german-and-international-relations/,Year 1,15 Credit Points,15,
Aberdeen,MA (hons) international relations,https://www.abdn.ac.uk/study/undergraduate/degree-programmes/1856/RLF4/german-and-international-relations/,Year 1,15 Credit Points,15,
Aberdeen,MA (hons) international relations,https://www.abdn.ac.uk/study/undergraduate/degree-programmes/1856/RLF4/german-and-international-relations/,Year 2,30 Credit Points,30,
Aberdeen,MA (hons) international relations,https://www.abdn.ac.uk/study/undergraduate/degree-programmes/1856/RLF4/german-and-international-relations/,Year 2,15 Credit Points,15,
Aberdeen,MA (hons) international relations,https://www.abdn.ac.uk/study/undergraduate/degree-programmes/1856/RLF4/german-and-international-relations/,Year 2,15 Credit Points,15,
Aberdeen,MA (hons) international relations,https://www.abdn.ac.uk/study/undergraduate/degree-programmes/1856/RLF4/german-and-international-relations/,Year 3,15 Credit Points,15,
Aberdeen,MA (hons) international relations,https://www.abdn.ac.uk/study/undergraduate/degree-programmes/1856/RLF4/german-and-international-relations/,Year 3,30 Credit Points,30,
Aberdeen,MA (hons) international relations,https://www.abdn.ac.uk/study/undergraduate/degree-programmes/1856/RLF4/german-and-international-relations/,Year 3,30 Credit Points,30,
Aberdeen,MA (hons) international relations,https://www.abdn.ac.uk/study/undergraduate/degree-programmes/1856/RLF4/german-and-international-relations/,Year 3,30 Credit Points,30,
Aberdeen,MA (hons) international relations,https://www.abdn.ac.uk/study/undergraduate/degree-programmes/1856/RLF4/german-and-international-relations/,Year 3,30 Credit Points,30,
Aberdeen,MA (hons) international relations,https://www.abdn.ac.uk/study/undergraduate/degree-programmes/1856/RLF4/german-and-international-relations/,Year 3,30 Credit Points,30,
Aberdeen,MA (hons) international relations,https://www.abdn.ac.uk/study/undergraduate/degree-programmes/1856/RLF4/german-and-international-relations/,Year 3,30 Credit Points,30,
Aberdeen,MA (hons) international relations,https://www.abdn.ac.uk/study/undergraduate/degree-programmes/1856/RLF4/german-and-international-relations/,Year 3,30 Credit Points,30,
Aberdeen,MA (hons) international relations,https://www.abdn.ac.uk/study/undergraduate/degree-programmes/1856/RLF4/german-and-international-relations/,Year 3,30 Credit Points,30,
Aberdeen,MA (hons) international relations,https://www.abdn.ac.uk/study/undergraduate/degree-programmes/1856/RLF4/german-and-international-relations/,Year 3,See our English language requirements page,,core
Aberdeen,MA (hons) international relations,https://www.abdn.ac.uk/study/undergraduate/degree-programmes/1856/RLF4/german-and-international-relations/,Year 3,See additional information for your country or territory,,core
Aberdeen,MA (hons) international relations,https://www.abdn.ac.uk/study/undergraduate/degree-programmes/1856/RLF4/german-and-international-relations/,Year 4,30 Credit Points,30,
Aberdeen,MA (hons) international relations,https://www.abdn.ac.uk/study/undergraduate/degree-programmes/1856/RLF4/german-and-international-relations/,Year 4,30 Credit Points,30,
Aberdeen,MA (hons) international relations,https://www.abdn.ac.uk/study/undergraduate/degree-programmes/1856/RLF4/german-and-international-relations/,Year 4,Plus further credit points from level 4 courses in German to gain a total of 60 credits in the discipline,60,
Aberdeen,MA (hons) international relations,https://www.abdn.ac.uk/study/undergraduate/degree-programmes/1856/RLF4/german-and-international-relations/,Year 4,Plus further credit points from level 4 courses in German to gain a total of 60 credits in the discipline,60,
Aberdeen,MA (hons) international relations,https://www.abdn.ac.uk/study/undergraduate/degree-programmes/1856/RLF4/german-and-international-relations/,Year 4,15 Credit Points,15,
Aberdeen,MA (hons) international relations,https://www.abdn.ac.uk/study/undergraduate/degree-programmes/1856/RLF4/german-and-international-relations/,Year 4,30 Credit Points,30,
Aberdeen,MA (hons) international relations,https://www.abdn.ac.uk/study/undergraduate/degree-programmes/1856/RLF4/german-and-international-relations/,Year 4,30 Credit Points,30,
Aberdeen,MA (hons) international relations,https://www.abdn.ac.uk/study/undergraduate/degree-programmes/1856/RLF4/german-and-international-relations/,Year 4,30 Credit Points,30,
Aberdeen,MA (hons) international relations,https://www.abdn.ac.uk/study/undergraduate/degree-programmes/1856/RLF4/german-and-international-relations/,Year 4,30 Credit Points,30,
Aberdeen,MA (hons) international relations,https://www.abdn.ac.uk/study/undergraduate/degree-programmes/1856/RLF4/german-and-international-relations/,Year 4,30 Credit Points,30,
Aberdeen,MA (hons) international relations,https://www.abdn.ac.uk/study/undergraduate/degree-programmes/1856/RLF4/german-and-international-relations/,Year 4,30 Credit Points,30,
Aberdeen,MA (hons) international relations,https://www.abdn.ac.uk/study/undergraduate/degree-programmes/1856/RLF4/german-and-international-relations/,Year 4,30 Credit Points,30,
Aberdeen,MA (hons) international relations,https://www.abdn.ac.uk/study/undergraduate/degree-programmes/1856/RLF4/german-and-international-relations/,Year 4,30 Credit Points,30,
Aberdeen,MA (hons) international relations,https://www.abdn.ac.uk/study/undergraduate/degree-programmes/1856/RLF4/german-and-international-relations/,Year 4,30 Credit Points,30,
Aberdeen,MA (hons) international relations,https://www.abdn.ac.uk/study/undergraduate/degree-programmes/1856/RLF4/german-and-international-relations/,Year 4,30 Credit Points,30,
Aberdeen,MA (hons) international relations,https://www.abdn.ac.uk/study/undergraduate/degree-programmes/1856/RLF4/german-and-international-relations/,Year 4,30 Credit Points,30,
Aberdeen,MA (hons) international relations,https://www.abdn.ac.uk/study/undergraduate/degree-programmes/1856/RLF4/german-and-international-relations/,Year 4,30 Credit Points,30,
Aberdeen,MA (hons) international relations,https://www.abdn.ac.uk/study/undergraduate/degree-programmes/1856/RLF4/german-and-international-relations/,Year 4,30 Credit Points,30,
Aberdeen,MA (hons) international relations,https://www.abdn.ac.uk/study/undergraduate/degree-programmes/1856/RLF4/german-and-international-relations/,Year 4,German,,
Aberdeen,MA (hons) international relations,https://www.abdn.ac.uk/study/undergraduate/degree-programmes/1856/RLF4/german-and-international-relations/,Year 4,Politics and International Relations,,
Aberdeen,MA (hons) politics,https://www.abdn.ac.uk/study/undergraduate/degree-programmes/664/QL52/gaelic-studies-and-politics/,Year 1,15 Credit Points,15,
Aberdeen,MA (hons) politics,https://www.abdn.ac.uk/study/undergraduate/degree-programmes/664/QL52/gaelic-studies-and-politics/,Year 1,15 Credit Points,15,
Aberdeen,MA (hons) politics,https://www.abdn.ac.uk/study/undergraduate/degree-programmes/664/QL52/gaelic-studies-and-politics/,Year 1,15 Credit Points,15,
Aberdeen,MA (hons) politics,https://www.abdn.ac.uk/study/undergraduate/degree-programmes/664/QL52/gaelic-studies-and-politics/,Year 1,15 Credit Points,15,
Aberdeen,MA (hons) politics,https://www.abdn.ac.uk/study/undergraduate/degree-programmes/664/QL52/gaelic-studies-and-politics/,Year 1,15 Credit Points,15,
Aberdeen,MA (hons) politics,https://www.abdn.ac.uk/study/undergraduate/degree-programmes/664/QL52/gaelic-studies-and-politics/,Year 1,15 Credit Points,15,
Aberdeen,MA (hons) politics,https://www.abdn.ac.uk/study/undergraduate/degree-programmes/664/QL52/gaelic-studies-and-politics/,Year 1,15 Credit Points,15,
Aberdeen,MA (hons) politics,https://www.abdn.ac.uk/study/undergraduate/degree-programmes/664/QL52/gaelic-studies-and-politics/,Year 1,Plus further credit points from courses of choice to gain a total of 120 credits.,120,
Aberdeen,MA (hons) politics,https://www.abdn.ac.uk/study/undergraduate/degree-programmes/664/QL52/gaelic-studies-and-politics/,Year 2,30 Credit Points,30,
Aberdeen,MA (hons) politics,https://www.abdn.ac.uk/study/undergraduate/degree-programmes/664/QL52/gaelic-studies-and-politics/,Year 2,30 Credit Points,30,
Aberdeen,MA (hons) politics,https://www.abdn.ac.uk/study/undergraduate/degree-programmes/664/QL52/gaelic-studies-and-politics/,Year 2,15 Credit Points,15,
Aberdeen,MA (hons) politics,https://www.abdn.ac.uk/study/undergraduate/degree-programmes/664/QL52/gaelic-studies-and-politics/,Year 2,15 Credit Points,15,
Aberdeen,MA (hons) politics,https://www.abdn.ac.uk/study/undergraduate/degree-programmes/664/QL52/gaelic-studies-and-politics/,Year 2,15 Credit Points,15,
Aberdeen,MA (hons) politics,https://www.abdn.ac.uk/study/undergraduate/degree-programmes/664/QL52/gaelic-studies-and-politics/,Year 2,15 Credit Points,15,
Aberdeen,MA (hons) politics,https://www.abdn.ac.uk/study/undergraduate/degree-programmes/664/QL52/gaelic-studies-and-politics/,Year 2,15 Credit Points,15,
Aberdeen,MA (hons) politics,https://www.abdn.ac.uk/study/undergraduate/degree-programmes/664/QL52/gaelic-studies-and-politics/,Year 3,30 Credit Points,30,
Aberdeen,MA (hons) politics,https://www.abdn.ac.uk/study/undergraduate/degree-programmes/664/QL52/gaelic-studies-and-politics/,Year 3,30 Credit Points,30,
Aberdeen,MA (hons) politics,https://www.abdn.ac.uk/study/undergraduate/degree-programmes/664/QL52/gaelic-studies-and-politics/,Year 3,Plus further course(s) in Gaelic at Level 3 to gain 60 credits in the discipline,60,
Aberdeen,MA (hons) politics,https://www.abdn.ac.uk/study/undergraduate/degree-programmes/664/QL52/gaelic-studies-and-politics/,Year 3,30 Credit Points,30,
Aberdeen,MA (hons) politics,https://www.abdn.ac.uk/study/undergraduate/degree-programmes/664/QL52/gaelic-studies-and-politics/,Year 3,30 Credit Points,30,
Aberdeen,MA (hons) politics,https://www.abdn.ac.uk/study/undergraduate/degree-programmes/664/QL52/gaelic-studies-and-politics/,Year 3,30 Credit Points,30,
Aberdeen,MA (hons) politics,https://www.abdn.ac.uk/study/undergraduate/degree-programmes/664/QL52/gaelic-studies-and-politics/,Year 3,30 Credit Points,30,
Aberdeen,MA (hons) politics,https://www.abdn.ac.uk/study/undergraduate/degree-programmes/664/QL52/gaelic-studies-and-politics/,Year 3,30 Credit Points,30,
Aberdeen,MA (hons) politics,https://www.abdn.ac.uk/study/undergraduate/degree-programmes/664/QL52/gaelic-studies-and-politics/,Year 3,30 Credit Points,30,
Aberdeen,MA (hons) politics,https://www.abdn.ac.uk/study/undergraduate/degree-programmes/664/QL52/gaelic-studies-and-politics/,Year 3,30 Credit Points,30,
Aberdeen,MA (hons) politics,https://www.abdn.ac.uk/study/undergraduate/degree-programmes/664/QL52/gaelic-studies-and-politics/,Year 3,30 Credit Points,30,
Aberdeen,MA (hons) politics,https://www.abdn.ac.uk/study/undergraduate/degree-programmes/664/QL52/gaelic-studies-and-politics/,Year 3,See our English language requirements page,,core
Aberdeen,MA (hons) politics,https://www.abdn.ac.uk/study/undergraduate/degree-programmes/664/QL52/gaelic-studies-and-politics/,Year 3,See additional information for your country or territory,,core
Aberdeen,MA (hons) politics,https://www.abdn.ac.uk/study/undergraduate/degree-programmes/664/QL52/gaelic-studies-and-politics/,Year 4,30 Credit Points,30,
Aberdeen,MA (hons) politics,https://www.abdn.ac.uk/study/undergraduate/degree-programmes/664/QL52/gaelic-studies-and-politics/,Year 4,Plus a further 15 credit points from level 4 course(s) in Gaelic to gain a total of 60 credits in the discipline,15,
Aberdeen,MA (hons) politics,https://www.abdn.ac.uk/study/undergraduate/degree-programmes/664/QL52/gaelic-studies-and-politics/,Year 4,30 Credit Points,30,
Aberdeen,MA (hons) politics,https://www.abdn.ac.uk/study/undergraduate/degree-programmes/664/QL52/gaelic-studies-and-politics/,Year 4,30 Credit Points,30,
Aberdeen,MA (hons) politics,https://www.abdn.ac.uk/study/undergraduate/degree-programmes/664/QL52/gaelic-studies-and-politics/,Year 4,30 Credit Points,30,
Aberdeen,MA (hons) politics,https://www.abdn.ac.uk/study/undergraduate/degree-programmes/664/QL52/gaelic-studies-and-politics/,Year 4,30 Credit Points,30,
Aberdeen,MA (hons) politics,https://www.abdn.ac.uk/study/undergraduate/degree-programmes/664/QL52/gaelic-studies-and-politics/,Year 4,30 Credit Points,30,
Aberdeen,MA (hons) politics,https://www.abdn.ac.uk/study/undergraduate/degree-programmes/664/QL52/gaelic-studies-and-politics/,Year 4,30 Credit Points,30,
Aberdeen,MA (hons) politics,https://www.abdn.ac.uk/study/undergraduate/degree-programmes/664/QL52/gaelic-studies-and-politics/,Year 4,30 Credit Points,30,
Aberdeen,MA (hons) politics,https://www.abdn.ac.uk/study/undergraduate/degree-programmes/664/QL52/gaelic-studies-and-politics/,Year 4,30 Credit Points,30,
Aberdeen,MA (hons) politics,https://www.abdn.ac.uk/study/undergraduate/degree-programmes/664/QL52/gaelic-studies-and-politics/,Year 4,30 Credit Points,30,
Aberdeen,MA (hons) politics,https://www.abdn.ac.uk/study/undergraduate/degree-programmes/664/QL52/gaelic-studies-and-politics/,Year 4,30 Credit Points,30,
Aberdeen,MA (hons) politics,https://www.abdn.ac.uk/study/undergraduate/degree-programmes/664/QL52/gaelic-studies-and-politics/,Year 4,30 Credit Points,30,
Aberdeen,MA (hons) politics,https://www.abdn.ac.uk/study/undergraduate/degree-programmes/664/QL52/gaelic-studies-and-politics/,Year 4,30 Credit Points,30,
Aberdeen,MA (hons) politics,https://www.abdn.ac.uk/study/undergraduate/degree-programmes/664/QL52/gaelic-studies-and-politics/,Year 4,30 Credit Points,30,
Aberdeen,MA (hons) politics,https://www.abdn.ac.uk/study/undergraduate/degree-programmes/664/QL52/gaelic-studies-and-politics/,Year 4,30 Credit Points,30,
Aberdeen,MA (hons) politics,https://www.abdn.ac.uk/study/undergraduate/degree-programmes/664/QL52/gaelic-studies-and-politics/,Year 4,Gaelic Studies,,
Aberdeen,MA (hons) politics,https://www.abdn.ac.uk/study/undergraduate/degree-programmes/664/QL52/gaelic-studies-and-politics/,Year 4,Politics and International Relations,,
Aberdeen,MA (hons) politics American studies,https://www.abdn.ac.uk/study/undergraduate/degree-programmes/728/RL42/hispanic-studies-and-politics-5-years/,Year 1,15 Credit Points,15,
Aberdeen,MA (hons) politics American studies,https://www.abdn.ac.uk/study/undergraduate/degree-programmes/728/RL42/hispanic-studies-and-politics-5-years/,Year 1,15 Credit Points,15,
Aberdeen,MA (hons) politics American studies,https://www.abdn.ac.uk/study/undergraduate/degree-programmes/728/RL42/hispanic-studies-and-politics-5-years/,Year 1,15 Credit Points,15,
Aberdeen,MA (hons) politics American studies,https://www.abdn.ac.uk/study/undergraduate/degree-programmes/728/RL42/hispanic-studies-and-politics-5-years/,Year 1,15 Credit Points,15,
Aberdeen,MA (hons) politics American studies,https://www.abdn.ac.uk/study/undergraduate/degree-programmes/728/RL42/hispanic-studies-and-politics-5-years/,Year 1,15 Credit Points,15,
Aberdeen,MA (hons) politics American studies,https://www.abdn.ac.uk/study/undergraduate/degree-programmes/728/RL42/hispanic-studies-and-politics-5-years/,Year 1,15 Credit Points,15,
Aberdeen,MA (hons) politics American studies,https://www.abdn.ac.uk/study/undergraduate/degree-programmes/728/RL42/hispanic-studies-and-politics-5-years/,Year 1,BEGINNER/INTERMEDIATE,45,
Aberdeen,MA (hons) politics American studies,https://www.abdn.ac.uk/study/undergraduate/degree-programmes/728/RL42/hispanic-studies-and-politics-5-years/,Year 1,ADVANCED,60,
Aberdeen,MA (hons) politics American studies,https://www.abdn.ac.uk/study/undergraduate/degree-programmes/728/RL42/hispanic-studies-and-politics-5-years/,Year 1,15 Credit Points,15,
Aberdeen,MA (hons) politics American studies,https://www.abdn.ac.uk/study/undergraduate/degree-programmes/728/RL42/hispanic-studies-and-politics-5-years/,Year 1,15 Credit Points,15,
Aberdeen,MA (hons) politics American studies,https://www.abdn.ac.uk/study/undergraduate/degree-programmes/728/RL42/hispanic-studies-and-politics-5-years/,Year 2,30 Credit Points,30,
Aberdeen,MA (hons) politics American studies,https://www.abdn.ac.uk/study/undergraduate/degree-programmes/728/RL42/hispanic-studies-and-politics-5-years/,Year 2,30 Credit Points,30,
Aberdeen,MA (hons) politics American studies,https://www.abdn.ac.uk/study/undergraduate/degree-programmes/728/RL42/hispanic-studies-and-politics-5-years/,Year 2,15 Credit Points,15,
Aberdeen,MA (hons) politics American studies,https://www.abdn.ac.uk/study/undergraduate/degree-programmes/728/RL42/hispanic-studies-and-politics-5-years/,Year 2,15 Credit Points,15,
Aberdeen,MA (hons) politics American studies,https://www.abdn.ac.uk/study/undergraduate/degree-programmes/728/RL42/hispanic-studies-and-politics-5-years/,Year 2,15 Credit Points,15,
Aberdeen,MA (hons) politics American studies,https://www.abdn.ac.uk/study/undergraduate/degree-programmes/728/RL42/hispanic-studies-and-politics-5-years/,Year 2,15 Credit Points,15,
Aberdeen,MA (hons) politics American studies,https://www.abdn.ac.uk/study/undergraduate/degree-programmes/728/RL42/hispanic-studies-and-politics-5-years/,Year 2,15 Credit Points,15,
Aberdeen,MA (hons) politics American studies,https://www.abdn.ac.uk/study/undergraduate/degree-programmes/728/RL42/hispanic-studies-and-politics-5-years/,Year 3,15 Credit Points,15,
Aberdeen,MA (hons) politics American studies,https://www.abdn.ac.uk/study/undergraduate/degree-programmes/728/RL42/hispanic-studies-and-politics-5-years/,Year 3,See our English language requirements page,,core
Aberdeen,MA (hons) politics American studies,https://www.abdn.ac.uk/study/undergraduate/degree-programmes/728/RL42/hispanic-studies-and-politics-5-years/,Year 3,See additional information for your country or territory,,core
Aberdeen,MA (hons) politics American studies,https://www.abdn.ac.uk/study/undergraduate/degree-programmes/728/RL42/hispanic-studies-and-politics-5-years/,Year 4,15 Credit Points,15,
Aberdeen,MA (hons) politics American studies,https://www.abdn.ac.uk/study/undergraduate/degree-programmes/728/RL42/hispanic-studies-and-politics-5-years/,Year 4,30 Credit Points,30,
Aberdeen,MA (hons) politics American studies,https://www.abdn.ac.uk/study/undergraduate/degree-programmes/728/RL42/hispanic-studies-and-politics-5-years/,Year 4,Plus a further 45 credit points from level 3 Spanish and Latin American Studies courses .,45,
Aberdeen,MA (hons) politics American studies,https://www.abdn.ac.uk/study/undergraduate/degree-programmes/728/RL42/hispanic-studies-and-politics-5-years/,Year 4,30 Credit Points,30,
Aberdeen,MA (hons) politics American studies,https://www.abdn.ac.uk/study/undergraduate/degree-programmes/728/RL42/hispanic-studies-and-politics-5-years/,Year 4,30 Credit Points,30,
Aberdeen,MA (hons) politics American studies,https://www.abdn.ac.uk/study/undergraduate/degree-programmes/728/RL42/hispanic-studies-and-politics-5-years/,Year 4,30 Credit Points,30,
Aberdeen,MA (hons) politics American studies,https://www.abdn.ac.uk/study/undergraduate/degree-programmes/728/RL42/hispanic-studies-and-politics-5-years/,Year 4,30 Credit Points,30,
Aberdeen,MA (hons) politics American studies,https://www.abdn.ac.uk/study/undergraduate/degree-programmes/728/RL42/hispanic-studies-and-politics-5-years/,Year 4,30 Credit Points,30,
Aberdeen,MA (hons) politics American studies,https://www.abdn.ac.uk/study/undergraduate/degree-programmes/728/RL42/hispanic-studies-and-politics-5-years/,Year 4,30 Credit Points,30,
Aberdeen,MA (hons) politics American studies,https://www.abdn.ac.uk/study/undergraduate/degree-programmes/728/RL42/hispanic-studies-and-politics-5-years/,Year 4,30 Credit Points,30,
Aberdeen,MA (hons) politics American studies,https://www.abdn.ac.uk/study/undergraduate/degree-programmes/728/RL42/hispanic-studies-and-politics-5-years/,Year 4,30 Credit Points,30,
Aberdeen,MA (hons) politics American studies,https://www.abdn.ac.uk/study/undergraduate/degree-programmes/728/RL42/hispanic-studies-and-politics-5-years/,Year 5,30 Credit Points,30,
Aberdeen,MA (hons) politics American studies,https://www.abdn.ac.uk/study/undergraduate/degree-programmes/728/RL42/hispanic-studies-and-politics-5-years/,Year 5,Plus further credit points from level 4 courses in Spanish and Latin American Studies to gain a total of 60 credits in the discipline,60,
Aberdeen,MA (hons) politics American studies,https://www.abdn.ac.uk/study/undergraduate/degree-programmes/728/RL42/hispanic-studies-and-politics-5-years/,Year 5,30 Credit Points,30,
Aberdeen,MA (hons) politics American studies,https://www.abdn.ac.uk/study/undergraduate/degree-programmes/728/RL42/hispanic-studies-and-politics-5-years/,Year 5,30 Credit Points,30,
Aberdeen,MA (hons) politics American studies,https://www.abdn.ac.uk/study/undergraduate/degree-programmes/728/RL42/hispanic-studies-and-politics-5-years/,Year 5,30 Credit Points,30,
Aberdeen,MA (hons) politics American studies,https://www.abdn.ac.uk/study/undergraduate/degree-programmes/728/RL42/hispanic-studies-and-politics-5-years/,Year 5,30 Credit Points,30,
Aberdeen,MA (hons) politics American studies,https://www.abdn.ac.uk/study/undergraduate/degree-programmes/728/RL42/hispanic-studies-and-politics-5-years/,Year 5,30 Credit Points,30,
Aberdeen,MA (hons) politics American studies,https://www.abdn.ac.uk/study/undergraduate/degree-programmes/728/RL42/hispanic-studies-and-politics-5-years/,Year 5,30 Credit Points,30,
Aberdeen,MA (hons) politics American studies,https://www.abdn.ac.uk/study/undergraduate/degree-programmes/728/RL42/hispanic-studies-and-politics-5-years/,Year 5,30 Credit Points,30,
Aberdeen,MA (hons) politics American studies,https://www.abdn.ac.uk/study/undergraduate/degree-programmes/728/RL42/hispanic-studies-and-politics-5-years/,Year 5,30 Credit Points,30,
Aberdeen,MA (hons) politics American studies,https://www.abdn.ac.uk/study/undergraduate/degree-programmes/728/RL42/hispanic-studies-and-politics-5-years/,Year 5,30 Credit Points,30,
Aberdeen,MA (hons) politics American studies,https://www.abdn.ac.uk/study/undergraduate/degree-programmes/728/RL42/hispanic-studies-and-politics-5-years/,Year 5,30 Credit Points,30,
Aberdeen,MA (hons) politics American studies,https://www.abdn.ac.uk/study/undergraduate/degree-programmes/728/RL42/hispanic-studies-and-politics-5-years/,Year 5,30 Credit Points,30,
Aberdeen,MA (hons) politics American studies,https://www.abdn.ac.uk/study/undergraduate/degree-programmes/728/RL42/hispanic-studies-and-politics-5-years/,Year 5,30 Credit Points,30,
Aberdeen,MA (hons) politics American studies,https://www.abdn.ac.uk/study/undergraduate/degree-programmes/728/RL42/hispanic-studies-and-politics-5-years/,Year 5,30 Credit Points,30,
Aberdeen,MA (hons) politics American studies,https://www.abdn.ac.uk/study/undergraduate/degree-programmes/728/RL42/hispanic-studies-and-politics-5-years/,Year 5,30 Credit Points,30,
Aberdeen,MA (hons) politics American studies,https://www.abdn.ac.uk/study/undergraduate/degree-programmes/728/RL42/hispanic-studies-and-politics-5-years/,Year 5,30 Credit Points,30,
Aberdeen,MA (hons) politics American studies,https://www.abdn.ac.uk/study/undergraduate/degree-programmes/728/RL42/hispanic-studies-and-politics-5-years/,Year 5,30 Credit Points,30,
Aberdeen,MA (hons) politics American studies,https://www.abdn.ac.uk/study/undergraduate/degree-programmes/728/RL42/hispanic-studies-and-politics-5-years/,Year 5,Spanish & Latin American Studies,,
Aberdeen,MA (hons) politics American studies,https://www.abdn.ac.uk/study/undergraduate/degree-programmes/728/RL42/hispanic-studies-and-politics-5-years/,Year 5,Politics and International Relations,,
Manchester,BSocSc (hons) politics & international relations,https://www.manchester.ac.uk/study/undergraduate/courses/2025/00675/bsocsc-politics-and-international-relations/,Year 1,You can take up to 40 credits outside Politics.,40,
Manchester,BSocSc (hons) politics & international relations,https://www.manchester.ac.uk/study/undergraduate/courses/2025/00675/bsocsc-politics-and-international-relations/,Year 2,"You will develop your understanding in the three core areas, taking at least 20 credits in each, and begin to focus on your own areas of interest.",20,
Manchester,BSocSc (hons) politics & international relations,https://www.manchester.ac.uk/study/undergraduate/courses/2025/00675/bsocsc-politics-and-international-relations/,Year 2,You can take up to 20 credits outside Politics.,20,
Manchester,BA (hons) politics,https://www.manchester.ac.uk/study/undergraduate/courses/2025/11167/ba-politics-and-russian/,Year 1,You will also study an additional 60 credits of language and culture course units in your modern language subject.,60,
Manchester,BA (hons) politics,https://www.manchester.ac.uk/study/undergraduate/courses/2025/11167/ba-politics-and-russian/,Year 2,In Year 2 you will choose from a selection of optional Politics units (40-60 credits).,60,
Manchester,BA (hons) politics,https://www.manchester.ac.uk/study/undergraduate/courses/2025/11167/ba-politics-and-russian/,Year 2,You will also study an additional 60-80 credits of language and culture course units in your modern language subject.,80,
Manchester,BA (hons) politics,https://www.manchester.ac.uk/study/undergraduate/courses/2025/11167/ba-politics-and-russian/,Year 4,In Year 4 you will choose from a selection of optional Politics units (40-60 credits).,60,
Manchester,BA (hons) politics,https://www.manchester.ac.uk/study/undergraduate/courses/2025/11167/ba-politics-and-russian/,Year 4,You will also study an additional 60-80 credits of language and culture course units in your modern language subject.,80,
York,BA (hons) international relations,https://www.york.ac.uk/study/undergraduate/courses/ba-international-relations/,Year 1,Political Analysis,,core
York,BA (hons) international relations,https://www.york.ac.uk/study/undergraduate/courses/ba-international-relations/,Year 1,Introduction to Comparative Politics,,core
York,BA (hons) international relations,https://www.york.ac.uk/study/undergraduate/courses/ba-international-relations/,Year 1,"Introduction to Political Theory: States, Liberty and Revolution",,core
York,BA (hons) international relations,https://www.york.ac.uk/study/undergraduate/courses/ba-international-relations/,Year 1,Introduction to Global Politics,,core
York,BA (hons) international relations,https://www.york.ac.uk/study/undergraduate/courses/ba-international-relations/,Year 1,Global Challenges: From Theory to Practice OR The Politics of Identity,,core
York,BA (hons) international relations,https://www.york.ac.uk/study/undergraduate/courses/ba-international-relations/,Year 1,York Policy Lab OR Global Political Economy,,core
York,BA (hons) international relations,https://www.york.ac.uk/study/undergraduate/courses/ba-international-relations/,Year 2,International Relations Theory and Planet Politics (Semester One),,core
York,BA (hons) international relations,https://www.york.ac.uk/study/undergraduate/courses/ba-international-relations/,Year 2,Research Design (Semester Two),,core
York,BA (hons) international relations,https://www.york.ac.uk/study/undergraduate/courses/ba-international-relations/,Year 2,Can Democracy Work?,,optional
York,BA (hons) international relations,https://www.york.ac.uk/study/undergraduate/courses/ba-international-relations/,Year 2,Capitalism: Beyond States and Markets,,optional
York,BA (hons) international relations,https://www.york.ac.uk/study/undergraduate/courses/ba-international-relations/,Year 2,"Justice, Equality, and Difference",,optional
York,BA (hons) international relations,https://www.york.ac.uk/study/undergraduate/courses/ba-international-relations/,Year 2,European Union Politics,,optional
York,BA (hons) international relations,https://www.york.ac.uk/study/undergraduate/courses/ba-international-relations/,Year 2,"Democracy, Autocracy and the State",,optional
York,BA (hons) international relations,https://www.york.ac.uk/study/undergraduate/courses/ba-international-relations/,Year 2,Human Rights and Wrongs,,optional
York,BA (hons) international relations,https://www.york.ac.uk/study/undergraduate/courses/ba-international-relations/,Year 2,The Rising Powers,,optional
York,BA (hons) international relations,https://www.york.ac.uk/study/undergraduate/courses/ba-international-relations/,Year 2,Critical Global Security Studies,,optional
York,BA (hons) international relations,https://www.york.ac.uk/study/undergraduate/courses/ba-international-relations/,Year 2,Things Fall Apart: Political Thought in Times of Crisis,,optional
York,BA (hons) international relations,https://www.york.ac.uk/study/undergraduate/courses/ba-international-relations/,Year 2,The Politics of Gender,,optional
York,BA (hons) international relations,https://www.york.ac.uk/study/undergraduate/courses/ba-international-relations/,Year 2,"Empire, War and Law",,optional
York,BA (hons) international relations,https://www.york.ac.uk/study/undergraduate/courses/ba-international-relations/,Year 2,Politics of Development,,optional
York,BA (hons) international relations,https://www.york.ac.uk/study/undergraduate/courses/ba-international-relations/,Year 2,British Politics,,optional
York,BA (hons) international relations,https://www.york.ac.uk/study/undergraduate/courses/ba-international-relations/,Year 2,The US and Global Politics after the Cold War,,optional
York,BA (hons) international relations,https://www.york.ac.uk/study/undergraduate/courses/ba-international-relations/,Year 2,War and Peace,,optional
York,BA (hons) international relations,https://www.york.ac.uk/study/undergraduate/courses/ba-international-relations/,Year 2,Global Political Economy,,optional
York,BA (hons) international relations,https://www.york.ac.uk/study/undergraduate/courses/ba-international-relations/,Year 3,Dissertation,,core
York,BA (hons) international relations,https://www.york.ac.uk/study/undergraduate/courses/ba-international-relations/,Year 3,Africa and International Politics,,optional
York,BA (hons) international relations,https://www.york.ac.uk/study/undergraduate/courses/ba-international-relations/,Year 3,Constitutional and Territorial Ideologies in Britain and Ireland,,optional
York,BA (hons) international relations,https://www.york.ac.uk/study/undergraduate/courses/ba-international-relations/,Year 3,India and its Neighbourhood,,optional
York,BA (hons) international relations,https://www.york.ac.uk/study/undergraduate/courses/ba-international-relations/,Year 3,Democracy and Emergency,,optional
York,BA (hons) international relations,https://www.york.ac.uk/study/undergraduate/courses/ba-international-relations/,Year 3,Development Paradigms,,optional
York,BA (hons) international relations,https://www.york.ac.uk/study/undergraduate/courses/ba-international-relations/,Year 3,Morality and Modern Warfare,,optional
York,BA (hons) international relations,https://www.york.ac.uk/study/undergraduate/courses/ba-international-relations/,Year 3,"Gender, Violence and Resistance",,optional
York,BA (hons) international relations,https://www.york.ac.uk/study/undergraduate/courses/ba-international-relations/,Year 3,"Global Governance: Purpose, Power and Performance",,optional
York,BA (hons) international relations,https://www.york.ac.uk/study/undergraduate/courses/ba-international-relations/,Year 3,Governmentality: Michel Foucault and the Analytics of Power,,optional
York,BA (hons) international relations,https://www.york.ac.uk/study/undergraduate/courses/ba-international-relations/,Year 3,Green Politics,,optional
York,BA (hons) international relations,https://www.york.ac.uk/study/undergraduate/courses/ba-international-relations/,Year 3,International Crisis Diplomacy,,optional
York,BA (hons) international relations,https://www.york.ac.uk/study/undergraduate/courses/ba-international-relations/,Year 3,Political Psychology and Public Opinion,,optional
York,BA (hons) international relations,https://www.york.ac.uk/study/undergraduate/courses/ba-international-relations/,Year 3,Politics of Peace after Civil War,,optional
York,BA (hons) international relations,https://www.york.ac.uk/study/undergraduate/courses/ba-international-relations/,Year 3,The Global Food System,,optional
York,BA (hons) international relations,https://www.york.ac.uk/study/undergraduate/courses/ba-international-relations/,Year 3,"""We, the People"": Ideas of Democratic Representation",,optional
York,BA (hons) international relations,https://www.york.ac.uk/study/undergraduate/courses/ba-international-relations/,Year 3,Britain in a Changing Global Economic Order,,optional
York,BA (hons) international relations,https://www.york.ac.uk/study/undergraduate/courses/ba-international-relations/,Year 3,Ethnicity and Conflict,,optional
York,BA (hons) international relations,https://www.york.ac.uk/study/undergraduate/courses/ba-international-relations/,Year 3,From War to Peace? Statebuilding and Political Transition in Southeast Asia,,optional
York,BA (hons) international relations,https://www.york.ac.uk/study/undergraduate/courses/ba-international-relations/,Year 3,Global Politics of Nuclear Weapons,,optional
York,BA (hons) international relations,https://www.york.ac.uk/study/undergraduate/courses/ba-international-relations/,Year 3,Global Sustainability and Energy Policy,,optional
York,BA (hons) international relations,https://www.york.ac.uk/study/undergraduate/courses/ba-international-relations/,Year 3,Karl Marx,,optional
York,BA (hons) international relations,https://www.york.ac.uk/study/undergraduate/courses/ba-international-relations/,Year 3,Politics of Technology: From the Luddites to the Unabomber,,optional
York,BA (hons) international relations,https://www.york.ac.uk/study/undergraduate/courses/ba-international-relations/,Year 3,"Policing, Violence and the Politics of Abolition",,optional
York,BA (hons) international relations,https://www.york.ac.uk/study/undergraduate/courses/ba-international-relations/,Year 3,Politics of the Middle East: Regimes and Societies in Transition,,optional
York,BA (hons) international relations,https://www.york.ac.uk/study/undergraduate/courses/ba-international-relations/,Year 3,Regionalism in World Politics,,optional
York,BA (hons) international relations,https://www.york.ac.uk/study/undergraduate/courses/ba-international-relations/,Year 3,Terrorism and Counter-terrorism,,optional
York,BA (hons) international relations,https://www.york.ac.uk/study/undergraduate/courses/ba-international-relations/,Year 3,The European Far Right,,optional
York,BA (hons) international relations,https://www.york.ac.uk/study/undergraduate/courses/ba-international-relations/,Year 3,The Labour Party and Socialism,,optional
York,BA (hons) international relations,https://www.york.ac.uk/study/undergraduate/courses/ba-international-relations/,Year 3,The Politics of (Post-)Colonialism,,optional
York,BA (hons) international relations,https://www.york.ac.uk/study/undergraduate/courses/ba-international-relations/,Year 3,Applied Quantitative Analysis,,optional
York,BA (hons) international relations,https://www.york.ac.uk/study/undergraduate/courses/ba-international-relations/,Year 3,Dissertation (Applied Quantitative Analysis),,optional
York,BA (hons) international relations,https://www.york.ac.uk/study/undergraduate/courses/ba-international-relations/,Year 3,Explore global opportunities,,optional
York,BA (hons) international relations,https://www.york.ac.uk/study/undergraduate/courses/ba-international-relations/,Year 3,Explore placement years opportunities,,optional
York,BA (hons) politics with international relations,https://www.york.ac.uk/study/undergraduate/courses/ba-politics-international-relations/,Year 1,Political Analysis,,core
York,BA (hons) politics with international relations,https://www.york.ac.uk/study/undergraduate/courses/ba-politics-international-relations/,Year 1,Introduction to Comparative Politics,,core
York,BA (hons) politics with international relations,https://www.york.ac.uk/study/undergraduate/courses/ba-politics-international-relations/,Year 1,"Introduction to Political Theory: States, Liberty and Revolution",,core
York,BA (hons) politics with international relations,https://www.york.ac.uk/study/undergraduate/courses/ba-politics-international-relations/,Year 1,Introduction to Global Politics,,core
York,BA (hons) politics with international relations,https://www.york.ac.uk/study/undergraduate/courses/ba-politics-international-relations/,Year 1,Global Challenges: From Theory to Practice OR The Politics of Identity,,core
York,BA (hons) politics with international relations,https://www.york.ac.uk/study/undergraduate/courses/ba-politics-international-relations/,Year 1,York Policy Lab OR Global Political Economy,,core
York,BA (hons) politics with international relations,https://www.york.ac.uk/study/undergraduate/courses/ba-politics-international-relations/,Year 2,Theories of the State (Semester One),,core
York,BA (hons) politics with international relations,https://www.york.ac.uk/study/undergraduate/courses/ba-politics-international-relations/,Year 2,International Relations Theory and Planet Politics (Semester One),,core
York,BA (hons) politics with international relations,https://www.york.ac.uk/study/undergraduate/courses/ba-politics-international-relations/,Year 2,Research Design (Semester Two),,core
York,BA (hons) politics with international relations,https://www.york.ac.uk/study/undergraduate/courses/ba-politics-international-relations/,Year 2,Can Democracy Work?,,optional
York,BA (hons) politics with international relations,https://www.york.ac.uk/study/undergraduate/courses/ba-politics-international-relations/,Year 2,Capitalism: Beyond States and Markets,,optional
York,BA (hons) politics with international relations,https://www.york.ac.uk/study/undergraduate/courses/ba-politics-international-relations/,Year 2,"Justice, Equality, and Difference",,optional
York,BA (hons) politics with international relations,https://www.york.ac.uk/study/undergraduate/courses/ba-politics-international-relations/,Year 2,European Union Politics,,optional
York,BA (hons) politics with international relations,https://www.york.ac.uk/study/undergraduate/courses/ba-politics-international-relations/,Year 2,"Democracy, Autocracy and the State",,optional
York,BA (hons) politics with international relations,https://www.york.ac.uk/study/undergraduate/courses/ba-politics-international-relations/,Year 2,Human Rights and Wrongs,,optional
York,BA (hons) politics with international relations,https://www.york.ac.uk/study/undergraduate/courses/ba-politics-international-relations/,Year 2,The Rising Powers,,optional
York,BA (hons) politics with international relations,https://www.york.ac.uk/study/undergraduate/courses/ba-politics-international-relations/,Year 2,Critical Global Security Studies,,optional
York,BA (hons) politics with international relations,https://www.york.ac.uk/study/undergraduate/courses/ba-politics-international-relations/,Year 2,Things Fall Apart: Political Thought in Times of Crisis,,optional
York,BA (hons) politics with international relations,https://www.york.ac.uk/study/undergraduate/courses/ba-politics-international-relations/,Year 2,The Politics of Gender,,optional
York,BA (hons) politics with international relations,https://www.york.ac.uk/study/undergraduate/courses/ba-politics-international-relations/,Year 2,"Empire, War and Law",,optional
York,BA (hons) politics with international relations,https://www.york.ac.uk/study/undergraduate/courses/ba-politics-international-relations/,Year 2,Politics of Development,,optional
York,BA (hons) politics with international relations,https://www.york.ac.uk/study/undergraduate/courses/ba-politics-international-relations/,Year 2,British Politics,,optional
York,BA (hons) politics with international relations,https://www.york.ac.uk/study/undergraduate/courses/ba-politics-international-relations/,Year 2,The US and Global Politics after the Cold War,,optional
York,BA (hons) politics with international relations,https://www.york.ac.uk/study/undergraduate/courses/ba-politics-international-relations/,Year 2,War and Peace,,optional
York,BA (hons) politics with international relations,https://www.york.ac.uk/study/undergraduate/courses/ba-politics-international-relations/,Year 2,Global Political Economy,,optional
York,BA (hons) politics with international relations,https://www.york.ac.uk/study/undergraduate/courses/ba-politics-international-relations/,Year 3,Dissertation,,core
York,BA (hons) politics with international relations,https://www.york.ac.uk/study/undergraduate/courses/ba-politics-international-relations/,Year 3,Africa and International Politics,,optional
York,BA (hons) politics with international relations,https://www.york.ac.uk/study/undergraduate/courses/ba-politics-international-relations/,Year 3,Constitutional and Territorial Ideologies in Britain and Ireland,,optional
York,BA (hons) politics with international relations,https://www.york.ac.uk/study/undergraduate/courses/ba-politics-international-relations/,Year 3,India and its Neighbourhood,,optional
York,BA (hons) politics with international relations,https://www.york.ac.uk/study/undergraduate/courses/ba-politics-international-relations/,Year 3,Democracy and Emergency,,optional
York,BA (hons) politics with international relations,https://www.york.ac.uk/study/undergraduate/courses/ba-politics-international-relations/,Year 3,Development Paradigms,,optional
York,BA (hons) politics with international relations,https://www.york.ac.uk/study/undergraduate/courses/ba-politics-international-relations/,Year 3,Morality and Modern Warfare,,optional
York,BA (hons) politics with international relations,https://www.york.ac.uk/study/undergraduate/courses/ba-politics-international-relations/,Year 3,"Gender, Violence and Resistance",,optional
York,BA (hons) politics with international relations,https://www.york.ac.uk/study/undergraduate/courses/ba-politics-international-relations/,Year 3,"Global Governance: Purpose, Power and Performance",,optional
York,BA (hons) politics with international relations,https://www.york.ac.uk/study/undergraduate/courses/ba-politics-international-relations/,Year 3,Governmentality: Michel Foucault and the Analytics of Power,,optional
York,BA (hons) politics with international relations,https://www.york.ac.uk/study/undergraduate/courses/ba-politics-international-relations/,Year 3,Green Politics,,optional
York,BA (hons) politics with international relations,https://www.york.ac.uk/study/undergraduate/courses/ba-politics-international-relations/,Year 3,International Crisis Diplomacy,,optional
York,BA (hons) politics with international relations,https://www.york.ac.uk/study/undergraduate/courses/ba-politics-international-relations/,Year 3,Political Psychology and Public Opinion,,optional
York,BA (hons) politics with international relations,https://www.york.ac.uk/study/undergraduate/courses/ba-politics-international-relations/,Year 3,Politics of Peace after Civil War,,optional
York,BA (hons) politics with international relations,https://www.york.ac.uk/study/undergraduate/courses/ba-politics-international-relations/,Year 3,The Global Food System,,optional
York,BA (hons) politics with international relations,https://www.york.ac.uk/study/undergraduate/courses/ba-politics-international-relations/,Year 3,"""We, the People"": Ideas of Democratic Representation",,optional
York,BA (hons) politics with international relations,https://www.york.ac.uk/study/undergraduate/courses/ba-politics-international-relations/,Year 3,Britain in Changing Global Economic Order,,optional
York,BA (hons) politics with international relations,https://www.york.ac.uk/study/undergraduate/courses/ba-politics-international-relations/,Year 3,Ethnicity and Conflict,,optional
York,BA (hons) politics with international relations,https://www.york.ac.uk/study/undergraduate/courses/ba-politics-international-relations/,Year 3,From War to Peace? Statebuilding and Political Transition in Southeast Asia,,optional
York,BA (hons) politics with international relations,https://www.york.ac.uk/study/undergraduate/courses/ba-politics-international-relations/,Year 3,Global Politics of Nuclear Weapons,,optional
York,BA (hons) politics with international relations,https://www.york.ac.uk/study/undergraduate/courses/ba-politics-international-relations/,Year 3,Global Sustainability and Energy Policy,,optional
York,BA (hons) politics with international relations,https://www.york.ac.uk/study/undergraduate/courses/ba-politics-international-relations/,Year 3,Karl Marx,,optional
York,BA (hons) politics with international relations,https://www.york.ac.uk/study/undergraduate/courses/ba-politics-international-relations/,Year 3,Politics of Technology: From the Luddites to the Unabomber,,optional
York,BA (hons) politics with international relations,https://www.york.ac.uk/study/undergraduate/courses/ba-politics-international-relations/,Year 3,"Policing, Violence and the Politics of Abolition",,optional
York,BA (hons) politics with international relations,https://www.york.ac.uk/study/undergraduate/courses/ba-politics-international-relations/,Year 3,Politics of the Middle East: Regimes and Societies in Transition,,optional
York,BA (hons) politics with international relations,https://www.york.ac.uk/study/undergraduate/courses/ba-politics-international-relations/,Year 3,Regionalism in World Politics,,optional
York,BA (hons) politics with international relations,https://www.york.ac.uk/study/undergraduate/courses/ba-politics-international-relations/,Year 3,Terrorism and Counter-terrorism,,optional
York,BA (hons) politics with international relations,https://www.york.ac.uk/study/undergraduate/courses/ba-politics-international-relations/,Year 3,The European Far Right,,optional
York,BA (hons) politics with international relations,https://www.york.ac.uk/study/undergraduate/courses/ba-politics-international-relations/,Year 3,The Labour Party and Socialism,,optional
York,BA (hons) politics with international relations,https://www.york.ac.uk/study/undergraduate/courses/ba-politics-international-relations/,Year 3,The Politics of (Post-)Colonialism,,optional
York,BA (hons) politics with international relations,https://www.york.ac.uk/study/undergraduate/courses/ba-politics-international-relations/,Year 3,Applied Quantitative Analysis,,optional
York,BA (hons) politics with international relations,https://www.york.ac.uk/study/undergraduate/courses/ba-politics-international-relations/,Year 3,Dissertation (Applied Quantitative Analysis),,optional
York,BA (hons) politics with international relations,https://www.york.ac.uk/study/undergraduate/courses/ba-politics-international-relations/,Year 3,Explore global opportunities,,optional
York,BA (hons) politics with international relations,https://www.york.ac.uk/study/undergraduate/courses/ba-politics-international-relations/,Year 3,Explore placement years opportunities,,optional
York,BA (hons) politics,https://www.york.ac.uk/study/undergraduate/courses/ba-politics/,Year 1,Political Analysis,,core
York,BA (hons) politics,https://www.york.ac.uk/study/undergraduate/courses/ba-politics/,Year 1,Introduction to Comparative Politics,,core
York,BA (hons) politics,https://www.york.ac.uk/study/undergraduate/courses/ba-politics/,Year 1,"Introduction to Political Theory: States, Liberty and Revolution",,core
York,BA (hons) politics,https://www.york.ac.uk/study/undergraduate/courses/ba-politics/,Year 1,Introduction to Global Politics,,core
York,BA (hons) politics,https://www.york.ac.uk/study/undergraduate/courses/ba-politics/,Year 1,Global Challenges: From Theory to Practice OR The Politics of Identity,,core
York,BA (hons) politics,https://www.york.ac.uk/study/undergraduate/courses/ba-politics/,Year 1,York Policy Lab OR Global Political Economy,,core
York,BA (hons) politics,https://www.york.ac.uk/study/undergraduate/courses/ba-politics/,Year 2,Theories of the State (Semester One),,core
York,BA (hons) politics,https://www.york.ac.uk/study/undergraduate/courses/ba-politics/,Year 2,Research Design (Semester Two),,core
York,BA (hons) politics,https://www.york.ac.uk/study/undergraduate/courses/ba-politics/,Year 2,Can Democracy Work?,,optional
York,BA (hons) politics,https://www.york.ac.uk/study/undergraduate/courses/ba-politics/,Year 2,Capitalism: Beyond States and Markets,,optional
York,BA (hons) politics,https://www.york.ac.uk/study/undergraduate/courses/ba-politics/,Year 2,"Justice, Equality, and Difference",,optional
York,BA (hons) politics,https://www.york.ac.uk/study/undergraduate/courses/ba-politics/,Year 2,European Union Politics,,optional
York,BA (hons) politics,https://www.york.ac.uk/study/undergraduate/courses/ba-politics/,Year 2,"Democracy, Autocracy and the State",,optional
York,BA (hons) politics,https://www.york.ac.uk/study/undergraduate/courses/ba-politics/,Year 2,Human Rights and Wrongs,,optional
York,BA (hons) politics,https://www.york.ac.uk/study/undergraduate/courses/ba-politics/,Year 2,The Rising Powers,,optional
York,BA (hons) politics,https://www.york.ac.uk/study/undergraduate/courses/ba-politics/,Year 2,Critical Global Security Studies,,optional
York,BA (hons) politics,https://www.york.ac.uk/study/undergraduate/courses/ba-politics/,Year 2,Things Fall Apart: Political Thought in Times of Crisis,,optional
York,BA (hons) politics,https://www.york.ac.uk/study/undergraduate/courses/ba-politics/,Year 2,The Politics of Gender,,optional
York,BA (hons) politics,https://www.york.ac.uk/study/undergraduate/courses/ba-politics/,Year 2,"Empire, War and Law",,optional
York,BA (hons) politics,https://www.york.ac.uk/study/undergraduate/courses/ba-politics/,Year 2,Politics of Development,,optional
York,BA (hons) politics,https://www.york.ac.uk/study/undergraduate/courses/ba-politics/,Year 2,British Politics,,optional
York,BA (hons) politics,https://www.york.ac.uk/study/undergraduate/courses/ba-politics/,Year 2,The US and Global Politics after the Cold War,,optional
York,BA (hons) politics,https://www.york.ac.uk/study/undergraduate/courses/ba-politics/,Year 2,War and Peace,,optional
York,BA (hons) politics,https://www.york.ac.uk/study/undergraduate/courses/ba-politics/,Year 2,Global Political Economy,,optional
York,BA (hons) politics,https://www.york.ac.uk/study/undergraduate/courses/ba-politics/,Year 3,Politics Dissertation,,core
York,BA (hons) politics,https://www.york.ac.uk/study/undergraduate/courses/ba-politics/,Year 3,Africa and International Politics,,optional
York,BA (hons) politics,https://www.york.ac.uk/study/undergraduate/courses/ba-politics/,Year 3,Constitutional and Territorial Ideologies in Britain and Ireland,,optional
York,BA (hons) politics,https://www.york.ac.uk/study/undergraduate/courses/ba-politics/,Year 3,India and its Neighbourhood,,optional
York,BA (hons) politics,https://www.york.ac.uk/study/undergraduate/courses/ba-politics/,Year 3,Democracy and Emergency,,optional
York,BA (hons) politics,https://www.york.ac.uk/study/undergraduate/courses/ba-politics/,Year 3,Development Paradigms,,optional
York,BA (hons) politics,https://www.york.ac.uk/study/undergraduate/courses/ba-politics/,Year 3,Morality and Modern Warfare,,optional
York,BA (hons) politics,https://www.york.ac.uk/study/undergraduate/courses/ba-politics/,Year 3,"Gender, Violence and Resistance",,optional
York,BA (hons) politics,https://www.york.ac.uk/study/undergraduate/courses/ba-politics/,Year 3,"Global Governance: Purpose, Power and Performance",,optional
York,BA (hons) politics,https://www.york.ac.uk/study/undergraduate/courses/ba-politics/,Year 3,Governmentality: Michel Foucault and the Analytics of Power,,optional
York,BA (hons) politics,https://www.york.ac.uk/study/undergraduate/courses/ba-politics/,Year 3,Green Politics,,optional
York,BA (hons) politics,https://www.york.ac.uk/study/undergraduate/courses/ba-politics/,Year 3,International Crisis Diplomacy,,optional
York,BA (hons) politics,https://www.york.ac.uk/study/undergraduate/courses/ba-politics/,Year 3,Political Psychology and Public Opinion,,optional
York,BA (hons) politics,https://www.york.ac.uk/study/undergraduate/courses/ba-politics/,Year 3,Politics of Peace after Civil War,,optional
York,BA (hons) politics,https://www.york.ac.uk/study/undergraduate/courses/ba-politics/,Year 3,The Global Food System,,optional
York,BA (hons) politics,https://www.york.ac.uk/study/undergraduate/courses/ba-politics/,Year 3,"""We, the People"": Ideas of Democratic Representation",,optional
York,BA (hons) politics,https://www.york.ac.uk/study/undergraduate/courses/ba-politics/,Year 3,Britain in a Changing Global Economic Order,,optional
York,BA (hons) politics,https://www.york.ac.uk/study/undergraduate/courses/ba-politics/,Year 3,Ethnicity and Conflict,,optional
York,BA (hons) politics,https://www.york.ac.uk/study/undergraduate/courses/ba-politics/,Year 3,From War to Peace? Statebuilding and Political Transition in Southeast Asia,,optional
York,BA (hons) politics,https://www.york.ac.uk/study/undergraduate/courses/ba-politics/,Year 3,Global Politics of Nuclear Weapons,,optional
York,BA (hons) politics,https://www.york.ac.uk/study/undergraduate/courses/ba-politics/,Year 3,Global Sustainability and Energy Policy,,optional
York,BA (hons) politics,https://www.york.ac.uk/study/undergraduate/courses/ba-politics/,Year 3,Karl Marx,,optional
York,BA (hons) politics,https://www.york.ac.uk/study/undergraduate/courses/ba-politics/,Year 3,Politics of Technology: From the Luddites to the Unabomber,,optional
York,BA (hons) politics,https://www.york.ac.uk/study/undergraduate/courses/ba-politics/,Year 3,Politics of the Middle East: Regimes and societies in transition,,optional
York,BA (hons) politics,https://www.york.ac.uk/study/undergraduate/courses/ba-politics/,Year 3,Regionalism in World Politics,,optional
York,BA (hons) politics,https://www.york.ac.uk/study/undergraduate/courses/ba-politics/,Year 3,Terrorism and Counter-terrorism,,optional
York,BA (hons) politics,https://www.york.ac.uk/study/undergraduate/courses/ba-politics/,Year 3,The European Far Right,,optional
York,BA (hons) politics,https://www.york.ac.uk/study/undergraduate/courses/ba-politics/,Year 3,The Labour Party and Socialism,,optional
York,BA (hons) politics,https://www.york.ac.uk/study/undergraduate/courses/ba-politics/,Year 3,The Politics of (Post-)Colonialism,,optional
York,BA (hons) politics,https://www.york.ac.uk/study/undergraduate/courses/ba-politics/,Year 3,Applied Quantitative Analysis,,optional
York,BA (hons) politics,https://www.york.ac.uk/study/undergraduate/courses/ba-politics/,Year 3,Dissertation (Applied Quantitative Analysis),,optional
York,BA (hons) politics,https://www.york.ac.uk/study/undergraduate/courses/ba-politics/,Year 3,Explore global opportunities,,optional
York,BA (hons) politics,https://www.york.ac.uk/study/undergraduate/courses/ba-politics/,Year 3,Explore placement years opportunities,,optional
York,BA (hons) social & political sciences,https://www.york.ac.uk/study/undergraduate/courses/ba-social-political-sciences/,Year 1,"Power, Policy and Social Progress",,core
York,BA (hons) social & political sciences,https://www.york.ac.uk/study/undergraduate/courses/ba-social-political-sciences/,Year 1,Political Analysis,,core
York,BA (hons) social & political sciences,https://www.york.ac.uk/study/undergraduate/courses/ba-social-political-sciences/,Year 1,Social Evils in the Chocolate City,,core
York,BA (hons) social & political sciences,https://www.york.ac.uk/study/undergraduate/courses/ba-social-political-sciences/,Year 1,Theorising the Social World,,core
York,BA (hons) social & political sciences,https://www.york.ac.uk/study/undergraduate/courses/ba-social-political-sciences/,Year 1,Contemporary Issues in Social and Public Policy,,core
York,BA (hons) social & political sciences,https://www.york.ac.uk/study/undergraduate/courses/ba-social-political-sciences/,Year 1,Understanding Self in Society,,optional
York,BA (hons) social & political sciences,https://www.york.ac.uk/study/undergraduate/courses/ba-social-political-sciences/,Year 1,"Introduction to Political Theory: States, Liberty and Revolution",,optional
York,BA (hons) social & political sciences,https://www.york.ac.uk/study/undergraduate/courses/ba-social-political-sciences/,Year 1,Criminal Justice and Inequality,,optional
York,BA (hons) social & political sciences,https://www.york.ac.uk/study/undergraduate/courses/ba-social-political-sciences/,Year 1,The Psychological Mind in a Social World,,optional
York,BA (hons) social & political sciences,https://www.york.ac.uk/study/undergraduate/courses/ba-social-political-sciences/,Year 1,Social Harm and Injustice,,optional
York,BA (hons) social & political sciences,https://www.york.ac.uk/study/undergraduate/courses/ba-social-political-sciences/,Year 1,Introduction to International Politics: Global Hierarchies and Global Orders,,optional
York,BA (hons) social & political sciences,https://www.york.ac.uk/study/undergraduate/courses/ba-social-political-sciences/,Year 1,York Policy Lab,,optional
York,BA (hons) social & political sciences,https://www.york.ac.uk/study/undergraduate/courses/ba-social-political-sciences/,Year 2,Capitalism and the Public Good,,core
York,BA (hons) social & political sciences,https://www.york.ac.uk/study/undergraduate/courses/ba-social-political-sciences/,Year 2,Researching Policy and Society,,core
York,BA (hons) social & political sciences,https://www.york.ac.uk/study/undergraduate/courses/ba-social-political-sciences/,Year 2,Health and Illness,,optional
York,BA (hons) social & political sciences,https://www.york.ac.uk/study/undergraduate/courses/ba-social-political-sciences/,Year 2,Humans and Other Animals,,optional
York,BA (hons) social & political sciences,https://www.york.ac.uk/study/undergraduate/courses/ba-social-political-sciences/,Year 2,People and the State,,optional
York,BA (hons) social & political sciences,https://www.york.ac.uk/study/undergraduate/courses/ba-social-political-sciences/,Year 2,"Popular Culture, The Media and Society",,optional
York,BA (hons) social & political sciences,https://www.york.ac.uk/study/undergraduate/courses/ba-social-political-sciences/,Year 2,Social Interaction and Conversational Analysis,,optional
York,BA (hons) social & political sciences,https://www.york.ac.uk/study/undergraduate/courses/ba-social-political-sciences/,Year 2,Societies and the Climate Crisis,,optional
York,BA (hons) social & political sciences,https://www.york.ac.uk/study/undergraduate/courses/ba-social-political-sciences/,Year 2,Gender Sexuality and Inequalities,,optional
York,BA (hons) social & political sciences,https://www.york.ac.uk/study/undergraduate/courses/ba-social-political-sciences/,Year 2,Body and Society,,optional
York,BA (hons) social & political sciences,https://www.york.ac.uk/study/undergraduate/courses/ba-social-political-sciences/,Year 2,Urban Pasts and Futures,,optional
York,BA (hons) social & political sciences,https://www.york.ac.uk/study/undergraduate/courses/ba-social-political-sciences/,Year 2,Working in the Criminal Justice System,,optional
York,BA (hons) social & political sciences,https://www.york.ac.uk/study/undergraduate/courses/ba-social-political-sciences/,Year 2,Election and Voting Behaviour,,optional
York,BA (hons) social & political sciences,https://www.york.ac.uk/study/undergraduate/courses/ba-social-political-sciences/,Year 2,Human Rights and Wrongs,,optional
York,BA (hons) social & political sciences,https://www.york.ac.uk/study/undergraduate/courses/ba-social-political-sciences/,Year 2,Politics of Development,,optional
York,BA (hons) social & political sciences,https://www.york.ac.uk/study/undergraduate/courses/ba-social-political-sciences/,Year 2,War and Peace,,optional
York,BA (hons) social & political sciences,https://www.york.ac.uk/study/undergraduate/courses/ba-social-political-sciences/,Year 2,"State, Economy and Society",,optional
York,BA (hons) social & political sciences,https://www.york.ac.uk/study/undergraduate/courses/ba-social-political-sciences/,Year 2,The Politics of Gender,,optional
York,BA (hons) social & political sciences,https://www.york.ac.uk/study/undergraduate/courses/ba-social-political-sciences/,Year 2,Politics in the UK,,optional
York,BA (hons) social & political sciences,https://www.york.ac.uk/study/undergraduate/courses/ba-social-political-sciences/,Year 2,The US and Global Politics after the Cold War,,optional
York,BA (hons) social & political sciences,https://www.york.ac.uk/study/undergraduate/courses/ba-social-political-sciences/,Year 2,The Rising Powers,,optional
York,BA (hons) social & political sciences,https://www.york.ac.uk/study/undergraduate/courses/ba-social-political-sciences/,Year 2,Critical Global Security Studies,,optional
York,BA (hons) social & political sciences,https://www.york.ac.uk/study/undergraduate/courses/ba-social-political-sciences/,Year 2,Policy Think Tank,,optional
York,BA (hons) social & political sciences,https://www.york.ac.uk/study/undergraduate/courses/ba-social-political-sciences/,Year 2,Crime and the Life Course,,optional
York,BA (hons) social & political sciences,https://www.york.ac.uk/study/undergraduate/courses/ba-social-political-sciences/,Year 2,Contemporary Issues in Criminal Justice,,optional
York,BA (hons) social & political sciences,https://www.york.ac.uk/study/undergraduate/courses/ba-social-political-sciences/,Year 2,"Communities, Participation and Creating Change",,optional
York,BA (hons) social & political sciences,https://www.york.ac.uk/study/undergraduate/courses/ba-social-political-sciences/,Year 2,Enabling Places and Spaces,,optional
York,BA (hons) social & political sciences,https://www.york.ac.uk/study/undergraduate/courses/ba-social-political-sciences/,Year 2,Social Inequalities,,optional
York,BA (hons) social & political sciences,https://www.york.ac.uk/study/undergraduate/courses/ba-social-political-sciences/,Year 2,Victimology and Victimisation,,optional
York,BA (hons) social & political sciences,https://www.york.ac.uk/study/undergraduate/courses/ba-social-political-sciences/,Year 2,Future Worlds of Work,,optional
York,BA (hons) social & political sciences,https://www.york.ac.uk/study/undergraduate/courses/ba-social-political-sciences/,Year 2,Left Behind Places,,optional
York,BA (hons) social & political sciences,https://www.york.ac.uk/study/undergraduate/courses/ba-social-political-sciences/,Year 2,Global Social Problems,,optional
York,BA (hons) social & political sciences,https://www.york.ac.uk/study/undergraduate/courses/ba-social-political-sciences/,Year 2,Crime and Justice in the Online Space,,optional
York,BA (hons) social & political sciences,https://www.york.ac.uk/study/undergraduate/courses/ba-social-political-sciences/,Year 2,"Stigma, Power and Resistance",,optional
York,BA (hons) social & political sciences,https://www.york.ac.uk/study/undergraduate/courses/ba-social-political-sciences/,Year 3,Independent Study Module,,core
York,BA (hons) social & political sciences,https://www.york.ac.uk/study/undergraduate/courses/ba-social-political-sciences/,Year 3,"Crime, Media and Culture",,optional
York,BA (hons) social & political sciences,https://www.york.ac.uk/study/undergraduate/courses/ba-social-political-sciences/,Year 3,Global Transformation of Health,,optional
York,BA (hons) social & political sciences,https://www.york.ac.uk/study/undergraduate/courses/ba-social-political-sciences/,Year 3,"Crime, Gender and Sexuality",,optional
York,BA (hons) social & political sciences,https://www.york.ac.uk/study/undergraduate/courses/ba-social-political-sciences/,Year 3,"Morbidity, Culture and Corpses",,optional
York,BA (hons) social & political sciences,https://www.york.ac.uk/study/undergraduate/courses/ba-social-political-sciences/,Year 3,Spiritual Realities,,optional
York,BA (hons) social & political sciences,https://www.york.ac.uk/study/undergraduate/courses/ba-social-political-sciences/,Year 3,Talk at Work,,optional
York,BA (hons) social & political sciences,https://www.york.ac.uk/study/undergraduate/courses/ba-social-political-sciences/,Year 3,Working in the Criminal Justice System,,optional
York,BA (hons) social & political sciences,https://www.york.ac.uk/study/undergraduate/courses/ba-social-political-sciences/,Year 3,The Racial State,,optional
York,BA (hons) social & political sciences,https://www.york.ac.uk/study/undergraduate/courses/ba-social-political-sciences/,Year 3,AI in Society,,optional
York,BA (hons) social & political sciences,https://www.york.ac.uk/study/undergraduate/courses/ba-social-political-sciences/,Year 3,Africa and International Politics,,optional
York,BA (hons) social & political sciences,https://www.york.ac.uk/study/undergraduate/courses/ba-social-political-sciences/,Year 3,Constitution and Territorial Ideologies in Britain and Ireland,,optional
York,BA (hons) social & political sciences,https://www.york.ac.uk/study/undergraduate/courses/ba-social-political-sciences/,Year 3,India and its Neighbourhood,,optional
York,BA (hons) social & political sciences,https://www.york.ac.uk/study/undergraduate/courses/ba-social-political-sciences/,Year 3,Democracy and Emergency,,optional
York,BA (hons) social & political sciences,https://www.york.ac.uk/study/undergraduate/courses/ba-social-political-sciences/,Year 3,Development Paradigms,,optional
York,BA (hons) social & political sciences,https://www.york.ac.uk/study/undergraduate/courses/ba-social-political-sciences/,Year 3,Morality and Modern Warfare,,optional
York,BA (hons) social & political sciences,https://www.york.ac.uk/study/undergraduate/courses/ba-social-political-sciences/,Year 3,Governmentality: Michel Foucault and the Analytics of Power,,optional
York,BA (hons) social & political sciences,https://www.york.ac.uk/study/undergraduate/courses/ba-social-political-sciences/,Year 3,Green Politics,,optional
York,BA (hons) social & political sciences,https://www.york.ac.uk/study/undergraduate/courses/ba-social-political-sciences/,Year 3,International Crisis Diplomacy,,optional
York,BA (hons) social & political sciences,https://www.york.ac.uk/study/undergraduate/courses/ba-social-political-sciences/,Year 3,Political Psychology and Public Opinion,,optional
York,BA (hons) social & political sciences,https://www.york.ac.uk/study/undergraduate/courses/ba-social-political-sciences/,Year 3,Politics of Peace after Civil War,,optional
York,BA (hons) social & political sciences,https://www.york.ac.uk/study/undergraduate/courses/ba-social-political-sciences/,Year 3,The Global Food System,,optional
York,BA (hons) social & political sciences,https://www.york.ac.uk/study/undergraduate/courses/ba-social-political-sciences/,Year 3,Global Politics of Nuclear Weapons,,optional
York,BA (hons) social & political sciences,https://www.york.ac.uk/study/undergraduate/courses/ba-social-political-sciences/,Year 3,Global Sustainability and Energy Policy,,optional
York,BA (hons) social & political sciences,https://www.york.ac.uk/study/undergraduate/courses/ba-social-political-sciences/,Year 3,Political Transition in the Middle East: A Century of Conflict,,optional
York,BA (hons) social & political sciences,https://www.york.ac.uk/study/undergraduate/courses/ba-social-political-sciences/,Year 3,The Labour Party and Socialism,,optional
York,BA (hons) social & political sciences,https://www.york.ac.uk/study/undergraduate/courses/ba-social-political-sciences/,Year 3,The Politics of (Post-) Colonialism,,optional
York,BA (hons) social & political sciences,https://www.york.ac.uk/study/undergraduate/courses/ba-social-political-sciences/,Year 3,Politics of the Middle East: Regimes and societies in Transition,,optional
York,BA (hons) social & political sciences,https://www.york.ac.uk/study/undergraduate/courses/ba-social-political-sciences/,Year 3,Karl Marx,,optional
York,BA (hons) social & political sciences,https://www.york.ac.uk/study/undergraduate/courses/ba-social-political-sciences/,Year 3,Border Politics,,optional
York,BA (hons) social & political sciences,https://www.york.ac.uk/study/undergraduate/courses/ba-social-political-sciences/,Year 3,The Racial State,,optional
York,BA (hons) social & political sciences,https://www.york.ac.uk/study/undergraduate/courses/ba-social-political-sciences/,Year 3,AI in Society,,optional
York,BA (hons) social & political sciences,https://www.york.ac.uk/study/undergraduate/courses/ba-social-political-sciences/,Year 3,"Drugs: Prevalence, Policy and Practice",,optional
York,BA (hons) social & political sciences,https://www.york.ac.uk/study/undergraduate/courses/ba-social-political-sciences/,Year 3,Welfare States in Crisis,,optional
York,BA (hons) social & political sciences,https://www.york.ac.uk/study/undergraduate/courses/ba-social-political-sciences/,Year 3,Policing and The Police,,optional
York,BA (hons) social & political sciences,https://www.york.ac.uk/study/undergraduate/courses/ba-social-political-sciences/,Year 3,Housing and Homelessness: Overcoming Inequality,,optional
York,BA (hons) social & political sciences,https://www.york.ac.uk/study/undergraduate/courses/ba-social-political-sciences/,Year 3,Prisons and Penal Policy,,optional
York,BA (hons) social & political sciences,https://www.york.ac.uk/study/undergraduate/courses/ba-social-political-sciences/,Year 3,Wellbeing of Children and Young People,,optional
York,BA (hons) social & political sciences,https://www.york.ac.uk/study/undergraduate/courses/ba-social-political-sciences/,Year 3,"Vulnerability, Deviance and Social Control",,optional
York,BA (hons) social & political sciences,https://www.york.ac.uk/study/undergraduate/courses/ba-social-political-sciences/,Year 3,"Migration, Immigration and Social Policy",,optional
York,BA (hons) social & political sciences,https://www.york.ac.uk/study/undergraduate/courses/ba-social-political-sciences/,Year 3,"Gender, Violence and Justice",,optional
York,BA (hons) social & political sciences,https://www.york.ac.uk/study/undergraduate/courses/ba-social-political-sciences/,Year 3,"Environmental Justice, Harm and Policy",,optional
York,BA (hons) social & political sciences,https://www.york.ac.uk/study/undergraduate/courses/ba-social-political-sciences/,Year 3,Left Behind Places,,optional
York,BA (hons) social & political sciences,https://www.york.ac.uk/study/undergraduate/courses/ba-social-political-sciences/,Year 3,Global Social Problems,,optional
York,BA (hons) social & political sciences,https://www.york.ac.uk/study/undergraduate/courses/ba-social-political-sciences/,Year 3,Crime and Justice in the Online Space,,optional
York,BA (hons) social & political sciences,https://www.york.ac.uk/study/undergraduate/courses/ba-social-political-sciences/,Year 3,"Stigma, Power and Resistance",,optional
York,BA (hons) social & political sciences,https://www.york.ac.uk/study/undergraduate/courses/ba-social-political-sciences/,Year 3,Explore global opportunities,,optional
York,BA (hons) social & political sciences,https://www.york.ac.uk/study/undergraduate/courses/ba-social-political-sciences/,Year 3,Explore placement years opportunities,,optional
York,BA (hons) social & political sciences,https://www.york.ac.uk/study/undergraduate/courses/ba-social-political-sciences/,Year 3,Synthesise and communicate complex information and arguments to diverse audiences in appropriate formats.,,optional
York,BA (hons) social & political sciences,https://www.york.ac.uk/study/undergraduate/courses/ba-social-political-sciences/,Year 3,"Work collaboratively, constructively and creatively in teams in a manner which values difference and recognises diverse needs, views and values.",,optional
Liverpool,BA (hons) politics,https://www.liverpool.ac.uk/courses/2025/politics-ba-hons,Year 1,Students take 60 credits of required modules in each semester.,60,
Liverpool,BA (hons) politics,https://www.liverpool.ac.uk/courses/2025/politics-ba-hons,Year 1,"POLI105 is a year-long module, representing 15 credits per semester.",15,
Liverpool,BA (hons) politics,https://www.liverpool.ac.uk/courses/2025/politics-ba-hons,Year 1,Students take 60 credits of optional modules in each semester.,60,
Liverpool,BA (hons) politics,https://www.liverpool.ac.uk/courses/2025/politics-ba-hons,Year 1,Students take 60 credits of optional modules in each semester.,60,
Liverpool,BA (hons) politics,https://www.liverpool.ac.uk/courses/2025/politics-ba-hons,Year 1,POLI401 is a year-long module and represents 15 credits in each semester.,15,
Sussex,BA (hons) international relations,https://www.sussex.ac.uk/study/undergraduate/courses/international-relations-ba,Year 3,70%-80% from ISC Indian School certificate of Education (CISCE),,
Sussex,BA (hons) international relations,https://www.sussex.ac.uk/study/undergraduate/courses/international-relations-ba,Year 3,70%-80% from SSC All India Senior School Certificate Examination (CBSE),,
Sussex,BA (hons) international relations,https://www.sussex.ac.uk/study/undergraduate/courses/international-relations-ba,Year 3,70%-80% Maharashtra HSC Higher Secondary Certificate,,
Sussex,BA (hons) international relations,https://www.sussex.ac.uk/study/undergraduate/courses/international-relations-ba,Year 3,70%-80% Tamil Nadu Board of Higher Secondary Education,,
Sussex,BA (hons) international relations,https://www.sussex.ac.uk/study/undergraduate/courses/international-relations-ba,Year 3,70%-80% Karnataka Secondary Education Examination Board,,
Sussex,BA (hons) international relations,https://www.sussex.ac.uk/study/undergraduate/courses/international-relations-ba,Year 3,70%-80% Telangana State Board of Secondary Education,,
Sussex,BA (hons) international relations,https://www.sussex.ac.uk/study/undergraduate/courses/international-relations-ba,Year 3,70%-80% Kerala Board of Higher Secondary Education,,
Sussex,BA (hons) international relations,https://www.sussex.ac.uk/study/undergraduate/courses/international-relations-ba,Year 3,80% Andhra Pradesh Board of Secondary Education,,
Sussex,BA (hons) international relations,https://www.sussex.ac.uk/study/undergraduate/courses/international-relations-ba,Year 3,80% Bihar School Examination Board,,
Sussex,BA (hons) international relations,https://www.sussex.ac.uk/study/undergraduate/courses/international-relations-ba,Year 3,80% Gujarat Secondary and Higher Secondary Education Board,,
Sussex,BA (hons) international relations,https://www.sussex.ac.uk/study/undergraduate/courses/international-relations-ba,Year 3,70% West Bengal Council of Higher Secondary Education,,
Sussex,BA (hons) international relations,https://www.sussex.ac.uk/study/undergraduate/courses/international-relations-ba,Year 3,Higher National Diploma,,
Sussex,BA (hons) international relations,https://www.sussex.ac.uk/study/undergraduate/courses/international-relations-ba,Year 3,One year at a recognised Nigerian University,,
Sussex,BA (hons) international relations,https://www.sussex.ac.uk/study/undergraduate/courses/international-relations-ba,Year 3,Professional Diploma (Part IV) from the Institute of Medical Laboratory Technology of Nigeria,,
Sussex,BA (hons) international relations,https://www.sussex.ac.uk/study/undergraduate/courses/international-relations-ba,Year 3,Advanced Diploma,,
Sussex,BA (hons) international relations,https://www.sussex.ac.uk/study/undergraduate/courses/international-relations-ba,Year 3,"Fullstandigt Slutbetyg/Högskoleförberedande Examen with a total of 2,500 credits to include B grades in the majority of subjects.",500,
Sussex,BA (hons) international relations,https://www.sussex.ac.uk/study/undergraduate/courses/international-relations-ba,Year 3,Antigua and Barbuda,,
Sussex,BA (hons) international relations,https://www.sussex.ac.uk/study/undergraduate/courses/international-relations-ba,Year 3,Australia,,
Sussex,BA (hons) international relations,https://www.sussex.ac.uk/study/undergraduate/courses/international-relations-ba,Year 3,Bahamas,,
Sussex,BA (hons) international relations,https://www.sussex.ac.uk/study/undergraduate/courses/international-relations-ba,Year 3,Barbados,,
Sussex,BA (hons) international relations,https://www.sussex.ac.uk/study/undergraduate/courses/international-relations-ba,Year 3,Belize,,
Sussex,BA (hons) international relations,https://www.sussex.ac.uk/study/undergraduate/courses/international-relations-ba,Year 3,Canada**,,
Sussex,BA (hons) international relations,https://www.sussex.ac.uk/study/undergraduate/courses/international-relations-ba,Year 3,Dominica,,
Sussex,BA (hons) international relations,https://www.sussex.ac.uk/study/undergraduate/courses/international-relations-ba,Year 3,Grenada,,
Sussex,BA (hons) international relations,https://www.sussex.ac.uk/study/undergraduate/courses/international-relations-ba,Year 3,Guyana,,
Sussex,BA (hons) international relations,https://www.sussex.ac.uk/study/undergraduate/courses/international-relations-ba,Year 3,Ireland,,
Sussex,BA (hons) international relations,https://www.sussex.ac.uk/study/undergraduate/courses/international-relations-ba,Year 3,Jamaica,,
Sussex,BA (hons) international relations,https://www.sussex.ac.uk/study/undergraduate/courses/international-relations-ba,Year 3,New Zealand,,
Sussex,BA (hons) international relations,https://www.sussex.ac.uk/study/undergraduate/courses/international-relations-ba,Year 3,St Kitts and Nevis,,
Sussex,BA (hons) international relations,https://www.sussex.ac.uk/study/undergraduate/courses/international-relations-ba,Year 3,St Lucia,,
Sussex,BA (hons) international relations,https://www.sussex.ac.uk/study/undergraduate/courses/international-relations-ba,Year 3,St Vincent and the Grenadines,,
Sussex,BA (hons) international relations,https://www.sussex.ac.uk/study/undergraduate/courses/international-relations-ba,Year 3,Trinidad and Tobago,,
Sussex,BA (hons) international relations,https://www.sussex.ac.uk/study/undergraduate/courses/international-relations-ba,Year 3,United Kingdom,,
Sussex,BA (hons) international relations with a language,https://www.sussex.ac.uk/study/undergraduate/courses/international-relations-with-a-language-ba,Year 3,70%-80% from ISC Indian School certificate of Education (CISCE),,
Sussex,BA (hons) international relations with a language,https://www.sussex.ac.uk/study/undergraduate/courses/international-relations-with-a-language-ba,Year 3,70%-80% from SSC All India Senior School Certificate Examination (CBSE),,
Sussex,BA (hons) international relations with a language,https://www.sussex.ac.uk/study/undergraduate/courses/international-relations-with-a-language-ba,Year 3,70%-80% Maharashtra HSC Higher Secondary Certificate,,
Sussex,BA (hons) international relations with a language,https://www.sussex.ac.uk/study/undergraduate/courses/international-relations-with-a-language-ba,Year 3,70%-80% Tamil Nadu Board of Higher Secondary Education,,
Sussex,BA (hons) international relations with a language,https://www.sussex.ac.uk/study/undergraduate/courses/international-relations-with-a-language-ba,Year 3,70%-80% Karnataka Secondary Education Examination Board,,
Sussex,BA (hons) international relations with a language,https://www.sussex.ac.uk/study/undergraduate/courses/international-relations-with-a-language-ba,Year 3,70%-80% Telangana State Board of Secondary Education,,
Sussex,BA (hons) international relations with a language,https://www.sussex.ac.uk/study/undergraduate/courses/international-relations-with-a-language-ba,Year 3,70%-80% Kerala Board of Higher Secondary Education,,
Sussex,BA (hons) international relations with a language,https://www.sussex.ac.uk/study/undergraduate/courses/international-relations-with-a-language-ba,Year 3,80% Andhra Pradesh Board of Secondary Education,,
Sussex,BA (hons) international relations with a language,https://www.sussex.ac.uk/study/undergraduate/courses/international-relations-with-a-language-ba,Year 3,80% Bihar School Examination Board,,
Sussex,BA (hons) international relations with a language,https://www.sussex.ac.uk/study/undergraduate/courses/international-relations-with-a-language-ba,Year 3,80% Gujarat Secondary and Higher Secondary Education Board,,
Sussex,BA (hons) international relations with a language,https://www.sussex.ac.uk/study/undergraduate/courses/international-relations-with-a-language-ba,Year 3,70% West Bengal Council of Higher Secondary Education,,
Sussex,BA (hons) international relations with a language,https://www.sussex.ac.uk/study/undergraduate/courses/international-relations-with-a-language-ba,Year 3,Higher National Diploma,,
Sussex,BA (hons) international relations with a language,https://www.sussex.ac.uk/study/undergraduate/courses/international-relations-with-a-language-ba,Year 3,One year at a recognised Nigerian University,,
Sussex,BA (hons) international relations with a language,https://www.sussex.ac.uk/study/undergraduate/courses/international-relations-with-a-language-ba,Year 3,Professional Diploma (Part IV) from the Institute of Medical Laboratory Technology of Nigeria,,
Sussex,BA (hons) international relations with a language,https://www.sussex.ac.uk/study/undergraduate/courses/international-relations-with-a-language-ba,Year 3,Advanced Diploma,,
Sussex,BA (hons) international relations with a language,https://www.sussex.ac.uk/study/undergraduate/courses/international-relations-with-a-language-ba,Year 3,"Fullstandigt Slutbetyg/Högskoleförberedande Examen with a total of 2,500 credits to include B grades in the majority of subjects.",500,
Sussex,BA (hons) international relations with a language,https://www.sussex.ac.uk/study/undergraduate/courses/international-relations-with-a-language-ba,Year 3,Antigua and Barbuda,,
Sussex,BA (hons) international relations with a language,https://www.sussex.ac.uk/study/undergraduate/courses/international-relations-with-a-language-ba,Year 3,Australia,,
Sussex,BA (hons) international relations with a language,https://www.sussex.ac.uk/study/undergraduate/courses/international-relations-with-a-language-ba,Year 3,Bahamas,,
Sussex,BA (hons) international relations with a language,https://www.sussex.ac.uk/study/undergraduate/courses/international-relations-with-a-language-ba,Year 3,Barbados,,
Sussex,BA (hons) international relations with a language,https://www.sussex.ac.uk/study/undergraduate/courses/international-relations-with-a-language-ba,Year 3,Belize,,
Sussex,BA (hons) international relations with a language,https://www.sussex.ac.uk/study/undergraduate/courses/international-relations-with-a-language-ba,Year 3,Canada**,,
Sussex,BA (hons) international relations with a language,https://www.sussex.ac.uk/study/undergraduate/courses/international-relations-with-a-language-ba,Year 3,Dominica,,
Sussex,BA (hons) international relations with a language,https://www.sussex.ac.uk/study/undergraduate/courses/international-relations-with-a-language-ba,Year 3,Grenada,,
Sussex,BA (hons) international relations with a language,https://www.sussex.ac.uk/study/undergraduate/courses/international-relations-with-a-language-ba,Year 3,Guyana,,
Sussex,BA (hons) international relations with a language,https://www.sussex.ac.uk/study/undergraduate/courses/international-relations-with-a-language-ba,Year 3,Ireland,,
Sussex,BA (hons) international relations with a language,https://www.sussex.ac.uk/study/undergraduate/courses/international-relations-with-a-language-ba,Year 3,Jamaica,,
Sussex,BA (hons) international relations with a language,https://www.sussex.ac.uk/study/undergraduate/courses/international-relations-with-a-language-ba,Year 3,New Zealand,,
Sussex,BA (hons) international relations with a language,https://www.sussex.ac.uk/study/undergraduate/courses/international-relations-with-a-language-ba,Year 3,St Kitts and Nevis,,
Sussex,BA (hons) international relations with a language,https://www.sussex.ac.uk/study/undergraduate/courses/international-relations-with-a-language-ba,Year 3,St Lucia,,
Sussex,BA (hons) international relations with a language,https://www.sussex.ac.uk/study/undergraduate/courses/international-relations-with-a-language-ba,Year 3,St Vincent and the Grenadines,,
Sussex,BA (hons) international relations with a language,https://www.sussex.ac.uk/study/undergraduate/courses/international-relations-with-a-language-ba,Year 3,Trinidad and Tobago,,
Sussex,BA (hons) international relations with a language,https://www.sussex.ac.uk/study/undergraduate/courses/international-relations-with-a-language-ba,Year 3,United Kingdom,,
Sussex,BA (hons) international relations & sociology,https://www.sussex.ac.uk/study/undergraduate/courses/international-relations-and-sociology-ba,Year 3,70%-80% from ISC Indian School certificate of Education (CISCE),,
Sussex,BA (hons) international relations & sociology,https://www.sussex.ac.uk/study/undergraduate/courses/international-relations-and-sociology-ba,Year 3,70%-80% from SSC All India Senior School Certificate Examination (CBSE),,
Sussex,BA (hons) international relations & sociology,https://www.sussex.ac.uk/study/undergraduate/courses/international-relations-and-sociology-ba,Year 3,70%-80% Maharashtra HSC Higher Secondary Certificate,,
Sussex,BA (hons) international relations & sociology,https://www.sussex.ac.uk/study/undergraduate/courses/international-relations-and-sociology-ba,Year 3,70%-80% Tamil Nadu Board of Higher Secondary Education,,
Sussex,BA (hons) international relations & sociology,https://www.sussex.ac.uk/study/undergraduate/courses/international-relations-and-sociology-ba,Year 3,70%-80% Karnataka Secondary Education Examination Board,,
Sussex,BA (hons) international relations & sociology,https://www.sussex.ac.uk/study/undergraduate/courses/international-relations-and-sociology-ba,Year 3,70%-80% Telangana State Board of Secondary Education,,
Sussex,BA (hons) international relations & sociology,https://www.sussex.ac.uk/study/undergraduate/courses/international-relations-and-sociology-ba,Year 3,70%-80% Kerala Board of Higher Secondary Education,,
Sussex,BA (hons) international relations & sociology,https://www.sussex.ac.uk/study/undergraduate/courses/international-relations-and-sociology-ba,Year 3,80% Andhra Pradesh Board of Secondary Education,,
Sussex,BA (hons) international relations & sociology,https://www.sussex.ac.uk/study/undergraduate/courses/international-relations-and-sociology-ba,Year 3,80% Bihar School Examination Board,,
Sussex,BA (hons) international relations & sociology,https://www.sussex.ac.uk/study/undergraduate/courses/international-relations-and-sociology-ba,Year 3,80% Gujarat Secondary and Higher Secondary Education Board,,
Sussex,BA (hons) international relations & sociology,https://www.sussex.ac.uk/study/undergraduate/courses/international-relations-and-sociology-ba,Year 3,70% West Bengal Council of Higher Secondary Education,,
Sussex,BA (hons) international relations & sociology,https://www.sussex.ac.uk/study/undergraduate/courses/international-relations-and-sociology-ba,Year 3,Higher National Diploma,,
Sussex,BA (hons) international relations & sociology,https://www.sussex.ac.uk/study/undergraduate/courses/international-relations-and-sociology-ba,Year 3,One year at a recognised Nigerian University,,
Sussex,BA (hons) international relations & sociology,https://www.sussex.ac.uk/study/undergraduate/courses/international-relations-and-sociology-ba,Year 3,Professional Diploma (Part IV) from the Institute of Medical Laboratory Technology of Nigeria,,
Sussex,BA (hons) international relations & sociology,https://www.sussex.ac.uk/study/undergraduate/courses/international-relations-and-sociology-ba,Year 3,Advanced Diploma,,
Sussex,BA (hons) international relations & sociology,https://www.sussex.ac.uk/study/undergraduate/courses/international-relations-and-sociology-ba,Year 3,"Fullstandigt Slutbetyg/Högskoleförberedande Examen with a total of 2,500 credits to include B grades in the majority of subjects.",500,
Sussex,BA (hons) international relations & sociology,https://www.sussex.ac.uk/study/undergraduate/courses/international-relations-and-sociology-ba,Year 3,Antigua and Barbuda,,
Sussex,BA (hons) international relations & sociology,https://www.sussex.ac.uk/study/undergraduate/courses/international-relations-and-sociology-ba,Year 3,Australia,,
Sussex,BA (hons) international relations & sociology,https://www.sussex.ac.uk/study/undergraduate/courses/international-relations-and-sociology-ba,Year 3,Bahamas,,
Sussex,BA (hons) international relations & sociology,https://www.sussex.ac.uk/study/undergraduate/courses/international-relations-and-sociology-ba,Year 3,Barbados,,
Sussex,BA (hons) international relations & sociology,https://www.sussex.ac.uk/study/undergraduate/courses/international-relations-and-sociology-ba,Year 3,Belize,,
Sussex,BA (hons) international relations & sociology,https://www.sussex.ac.uk/study/undergraduate/courses/international-relations-and-sociology-ba,Year 3,Canada**,,
Sussex,BA (hons) international relations & sociology,https://www.sussex.ac.uk/study/undergraduate/courses/international-relations-and-sociology-ba,Year 3,Dominica,,
Sussex,BA (hons) international relations & sociology,https://www.sussex.ac.uk/study/undergraduate/courses/international-relations-and-sociology-ba,Year 3,Grenada,,
Sussex,BA (hons) international relations & sociology,https://www.sussex.ac.uk/study/undergraduate/courses/international-relations-and-sociology-ba,Year 3,Guyana,,
Sussex,BA (hons) international relations & sociology,https://www.sussex.ac.uk/study/undergraduate/courses/international-relations-and-sociology-ba,Year 3,Ireland,,
Sussex,BA (hons) international relations & sociology,https://www.sussex.ac.uk/study/undergraduate/courses/international-relations-and-sociology-ba,Year 3,Jamaica,,
Sussex,BA (hons) international relations & sociology,https://www.sussex.ac.uk/study/undergraduate/courses/international-relations-and-sociology-ba,Year 3,New Zealand,,
Sussex,BA (hons) international relations & sociology,https://www.sussex.ac.uk/study/undergraduate/courses/international-relations-and-sociology-ba,Year 3,St Kitts and Nevis,,
Sussex,BA (hons) international relations & sociology,https://www.sussex.ac.uk/study/undergraduate/courses/international-relations-and-sociology-ba,Year 3,St Lucia,,
Sussex,BA (hons) international relations & sociology,https://www.sussex.ac.uk/study/undergraduate/courses/international-relations-and-sociology-ba,Year 3,St Vincent and the Grenadines,,
Sussex,BA (hons) international relations & sociology,https://www.sussex.ac.uk/study/undergraduate/courses/international-relations-and-sociology-ba,Year 3,Trinidad and Tobago,,
Sussex,BA (hons) international relations & sociology,https://www.sussex.ac.uk/study/undergraduate/courses/international-relations-and-sociology-ba,Year 3,United Kingdom,,
Sussex,BA (hons) politics & international relations,https://www.sussex.ac.uk/study/undergraduate/courses/politics-and-international-relations-ba,Year 3,70%-80% from ISC Indian School certificate of Education (CISCE),,
Sussex,BA (hons) politics & international relations,https://www.sussex.ac.uk/study/undergraduate/courses/politics-and-international-relations-ba,Year 3,70%-80% from SSC All India Senior School Certificate Examination (CBSE),,
Sussex,BA (hons) politics & international relations,https://www.sussex.ac.uk/study/undergraduate/courses/politics-and-international-relations-ba,Year 3,70%-80% Maharashtra HSC Higher Secondary Certificate,,
Sussex,BA (hons) politics & international relations,https://www.sussex.ac.uk/study/undergraduate/courses/politics-and-international-relations-ba,Year 3,70%-80% Tamil Nadu Board of Higher Secondary Education,,
Sussex,BA (hons) politics & international relations,https://www.sussex.ac.uk/study/undergraduate/courses/politics-and-international-relations-ba,Year 3,70%-80% Karnataka Secondary Education Examination Board,,
Sussex,BA (hons) politics & international relations,https://www.sussex.ac.uk/study/undergraduate/courses/politics-and-international-relations-ba,Year 3,70%-80% Telangana State Board of Secondary Education,,
Sussex,BA (hons) politics & international relations,https://www.sussex.ac.uk/study/undergraduate/courses/politics-and-international-relations-ba,Year 3,70%-80% Kerala Board of Higher Secondary Education,,
Sussex,BA (hons) politics & international relations,https://www.sussex.ac.uk/study/undergraduate/courses/politics-and-international-relations-ba,Year 3,80% Andhra Pradesh Board of Secondary Education,,
Sussex,BA (hons) politics & international relations,https://www.sussex.ac.uk/study/undergraduate/courses/politics-and-international-relations-ba,Year 3,80% Bihar School Examination Board,,
Sussex,BA (hons) politics & international relations,https://www.sussex.ac.uk/study/undergraduate/courses/politics-and-international-relations-ba,Year 3,80% Gujarat Secondary and Higher Secondary Education Board,,
Sussex,BA (hons) politics & international relations,https://www.sussex.ac.uk/study/undergraduate/courses/politics-and-international-relations-ba,Year 3,70% West Bengal Council of Higher Secondary Education,,
Sussex,BA (hons) politics & international relations,https://www.sussex.ac.uk/study/undergraduate/courses/politics-and-international-relations-ba,Year 3,Higher National Diploma,,
Sussex,BA (hons) politics & international relations,https://www.sussex.ac.uk/study/undergraduate/courses/politics-and-international-relations-ba,Year 3,One year at a recognised Nigerian University,,
Sussex,BA (hons) politics & international relations,https://www.sussex.ac.uk/study/undergraduate/courses/politics-and-international-relations-ba,Year 3,Professional Diploma (Part IV) from the Institute of Medical Laboratory Technology of Nigeria,,
Sussex,BA (hons) politics & international relations,https://www.sussex.ac.uk/study/undergraduate/courses/politics-and-international-relations-ba,Year 3,Advanced Diploma,,
Sussex,BA (hons) politics & international relations,https://www.sussex.ac.uk/study/undergraduate/courses/politics-and-international-relations-ba,Year 3,"Fullstandigt Slutbetyg/Högskoleförberedande Examen with a total of 2,500 credits to include B grades in the majority of subjects.",500,
Sussex,BA (hons) politics & international relations,https://www.sussex.ac.uk/study/undergraduate/courses/politics-and-international-relations-ba,Year 3,Antigua and Barbuda,,
Sussex,BA (hons) politics & international relations,https://www.sussex.ac.uk/study/undergraduate/courses/politics-and-international-relations-ba,Year 3,Australia,,
Sussex,BA (hons) politics & international relations,https://www.sussex.ac.uk/study/undergraduate/courses/politics-and-international-relations-ba,Year 3,Bahamas,,
Sussex,BA (hons) politics & international relations,https://www.sussex.ac.uk/study/undergraduate/courses/politics-and-international-relations-ba,Year 3,Barbados,,
Sussex,BA (hons) politics & international relations,https://www.sussex.ac.uk/study/undergraduate/courses/politics-and-international-relations-ba,Year 3,Belize,,
Sussex,BA (hons) politics & international relations,https://www.sussex.ac.uk/study/undergraduate/courses/politics-and-international-relations-ba,Year 3,Canada**,,
Sussex,BA (hons) politics & international relations,https://www.sussex.ac.uk/study/undergraduate/courses/politics-and-international-relations-ba,Year 3,Dominica,,
Sussex,BA (hons) politics & international relations,https://www.sussex.ac.uk/study/undergraduate/courses/politics-and-international-relations-ba,Year 3,Grenada,,
Sussex,BA (hons) politics & international relations,https://www.sussex.ac.uk/study/undergraduate/courses/politics-and-international-relations-ba,Year 3,Guyana,,
Sussex,BA (hons) politics & international relations,https://www.sussex.ac.uk/study/undergraduate/courses/politics-and-international-relations-ba,Year 3,Ireland,,
Sussex,BA (hons) politics & international relations,https://www.sussex.ac.uk/study/undergraduate/courses/politics-and-international-relations-ba,Year 3,Jamaica,,
Sussex,BA (hons) politics & international relations,https://www.sussex.ac.uk/study/undergraduate/courses/politics-and-international-relations-ba,Year 3,New Zealand,,
Sussex,BA (hons) politics & international relations,https://www.sussex.ac.uk/study/undergraduate/courses/politics-and-international-relations-ba,Year 3,St Kitts and Nevis,,
Sussex,BA (hons) politics & international relations,https://www.sussex.ac.uk/study/undergraduate/courses/politics-and-international-relations-ba,Year 3,St Lucia,,
Sussex,BA (hons) politics & international relations,https://www.sussex.ac.uk/study/undergraduate/courses/politics-and-international-relations-ba,Year 3,St Vincent and the Grenadines,,
Sussex,BA (hons) politics & international relations,https://www.sussex.ac.uk/study/undergraduate/courses/politics-and-international-relations-ba,Year 3,Trinidad and Tobago,,
Sussex,BA (hons) politics & international relations,https://www.sussex.ac.uk/study/undergraduate/courses/politics-and-international-relations-ba,Year 3,United Kingdom,,
Sussex,BA (hons) international development,https://www.sussex.ac.uk/study/undergraduate/courses/international-development-ba,Year 2,practice-based modules that foster learning by doing,,
Sussex,BA (hons) international development,https://www.sussex.ac.uk/study/undergraduate/courses/international-development-ba,Year 2,creative workshops to apply your learning to re-imagining development,,
Sussex,BA (hons) international development,https://www.sussex.ac.uk/study/undergraduate/courses/international-development-ba,Year 2,"guest talks by development practitioners and activists, as well as visits from alumni to learn from their work.",,
Sussex,BA (hons) international development,https://www.sussex.ac.uk/study/undergraduate/courses/international-development-ba,Year 3,70%-80% from ISC Indian School certificate of Education (CISCE),,
Sussex,BA (hons) international development,https://www.sussex.ac.uk/study/undergraduate/courses/international-development-ba,Year 3,70%-80% from SSC All India Senior School Certificate Examination (CBSE),,
Sussex,BA (hons) international development,https://www.sussex.ac.uk/study/undergraduate/courses/international-development-ba,Year 3,70%-80% Maharashtra HSC Higher Secondary Certificate,,
Sussex,BA (hons) international development,https://www.sussex.ac.uk/study/undergraduate/courses/international-development-ba,Year 3,70%-80% Tamil Nadu Board of Higher Secondary Education,,
Sussex,BA (hons) international development,https://www.sussex.ac.uk/study/undergraduate/courses/international-development-ba,Year 3,70%-80% Karnataka Secondary Education Examination Board,,
Sussex,BA (hons) international development,https://www.sussex.ac.uk/study/undergraduate/courses/international-development-ba,Year 3,70%-80% Telangana State Board of Secondary Education,,
Sussex,BA (hons) international development,https://www.sussex.ac.uk/study/undergraduate/courses/international-development-ba,Year 3,70%-80% Kerala Board of Higher Secondary Education,,
Sussex,BA (hons) international development,https://www.sussex.ac.uk/study/undergraduate/courses/international-development-ba,Year 3,80% Andhra Pradesh Board of Secondary Education,,
Sussex,BA (hons) international development,https://www.sussex.ac.uk/study/undergraduate/courses/international-development-ba,Year 3,80% Bihar School Examination Board,,
Sussex,BA (hons) international development,https://www.sussex.ac.uk/study/undergraduate/courses/international-development-ba,Year 3,80% Gujarat Secondary and Higher Secondary Education Board,,
Sussex,BA (hons) international development,https://www.sussex.ac.uk/study/undergraduate/courses/international-development-ba,Year 3,70% West Bengal Council of Higher Secondary Education,,
Sussex,BA (hons) international development,https://www.sussex.ac.uk/study/undergraduate/courses/international-development-ba,Year 3,Higher National Diploma,,
Sussex,BA (hons) international development,https://www.sussex.ac.uk/study/undergraduate/courses/international-development-ba,Year 3,One year at a recognised Nigerian University,,
Sussex,BA (hons) international development,https://www.sussex.ac.uk/study/undergraduate/courses/international-development-ba,Year 3,Professional Diploma (Part IV) from the Institute of Medical Laboratory Technology of Nigeria,,
Sussex,BA (hons) international development,https://www.sussex.ac.uk/study/undergraduate/courses/international-development-ba,Year 3,Advanced Diploma,,
Sussex,BA (hons) international development,https://www.sussex.ac.uk/study/undergraduate/courses/international-development-ba,Year 3,"Fullstandigt Slutbetyg/Högskoleförberedande Examen with a total of 2,500 credits to include B grades in the majority of subjects.",500,
Sussex,BA (hons) international development,https://www.sussex.ac.uk/study/undergraduate/courses/international-development-ba,Year 3,Antigua and Barbuda,,
Sussex,BA (hons) international development,https://www.sussex.ac.uk/study/undergraduate/courses/international-development-ba,Year 3,Australia,,
Sussex,BA (hons) international development,https://www.sussex.ac.uk/study/undergraduate/courses/international-development-ba,Year 3,Bahamas,,
Sussex,BA (hons) international development,https://www.sussex.ac.uk/study/undergraduate/courses/international-development-ba,Year 3,Barbados,,
Sussex,BA (hons) international development,https://www.sussex.ac.uk/study/undergraduate/courses/international-development-ba,Year 3,Belize,,
Sussex,BA (hons) international development,https://www.sussex.ac.uk/study/undergraduate/courses/international-development-ba,Year 3,Canada**,,
Sussex,BA (hons) international development,https://www.sussex.ac.uk/study/undergraduate/courses/international-development-ba,Year 3,Dominica,,
Sussex,BA (hons) international development,https://www.sussex.ac.uk/study/undergraduate/courses/international-development-ba,Year 3,Grenada,,
Sussex,BA (hons) international development,https://www.sussex.ac.uk/study/undergraduate/courses/international-development-ba,Year 3,Guyana,,
Sussex,BA (hons) international development,https://www.sussex.ac.uk/study/undergraduate/courses/international-development-ba,Year 3,Ireland,,
Sussex,BA (hons) international development,https://www.sussex.ac.uk/study/undergraduate/courses/international-development-ba,Year 3,Jamaica,,
Sussex,BA (hons) international development,https://www.sussex.ac.uk/study/undergraduate/courses/international-development-ba,Year 3,New Zealand,,
Sussex,BA (hons) international development,https://www.sussex.ac.uk/study/undergraduate/courses/international-development-ba,Year 3,St Kitts and Nevis,,
Sussex,BA (hons) international development,https://www.sussex.ac.uk/study/undergraduate/courses/international-development-ba,Year 3,St Lucia,,
Sussex,BA (hons) international development,https://www.sussex.ac.uk/study/undergraduate/courses/international-development-ba,Year 3,St Vincent and the Grenadines,,
Sussex,BA (hons) international development,https://www.sussex.ac.uk/study/undergraduate/courses/international-development-ba,Year 3,Trinidad and Tobago,,
Sussex,BA (hons) international development,https://www.sussex.ac.uk/study/undergraduate/courses/international-development-ba,Year 3,United Kingdom,,
Sussex,BA (hons) international development with a language,https://www.sussex.ac.uk/study/undergraduate/courses/international-development-with-a-language-ba,Year 3,70%-80% from ISC Indian School certificate of Education (CISCE),,
Sussex,BA (hons) international development with a language,https://www.sussex.ac.uk/study/undergraduate/courses/international-development-with-a-language-ba,Year 3,70%-80% from SSC All India Senior School Certificate Examination (CBSE),,
Sussex,BA (hons) international development with a language,https://www.sussex.ac.uk/study/undergraduate/courses/international-development-with-a-language-ba,Year 3,70%-80% Maharashtra HSC Higher Secondary Certificate,,
Sussex,BA (hons) international development with a language,https://www.sussex.ac.uk/study/undergraduate/courses/international-development-with-a-language-ba,Year 3,70%-80% Tamil Nadu Board of Higher Secondary Education,,
Sussex,BA (hons) international development with a language,https://www.sussex.ac.uk/study/undergraduate/courses/international-development-with-a-language-ba,Year 3,70%-80% Karnataka Secondary Education Examination Board,,
Sussex,BA (hons) international development with a language,https://www.sussex.ac.uk/study/undergraduate/courses/international-development-with-a-language-ba,Year 3,70%-80% Telangana State Board of Secondary Education,,
Sussex,BA (hons) international development with a language,https://www.sussex.ac.uk/study/undergraduate/courses/international-development-with-a-language-ba,Year 3,70%-80% Kerala Board of Higher Secondary Education,,
Sussex,BA (hons) international development with a language,https://www.sussex.ac.uk/study/undergraduate/courses/international-development-with-a-language-ba,Year 3,80% Andhra Pradesh Board of Secondary Education,,
Sussex,BA (hons) international development with a language,https://www.sussex.ac.uk/study/undergraduate/courses/international-development-with-a-language-ba,Year 3,80% Bihar School Examination Board,,
Sussex,BA (hons) international development with a language,https://www.sussex.ac.uk/study/undergraduate/courses/international-development-with-a-language-ba,Year 3,80% Gujarat Secondary and Higher Secondary Education Board,,
Sussex,BA (hons) international development with a language,https://www.sussex.ac.uk/study/undergraduate/courses/international-development-with-a-language-ba,Year 3,70% West Bengal Council of Higher Secondary Education,,
Sussex,BA (hons) international development with a language,https://www.sussex.ac.uk/study/undergraduate/courses/international-development-with-a-language-ba,Year 3,Higher National Diploma,,
Sussex,BA (hons) international development with a language,https://www.sussex.ac.uk/study/undergraduate/courses/international-development-with-a-language-ba,Year 3,One year at a recognised Nigerian University,,
Sussex,BA (hons) international development with a language,https://www.sussex.ac.uk/study/undergraduate/courses/international-development-with-a-language-ba,Year 3,Professional Diploma (Part IV) from the Institute of Medical Laboratory Technology of Nigeria,,
Sussex,BA (hons) international development with a language,https://www.sussex.ac.uk/study/undergraduate/courses/international-development-with-a-language-ba,Year 3,Advanced Diploma,,
Sussex,BA (hons) international development with a language,https://www.sussex.ac.uk/study/undergraduate/courses/international-development-with-a-language-ba,Year 3,"Fullstandigt Slutbetyg/Högskoleförberedande Examen with a total of 2,500 credits to include B grades in the majority of subjects.",500,
Sussex,BA (hons) international development with a language,https://www.sussex.ac.uk/study/undergraduate/courses/international-development-with-a-language-ba,Year 3,Antigua and Barbuda,,
Sussex,BA (hons) international development with a language,https://www.sussex.ac.uk/study/undergraduate/courses/international-development-with-a-language-ba,Year 3,Australia,,
Sussex,BA (hons) international development with a language,https://www.sussex.ac.uk/study/undergraduate/courses/international-development-with-a-language-ba,Year 3,Bahamas,,
Sussex,BA (hons) international development with a language,https://www.sussex.ac.uk/study/undergraduate/courses/international-development-with-a-language-ba,Year 3,Barbados,,
Sussex,BA (hons) international development with a language,https://www.sussex.ac.uk/study/undergraduate/courses/international-development-with-a-language-ba,Year 3,Belize,,
Sussex,BA (hons) international development with a language,https://www.sussex.ac.uk/study/undergraduate/courses/international-development-with-a-language-ba,Year 3,Canada**,,
Sussex,BA (hons) international development with a language,https://www.sussex.ac.uk/study/undergraduate/courses/international-development-with-a-language-ba,Year 3,Dominica,,
Sussex,BA (hons) international development with a language,https://www.sussex.ac.uk/study/undergraduate/courses/international-development-with-a-language-ba,Year 3,Grenada,,
Sussex,BA (hons) international development with a language,https://www.sussex.ac.uk/study/undergraduate/courses/international-development-with-a-language-ba,Year 3,Guyana,,
Sussex,BA (hons) international development with a language,https://www.sussex.ac.uk/study/undergraduate/courses/international-development-with-a-language-ba,Year 3,Ireland,,
Sussex,BA (hons) international development with a language,https://www.sussex.ac.uk/study/undergraduate/courses/international-development-with-a-language-ba,Year 3,Jamaica,,
Sussex,BA (hons) international development with a language,https://www.sussex.ac.uk/study/undergraduate/courses/international-development-with-a-language-ba,Year 3,New Zealand,,
Sussex,BA (hons) international development with a language,https://www.sussex.ac.uk/study/undergraduate/courses/international-development-with-a-language-ba,Year 3,St Kitts and Nevis,,
Sussex,BA (hons) international development with a language,https://www.sussex.ac.uk/study/undergraduate/courses/international-development-with-a-language-ba,Year 3,St Lucia,,
Sussex,BA (hons) international development with a language,https://www.sussex.ac.uk/study/undergraduate/courses/international-development-with-a-language-ba,Year 3,St Vincent and the Grenadines,,
Sussex,BA (hons) international development with a language,https://www.sussex.ac.uk/study/undergraduate/courses/international-development-with-a-language-ba,Year 3,Trinidad and Tobago,,
Sussex,BA (hons) international development with a language,https://www.sussex.ac.uk/study/undergraduate/courses/international-development-with-a-language-ba,Year 3,United Kingdom,,
Sussex,BA (hons) politics,https://www.sussex.ac.uk/study/undergraduate/courses/politics-ba,Year 3,70%-80% from ISC Indian School certificate of Education (CISCE),,
Sussex,BA (hons) politics,https://www.sussex.ac.uk/study/undergraduate/courses/politics-ba,Year 3,70%-80% from SSC All India Senior School Certificate Examination (CBSE),,
Sussex,BA (hons) politics,https://www.sussex.ac.uk/study/undergraduate/courses/politics-ba,Year 3,70%-80% Maharashtra HSC Higher Secondary Certificate,,
Sussex,BA (hons) politics,https://www.sussex.ac.uk/study/undergraduate/courses/politics-ba,Year 3,70%-80% Tamil Nadu Board of Higher Secondary Education,,
Sussex,BA (hons) politics,https://www.sussex.ac.uk/study/undergraduate/courses/politics-ba,Year 3,70%-80% Karnataka Secondary Education Examination Board,,
Sussex,BA (hons) politics,https://www.sussex.ac.uk/study/undergraduate/courses/politics-ba,Year 3,70%-80% Telangana State Board of Secondary Education,,
Sussex,BA (hons) politics,https://www.sussex.ac.uk/study/undergraduate/courses/politics-ba,Year 3,70%-80% Kerala Board of Higher Secondary Education,,
Sussex,BA (hons) politics,https://www.sussex.ac.uk/study/undergraduate/courses/politics-ba,Year 3,80% Andhra Pradesh Board of Secondary Education,,
Sussex,BA (hons) politics,https://www.sussex.ac.uk/study/undergraduate/courses/politics-ba,Year 3,80% Bihar School Examination Board,,
Sussex,BA (hons) politics,https://www.sussex.ac.uk/study/undergraduate/courses/politics-ba,Year 3,80% Gujarat Secondary and Higher Secondary Education Board,,
Sussex,BA (hons) politics,https://www.sussex.ac.uk/study/undergraduate/courses/politics-ba,Year 3,70% West Bengal Council of Higher Secondary Education,,
Sussex,BA (hons) politics,https://www.sussex.ac.uk/study/undergraduate/courses/politics-ba,Year 3,Higher National Diploma,,
Sussex,BA (hons) politics,https://www.sussex.ac.uk/study/undergraduate/courses/politics-ba,Year 3,One year at a recognised Nigerian University,,
Sussex,BA (hons) politics,https://www.sussex.ac.uk/study/undergraduate/courses/politics-ba,Year 3,Professional Diploma (Part IV) from the Institute of Medical Laboratory Technology of Nigeria,,
Sussex,BA (hons) politics,https://www.sussex.ac.uk/study/undergraduate/courses/politics-ba,Year 3,Advanced Diploma,,
Sussex,BA (hons) politics,https://www.sussex.ac.uk/study/undergraduate/courses/politics-ba,Year 3,"Fullstandigt Slutbetyg/Högskoleförberedande Examen with a total of 2,500 credits to include B grades in the majority of subjects.",500,
Sussex,BA (hons) politics,https://www.sussex.ac.uk/study/undergraduate/courses/politics-ba,Year 3,Antigua and Barbuda,,
Sussex,BA (hons) politics,https://www.sussex.ac.uk/study/undergraduate/courses/politics-ba,Year 3,Australia,,
Sussex,BA (hons) politics,https://www.sussex.ac.uk/study/undergraduate/courses/politics-ba,Year 3,Bahamas,,
Sussex,BA (hons) politics,https://www.sussex.ac.uk/study/undergraduate/courses/politics-ba,Year 3,Barbados,,
Sussex,BA (hons) politics,https://www.sussex.ac.uk/study/undergraduate/courses/politics-ba,Year 3,Belize,,
Sussex,BA (hons) politics,https://www.sussex.ac.uk/study/undergraduate/courses/politics-ba,Year 3,Canada**,,
Sussex,BA (hons) politics,https://www.sussex.ac.uk/study/undergraduate/courses/politics-ba,Year 3,Dominica,,
Sussex,BA (hons) politics,https://www.sussex.ac.uk/study/undergraduate/courses/politics-ba,Year 3,Grenada,,
Sussex,BA (hons) politics,https://www.sussex.ac.uk/study/undergraduate/courses/politics-ba,Year 3,Guyana,,
Sussex,BA (hons) politics,https://www.sussex.ac.uk/study/undergraduate/courses/politics-ba,Year 3,Ireland,,
Sussex,BA (hons) politics,https://www.sussex.ac.uk/study/undergraduate/courses/politics-ba,Year 3,Jamaica,,
Sussex,BA (hons) politics,https://www.sussex.ac.uk/study/undergraduate/courses/politics-ba,Year 3,New Zealand,,
Sussex,BA (hons) politics,https://www.sussex.ac.uk/study/undergraduate/courses/politics-ba,Year 3,St Kitts and Nevis,,
Sussex,BA (hons) politics,https://www.sussex.ac.uk/study/undergraduate/courses/politics-ba,Year 3,St Lucia,,
Sussex,BA (hons) politics,https://www.sussex.ac.uk/study/undergraduate/courses/politics-ba,Year 3,St Vincent and the Grenadines,,
Sussex,BA (hons) politics,https://www.sussex.ac.uk/study/undergraduate/courses/politics-ba,Year 3,Trinidad and Tobago,,
Sussex,BA (hons) politics,https://www.sussex.ac.uk/study/undergraduate/courses/politics-ba,Year 3,United Kingdom,,
Sussex,BA (hons) politics & sociology,https://www.sussex.ac.uk/study/undergraduate/courses/politics-and-sociology-ba,Year 3,70%-80% from ISC Indian School certificate of Education (CISCE),,
Sussex,BA (hons) politics & sociology,https://www.sussex.ac.uk/study/undergraduate/courses/politics-and-sociology-ba,Year 3,70%-80% from SSC All India Senior School Certificate Examination (CBSE),,
Sussex,BA (hons) politics & sociology,https://www.sussex.ac.uk/study/undergraduate/courses/politics-and-sociology-ba,Year 3,70%-80% Maharashtra HSC Higher Secondary Certificate,,
Sussex,BA (hons) politics & sociology,https://www.sussex.ac.uk/study/undergraduate/courses/politics-and-sociology-ba,Year 3,70%-80% Tamil Nadu Board of Higher Secondary Education,,
Sussex,BA (hons) politics & sociology,https://www.sussex.ac.uk/study/undergraduate/courses/politics-and-sociology-ba,Year 3,70%-80% Karnataka Secondary Education Examination Board,,
Sussex,BA (hons) politics & sociology,https://www.sussex.ac.uk/study/undergraduate/courses/politics-and-sociology-ba,Year 3,70%-80% Telangana State Board of Secondary Education,,
Sussex,BA (hons) politics & sociology,https://www.sussex.ac.uk/study/undergraduate/courses/politics-and-sociology-ba,Year 3,70%-80% Kerala Board of Higher Secondary Education,,
Sussex,BA (hons) politics & sociology,https://www.sussex.ac.uk/study/undergraduate/courses/politics-and-sociology-ba,Year 3,80% Andhra Pradesh Board of Secondary Education,,
Sussex,BA (hons) politics & sociology,https://www.sussex.ac.uk/study/undergraduate/courses/politics-and-sociology-ba,Year 3,80% Bihar School Examination Board,,
Sussex,BA (hons) politics & sociology,https://www.sussex.ac.uk/study/undergraduate/courses/politics-and-sociology-ba,Year 3,80% Gujarat Secondary and Higher Secondary Education Board,,
Sussex,BA (hons) politics & sociology,https://www.sussex.ac.uk/study/undergraduate/courses/politics-and-sociology-ba,Year 3,70% West Bengal Council of Higher Secondary Education,,
Sussex,BA (hons) politics & sociology,https://www.sussex.ac.uk/study/undergraduate/courses/politics-and-sociology-ba,Year 3,Higher National Diploma,,
Sussex,BA (hons) politics & sociology,https://www.sussex.ac.uk/study/undergraduate/courses/politics-and-sociology-ba,Year 3,One year at a recognised Nigerian University,,
Sussex,BA (hons) politics & sociology,https://www.sussex.ac.uk/study/undergraduate/courses/politics-and-sociology-ba,Year 3,Professional Diploma (Part IV) from the Institute of Medical Laboratory Technology of Nigeria,,
Sussex,BA (hons) politics & sociology,https://www.sussex.ac.uk/study/undergraduate/courses/politics-and-sociology-ba,Year 3,Advanced Diploma,,
Sussex,BA (hons) politics & sociology,https://www.sussex.ac.uk/study/undergraduate/courses/politics-and-sociology-ba,Year 3,"Fullstandigt Slutbetyg/Högskoleförberedande Examen with a total of 2,500 credits to include B grades in the majority of subjects.",500,
Sussex,BA (hons) politics & sociology,https://www.sussex.ac.uk/study/undergraduate/courses/politics-and-sociology-ba,Year 3,Antigua and Barbuda,,
Sussex,BA (hons) politics & sociology,https://www.sussex.ac.uk/study/undergraduate/courses/politics-and-sociology-ba,Year 3,Australia,,
Sussex,BA (hons) politics & sociology,https://www.sussex.ac.uk/study/undergraduate/courses/politics-and-sociology-ba,Year 3,Bahamas,,
Sussex,BA (hons) politics & sociology,https://www.sussex.ac.uk/study/undergraduate/courses/politics-and-sociology-ba,Year 3,Barbados,,
Sussex,BA (hons) politics & sociology,https://www.sussex.ac.uk/study/undergraduate/courses/politics-and-sociology-ba,Year 3,Belize,,
Sussex,BA (hons) politics & sociology,https://www.sussex.ac.uk/study/undergraduate/courses/politics-and-sociology-ba,Year 3,Canada**,,
Sussex,BA (hons) politics & sociology,https://www.sussex.ac.uk/study/undergraduate/courses/politics-and-sociology-ba,Year 3,Dominica,,
Sussex,BA (hons) politics & sociology,https://www.sussex.ac.uk/study/undergraduate/courses/politics-and-sociology-ba,Year 3,Grenada,,
Sussex,BA (hons) politics & sociology,https://www.sussex.ac.uk/study/undergraduate/courses/politics-and-sociology-ba,Year 3,Guyana,,
Sussex,BA (hons) politics & sociology,https://www.sussex.ac.uk/study/undergraduate/courses/politics-and-sociology-ba,Year 3,Ireland,,
Sussex,BA (hons) politics & sociology,https://www.sussex.ac.uk/study/undergraduate/courses/politics-and-sociology-ba,Year 3,Jamaica,,
Sussex,BA (hons) politics & sociology,https://www.sussex.ac.uk/study/undergraduate/courses/politics-and-sociology-ba,Year 3,New Zealand,,
Sussex,BA (hons) politics & sociology,https://www.sussex.ac.uk/study/undergraduate/courses/politics-and-sociology-ba,Year 3,St Kitts and Nevis,,
Sussex,BA (hons) politics & sociology,https://www.sussex.ac.uk/study/undergraduate/courses/politics-and-sociology-ba,Year 3,St Lucia,,
Sussex,BA (hons) politics & sociology,https://www.sussex.ac.uk/study/undergraduate/courses/politics-and-sociology-ba,Year 3,St Vincent and the Grenadines,,
Sussex,BA (hons) politics & sociology,https://www.sussex.ac.uk/study/undergraduate/courses/politics-and-sociology-ba,Year 3,Trinidad and Tobago,,
Sussex,BA (hons) politics & sociology,https://www.sussex.ac.uk/study/undergraduate/courses/politics-and-sociology-ba,Year 3,United Kingdom,,
Sussex,BA (hons) sociology & international development,https://www.sussex.ac.uk/study/undergraduate/courses/sociology-and-international-development-ba,Year 3,Higher National Diploma,,
Sussex,BA (hons) sociology & international development,https://www.sussex.ac.uk/study/undergraduate/courses/sociology-and-international-development-ba,Year 3,One year at a recognised Nigerian University,,
Sussex,BA (hons) sociology & international development,https://www.sussex.ac.uk/study/undergraduate/courses/sociology-and-international-development-ba,Year 3,Professional Diploma (Part IV) from the Institute of Medical Laboratory Technology of Nigeria,,
Sussex,BA (hons) sociology & international development,https://www.sussex.ac.uk/study/undergraduate/courses/sociology-and-international-development-ba,Year 3,Advanced Diploma,,
Sussex,BA (hons) sociology & international development,https://www.sussex.ac.uk/study/undergraduate/courses/sociology-and-international-development-ba,Year 3,"Fullstandigt Slutbetyg/Högskoleförberedande Examen with a total of 2,500 credits to include B grades in the majority of subjects.",500,
Sussex,BA (hons) sociology & international development,https://www.sussex.ac.uk/study/undergraduate/courses/sociology-and-international-development-ba,Year 3,Antigua and Barbuda,,
Sussex,BA (hons) sociology & international development,https://www.sussex.ac.uk/study/undergraduate/courses/sociology-and-international-development-ba,Year 3,Australia,,
Sussex,BA (hons) sociology & international development,https://www.sussex.ac.uk/study/undergraduate/courses/sociology-and-international-development-ba,Year 3,Bahamas,,
Sussex,BA (hons) sociology & international development,https://www.sussex.ac.uk/study/undergraduate/courses/sociology-and-international-development-ba,Year 3,Barbados,,
Sussex,BA (hons) sociology & international development,https://www.sussex.ac.uk/study/undergraduate/courses/sociology-and-international-development-ba,Year 3,Belize,,
Sussex,BA (hons) sociology & international development,https://www.sussex.ac.uk/study/undergraduate/courses/sociology-and-international-development-ba,Year 3,Canada**,,
Sussex,BA (hons) sociology & international development,https://www.sussex.ac.uk/study/undergraduate/courses/sociology-and-international-development-ba,Year 3,Dominica,,
Sussex,BA (hons) sociology & international development,https://www.sussex.ac.uk/study/undergraduate/courses/sociology-and-international-development-ba,Year 3,Grenada,,
Sussex,BA (hons) sociology & international development,https://www.sussex.ac.uk/study/undergraduate/courses/sociology-and-international-development-ba,Year 3,Guyana,,
Sussex,BA (hons) sociology & international development,https://www.sussex.ac.uk/study/undergraduate/courses/sociology-and-international-development-ba,Year 3,Ireland,,
Sussex,BA (hons) sociology & international development,https://www.sussex.ac.uk/study/undergraduate/courses/sociology-and-international-development-ba,Year 3,Jamaica,,
Sussex,BA (hons) sociology & international development,https://www.sussex.ac.uk/study/undergraduate/courses/sociology-and-international-development-ba,Year 3,New Zealand,,
Sussex,BA (hons) sociology & international development,https://www.sussex.ac.uk/study/undergraduate/courses/sociology-and-international-development-ba,Year 3,St Kitts and Nevis,,
Sussex,BA (hons) sociology & international development,https://www.sussex.ac.uk/study/undergraduate/courses/sociology-and-international-development-ba,Year 3,St Lucia,,
Sussex,BA (hons) sociology & international development,https://www.sussex.ac.uk/study/undergraduate/courses/sociology-and-international-development-ba,Year 3,St Vincent and the Grenadines,,
Sussex,BA (hons) sociology & international development,https://www.sussex.ac.uk/study/undergraduate/courses/sociology-and-international-development-ba,Year 3,Trinidad and Tobago,,
Sussex,BA (hons) sociology & international development,https://www.sussex.ac.uk/study/undergraduate/courses/sociology-and-international-development-ba,Year 3,United Kingdom,,
Sussex,LLB (hons) law with international relations,https://www.sussex.ac.uk/study/undergraduate/courses/law-with-international-relations-llb,Year 3,70%-80% from ISC Indian School certificate of Education (CISCE),,
Sussex,LLB (hons) law with international relations,https://www.sussex.ac.uk/study/undergraduate/courses/law-with-international-relations-llb,Year 3,70%-80% from SSC All India Senior School Certificate Examination (CBSE),,
Sussex,LLB (hons) law with international relations,https://www.sussex.ac.uk/study/undergraduate/courses/law-with-international-relations-llb,Year 3,70%-80% Maharashtra HSC Higher Secondary Certificate,,
Sussex,LLB (hons) law with international relations,https://www.sussex.ac.uk/study/undergraduate/courses/law-with-international-relations-llb,Year 3,70%-80% Tamil Nadu Board of Higher Secondary Education,,
Sussex,LLB (hons) law with international relations,https://www.sussex.ac.uk/study/undergraduate/courses/law-with-international-relations-llb,Year 3,70%-80% Karnataka Secondary Education Examination Board,,
Sussex,LLB (hons) law with international relations,https://www.sussex.ac.uk/study/undergraduate/courses/law-with-international-relations-llb,Year 3,70%-80% Telangana State Board of Secondary Education,,
Sussex,LLB (hons) law with international relations,https://www.sussex.ac.uk/study/undergraduate/courses/law-with-international-relations-llb,Year 3,70%-80% Kerala Board of Higher Secondary Education,,
Sussex,LLB (hons) law with international relations,https://www.sussex.ac.uk/study/undergraduate/courses/law-with-international-relations-llb,Year 3,80% Andhra Pradesh Board of Secondary Education,,
Sussex,LLB (hons) law with international relations,https://www.sussex.ac.uk/study/undergraduate/courses/law-with-international-relations-llb,Year 3,80% Bihar School Examination Board,,
Sussex,LLB (hons) law with international relations,https://www.sussex.ac.uk/study/undergraduate/courses/law-with-international-relations-llb,Year 3,80% Gujarat Secondary and Higher Secondary Education Board,,
Sussex,LLB (hons) law with international relations,https://www.sussex.ac.uk/study/undergraduate/courses/law-with-international-relations-llb,Year 3,70% West Bengal Council of Higher Secondary Education,,
Sussex,LLB (hons) law with international relations,https://www.sussex.ac.uk/study/undergraduate/courses/law-with-international-relations-llb,Year 3,Higher National Diploma,,
Sussex,LLB (hons) law with international relations,https://www.sussex.ac.uk/study/undergraduate/courses/law-with-international-relations-llb,Year 3,One year at a recognised Nigerian University,,
Sussex,LLB (hons) law with international relations,https://www.sussex.ac.uk/study/undergraduate/courses/law-with-international-relations-llb,Year 3,Professional Diploma (Part IV) from the Institute of Medical Laboratory Technology of Nigeria,,
Sussex,LLB (hons) law with international relations,https://www.sussex.ac.uk/study/undergraduate/courses/law-with-international-relations-llb,Year 3,Advanced Diploma,,
Sussex,LLB (hons) law with international relations,https://www.sussex.ac.uk/study/undergraduate/courses/law-with-international-relations-llb,Year 3,"Fullstandigt Slutbetyg/Högskoleförberedande Examen with a total of 2,500 credits to include B grades in the majority of subjects.",500,
Sussex,LLB (hons) law with international relations,https://www.sussex.ac.uk/study/undergraduate/courses/law-with-international-relations-llb,Year 3,Antigua and Barbuda,,
Sussex,LLB (hons) law with international relations,https://www.sussex.ac.uk/study/undergraduate/courses/law-with-international-relations-llb,Year 3,Australia,,
Sussex,LLB (hons) law with international relations,https://www.sussex.ac.uk/study/undergraduate/courses/law-with-international-relations-llb,Year 3,Bahamas,,
Sussex,LLB (hons) law with international relations,https://www.sussex.ac.uk/study/undergraduate/courses/law-with-international-relations-llb,Year 3,Barbados,,
Sussex,LLB (hons) law with international relations,https://www.sussex.ac.uk/study/undergraduate/courses/law-with-international-relations-llb,Year 3,Belize,,
Sussex,LLB (hons) law with international relations,https://www.sussex.ac.uk/study/undergraduate/courses/law-with-international-relations-llb,Year 3,Canada**,,
Sussex,LLB (hons) law with international relations,https://www.sussex.ac.uk/study/undergraduate/courses/law-with-international-relations-llb,Year 3,Dominica,,
Sussex,LLB (hons) law with international relations,https://www.sussex.ac.uk/study/undergraduate/courses/law-with-international-relations-llb,Year 3,Grenada,,
Sussex,LLB (hons) law with international relations,https://www.sussex.ac.uk/study/undergraduate/courses/law-with-international-relations-llb,Year 3,Guyana,,
Sussex,LLB (hons) law with international relations,https://www.sussex.ac.uk/study/undergraduate/courses/law-with-international-relations-llb,Year 3,Ireland,,
Sussex,LLB (hons) law with international relations,https://www.sussex.ac.uk/study/undergraduate/courses/law-with-international-relations-llb,Year 3,Jamaica,,
Sussex,LLB (hons) law with international relations,https://www.sussex.ac.uk/study/undergraduate/courses/law-with-international-relations-llb,Year 3,New Zealand,,
Sussex,LLB (hons) law with international relations,https://www.sussex.ac.uk/study/undergraduate/courses/law-with-international-relations-llb,Year 3,St Kitts and Nevis,,
Sussex,LLB (hons) law with international relations,https://www.sussex.ac.uk/study/undergraduate/courses/law-with-international-relations-llb,Year 3,St Lucia,,
Sussex,LLB (hons) law with international relations,https://www.sussex.ac.uk/study/undergraduate/courses/law-with-international-relations-llb,Year 3,St Vincent and the Grenadines,,
Sussex,LLB (hons) law with international relations,https://www.sussex.ac.uk/study/undergraduate/courses/law-with-international-relations-llb,Year 3,Trinidad and Tobago,,
Sussex,LLB (hons) law with international relations,https://www.sussex.ac.uk/study/undergraduate/courses/law-with-international-relations-llb,Year 3,United Kingdom,,
Sussex,LLB (hons) law with politics,https://www.sussex.ac.uk/study/undergraduate/courses/law-with-politics-llb,Year 3,70%-80% from ISC Indian School certificate of Education (CISCE),,
Sussex,LLB (hons) law with politics,https://www.sussex.ac.uk/study/undergraduate/courses/law-with-politics-llb,Year 3,70%-80% from SSC All India Senior School Certificate Examination (CBSE),,
Sussex,LLB (hons) law with politics,https://www.sussex.ac.uk/study/undergraduate/courses/law-with-politics-llb,Year 3,70%-80% Maharashtra HSC Higher Secondary Certificate,,
Sussex,LLB (hons) law with politics,https://www.sussex.ac.uk/study/undergraduate/courses/law-with-politics-llb,Year 3,70%-80% Tamil Nadu Board of Higher Secondary Education,,
Sussex,LLB (hons) law with politics,https://www.sussex.ac.uk/study/undergraduate/courses/law-with-politics-llb,Year 3,70%-80% Karnataka Secondary Education Examination Board,,
Sussex,LLB (hons) law with politics,https://www.sussex.ac.uk/study/undergraduate/courses/law-with-politics-llb,Year 3,70%-80% Telangana State Board of Secondary Education,,
Sussex,LLB (hons) law with politics,https://www.sussex.ac.uk/study/undergraduate/courses/law-with-politics-llb,Year 3,70%-80% Kerala Board of Higher Secondary Education,,
Sussex,LLB (hons) law with politics,https://www.sussex.ac.uk/study/undergraduate/courses/law-with-politics-llb,Year 3,80% Andhra Pradesh Board of Secondary Education,,
Sussex,LLB (hons) law with politics,https://www.sussex.ac.uk/study/undergraduate/courses/law-with-politics-llb,Year 3,80% Bihar School Examination Board,,
Sussex,LLB (hons) law with politics,https://www.sussex.ac.uk/study/undergraduate/courses/law-with-politics-llb,Year 3,80% Gujarat Secondary and Higher Secondary Education Board,,
Sussex,LLB (hons) law with politics,https://www.sussex.ac.uk/study/undergraduate/courses/law-with-politics-llb,Year 3,70% West Bengal Council of Higher Secondary Education,,
Sussex,LLB (hons) law with politics,https://www.sussex.ac.uk/study/undergraduate/courses/law-with-politics-llb,Year 3,Higher National Diploma,,
Sussex,LLB (hons) law with politics,https://www.sussex.ac.uk/study/undergraduate/courses/law-with-politics-llb,Year 3,One year at a recognised Nigerian University,,
Sussex,LLB (hons) law with politics,https://www.sussex.ac.uk/study/undergraduate/courses/law-with-politics-llb,Year 3,Professional Diploma (Part IV) from the Institute of Medical Laboratory Technology of Nigeria,,
Sussex,LLB (hons) law with politics,https://www.sussex.ac.uk/study/undergraduate/courses/law-with-politics-llb,Year 3,Advanced Diploma,,
Sussex,LLB (hons) law with politics,https://www.sussex.ac.uk/study/undergraduate/courses/law-with-politics-llb,Year 3,"Fullstandigt Slutbetyg/Högskoleförberedande Examen with a total of 2,500 credits to include B grades in the majority of subjects.",500,
Sussex,LLB (hons) law with politics,https://www.sussex.ac.uk/study/undergraduate/courses/law-with-politics-llb,Year 3,Antigua and Barbuda,,
Sussex,LLB (hons) law with politics,https://www.sussex.ac.uk/study/undergraduate/courses/law-with-politics-llb,Year 3,Australia,,
Sussex,LLB (hons) law with politics,https://www.sussex.ac.uk/study/undergraduate/courses/law-with-politics-llb,Year 3,Bahamas,,
Sussex,LLB (hons) law with politics,https://www.sussex.ac.uk/study/undergraduate/courses/law-with-politics-llb,Year 3,Barbados,,
Sussex,LLB (hons) law with politics,https://www.sussex.ac.uk/study/undergraduate/courses/law-with-politics-llb,Year 3,Belize,,
Sussex,LLB (hons) law with politics,https://www.sussex.ac.uk/study/undergraduate/courses/law-with-politics-llb,Year 3,Canada**,,
Sussex,LLB (hons) law with politics,https://www.sussex.ac.uk/study/undergraduate/courses/law-with-politics-llb,Year 3,Dominica,,
Sussex,LLB (hons) law with politics,https://www.sussex.ac.uk/study/undergraduate/courses/law-with-politics-llb,Year 3,Grenada,,
Sussex,LLB (hons) law with politics,https://www.sussex.ac.uk/study/undergraduate/courses/law-with-politics-llb,Year 3,Guyana,,
Sussex,LLB (hons) law with politics,https://www.sussex.ac.uk/study/undergraduate/courses/law-with-politics-llb,Year 3,Ireland,,
Sussex,LLB (hons) law with politics,https://www.sussex.ac.uk/study/undergraduate/courses/law-with-politics-llb,Year 3,Jamaica,,
Sussex,LLB (hons) law with politics,https://www.sussex.ac.uk/study/undergraduate/courses/law-with-politics-llb,Year 3,New Zealand,,
Sussex,LLB (hons) law with politics,https://www.sussex.ac.uk/study/undergraduate/courses/law-with-politics-llb,Year 3,St Kitts and Nevis,,
Sussex,LLB (hons) law with politics,https://www.sussex.ac.uk/study/undergraduate/courses/law-with-politics-llb,Year 3,St Lucia,,
Sussex,LLB (hons) law with politics,https://www.sussex.ac.uk/study/undergraduate/courses/law-with-politics-llb,Year 3,St Vincent and the Grenadines,,
Sussex,LLB (hons) law with politics,https://www.sussex.ac.uk/study/undergraduate/courses/law-with-politics-llb,Year 3,Trinidad and Tobago,,
Sussex,LLB (hons) law with politics,https://www.sussex.ac.uk/study/undergraduate/courses/law-with-politics-llb,Year 3,United Kingdom,,
Aberystwyth,BA (hons) international relations,http://www.aber.ac.uk/courses/?EZ4PBX,Year 1,a range of perspectives and approaches to the study of international politics,,
Aberystwyth,BA (hons) international relations,http://www.aber.ac.uk/courses/?EZ4PBX,Year 1,the development and progress of international relations during the twentieth century,,
Aberystwyth,BA (hons) international relations,http://www.aber.ac.uk/courses/?EZ4PBX,Year 1,the different methodologies to analyse topical issues in international and domestic politics,,
Aberystwyth,BA (hons) international relations,http://www.aber.ac.uk/courses/?EZ4PBX,Year 1,political theory and key political issues,,
Aberystwyth,BA (hons) international relations,http://www.aber.ac.uk/courses/?EZ4PBX,Year 1,contemporary political problems and how they are portrayed,,
Aberystwyth,BA (hons) international relations,http://www.aber.ac.uk/courses/?EZ4PBX,Year 1,"key issues in the fields of War, Strategy and Intelligence.",,
Aberystwyth,BA (hons) international relations,http://www.aber.ac.uk/courses/?EZ4PBX,Year 1,"theories, approaches and perspectives in international relations",,
Aberystwyth,BA (hons) international relations,http://www.aber.ac.uk/courses/?EZ4PBX,Year 1,"a variety of regional and national politics including Latin American, Russia, Europe and the EU, the BRICS, the Middle East, the UK",,
Aberystwyth,BA (hons) international relations,http://www.aber.ac.uk/courses/?EZ4PBX,Year 1,international twentieth century history and Cold War,,
Aberystwyth,BA (hons) international relations,http://www.aber.ac.uk/courses/?EZ4PBX,Year 1,a dissertation to demonstrate your substantive knowledge in your chosen subject area.,,
Aberystwyth,BA (hons) politics,http://www.aber.ac.uk/courses/?WQ9L7C,Year 1,political theory and key political ideas,,
Aberystwyth,BA (hons) politics,http://www.aber.ac.uk/courses/?WQ9L7C,Year 1,the different methodologies to analyse topical issues in international and domestic politics,,
Aberystwyth,BA (hons) politics,http://www.aber.ac.uk/courses/?WQ9L7C,Year 1,a range of perspectives and approaches to the study of international politics,,
Aberystwyth,BA (hons) politics,http://www.aber.ac.uk/courses/?WQ9L7C,Year 1,contemporary political problems and how they are portrayed,,
Aberystwyth,BA (hons) politics,http://www.aber.ac.uk/courses/?WQ9L7C,Year 1,key issues facing the Social World,,
Aberystwyth,BA (hons) politics,http://www.aber.ac.uk/courses/?WQ9L7C,Year 1,the development and progress of international relations during the twentieth century.,,
Aberystwyth,BA (hons) politics,http://www.aber.ac.uk/courses/?WQ9L7C,Year 1,political theories,,
Aberystwyth,BA (hons) politics,http://www.aber.ac.uk/courses/?WQ9L7C,Year 1,"issues such as nationalism, devolution, global inequality, multiculturalism and the politics of language, gender, and populism in politics.",,
Aberystwyth,BSc (hons) sociology & politics,http://www.aber.ac.uk/courses/?FCNYJD,Year 1,key concepts and theoretical approaches in Sociology,,
Aberystwyth,BSc (hons) sociology & politics,http://www.aber.ac.uk/courses/?FCNYJD,Year 1,political theory and key political ideas,,
Aberystwyth,BSc (hons) sociology & politics,http://www.aber.ac.uk/courses/?FCNYJD,Year 1,"the relationships between individuals, groups and social structures",,
Aberystwyth,BSc (hons) sociology & politics,http://www.aber.ac.uk/courses/?FCNYJD,Year 1,social diversity and inequalities,,
Aberystwyth,BSc (hons) sociology & politics,http://www.aber.ac.uk/courses/?FCNYJD,Year 1,processes underpinning social change,,
Aberystwyth,BSc (hons) sociology & politics,http://www.aber.ac.uk/courses/?FCNYJD,Year 1,the relationship between the analysis of evidence and sociological arguments,,
Aberystwyth,BSc (hons) sociology & politics,http://www.aber.ac.uk/courses/?FCNYJD,Year 1,the different methodologies used to analyse topical issues in international and domestic politics,,
Aberystwyth,BSc (hons) sociology & politics,http://www.aber.ac.uk/courses/?FCNYJD,Year 1,contemporary political problems and how they are portrayed.,,
Aberystwyth,BSc (hons) sociology & politics,http://www.aber.ac.uk/courses/?FCNYJD,Year 1,the big ideas that have inspired the social sciences,,
Aberystwyth,BSc (hons) sociology & politics,http://www.aber.ac.uk/courses/?FCNYJD,Year 1,qualitative research methods,,
Aberystwyth,BSc (hons) sociology & politics,http://www.aber.ac.uk/courses/?FCNYJD,Year 1,key debates about different political forces and relationships in different parts of the world,,
Aberystwyth,BSc (hons) sociology & politics,http://www.aber.ac.uk/courses/?FCNYJD,Year 1,how socio-political differences lead to inequalities and injustices,,
Aberystwyth,BSc (hons) sociology & politics,http://www.aber.ac.uk/courses/?FCNYJD,Year 1,UK and European politics and international relations,,
Aberystwyth,BSc (hons) sociology & politics,http://www.aber.ac.uk/courses/?FCNYJD,Year 1,nationalism and multiculturalism.,,
Swansea,BA (hons) international relations,https://www.swansea.ac.uk/undergraduate/courses/social-sciences/politics-philosophy-international-relations/ba-international-relations/,Year 1,Students choose 120 credits from the following,120,
Swansea,BA (hons) international relations,https://www.swansea.ac.uk/undergraduate/courses/social-sciences/politics-philosophy-international-relations/ba-international-relations/,Year 1,Choose Exactly 20 credits from the following Modules,20,optional
Swansea,BA (hons) international relations,https://www.swansea.ac.uk/undergraduate/courses/social-sciences/politics-philosophy-international-relations/ba-international-relations/,Year 1,Students choose 120 credits from the following,120,
Swansea,BA (hons) international relations,https://www.swansea.ac.uk/undergraduate/courses/social-sciences/politics-philosophy-international-relations/ba-international-relations/,Year 1,Choose Exactly 20 credits from the following Modules,20,optional
Swansea,BA (hons) international relations,https://www.swansea.ac.uk/undergraduate/courses/social-sciences/politics-philosophy-international-relations/ba-international-relations/,Year 1,Students choose 120 credits from the following,120,
Swansea,BA (hons) international relations,https://www.swansea.ac.uk/undergraduate/courses/social-sciences/politics-philosophy-international-relations/ba-international-relations/,Year 1,Choose Exactly 20 credits from the following Modules,20,optional
Swansea,BA (hons) international relations,https://www.swansea.ac.uk/undergraduate/courses/social-sciences/politics-philosophy-international-relations/ba-international-relations/,Year 1,Students choose 120 credits from the following,120,
Swansea,BA (hons) international relations,https://www.swansea.ac.uk/undergraduate/courses/social-sciences/politics-philosophy-international-relations/ba-international-relations/,Year 1,Choose Exactly 20 credits from the following Modules,20,optional
Swansea,BA (hons) international relations,https://www.swansea.ac.uk/undergraduate/courses/social-sciences/politics-philosophy-international-relations/ba-international-relations/,Year 2,Students choose 120 credits from the following,120,
Swansea,BA (hons) international relations,https://www.swansea.ac.uk/undergraduate/courses/social-sciences/politics-philosophy-international-relations/ba-international-relations/,Year 2,Choose Exactly 20 credits from the following Modules,20,optional
Swansea,BA (hons) international relations,https://www.swansea.ac.uk/undergraduate/courses/social-sciences/politics-philosophy-international-relations/ba-international-relations/,Year 2,Choose Exactly 40 credits from the following Modules,40,optional
Swansea,BA (hons) international relations,https://www.swansea.ac.uk/undergraduate/courses/social-sciences/politics-philosophy-international-relations/ba-international-relations/,Year 2,Students choose 120 credits from the following,120,
Swansea,BA (hons) international relations,https://www.swansea.ac.uk/undergraduate/courses/social-sciences/politics-philosophy-international-relations/ba-international-relations/,Year 2,Choose Exactly 20 credits from the following Modules,20,optional
Swansea,BA (hons) international relations,https://www.swansea.ac.uk/undergraduate/courses/social-sciences/politics-philosophy-international-relations/ba-international-relations/,Year 2,Choose Exactly 40 credits from the following Modules,40,optional
Swansea,BA (hons) international relations,https://www.swansea.ac.uk/undergraduate/courses/social-sciences/politics-philosophy-international-relations/ba-international-relations/,Year 2,Students choose 120 credits from the following,120,
Swansea,BA (hons) international relations,https://www.swansea.ac.uk/undergraduate/courses/social-sciences/politics-philosophy-international-relations/ba-international-relations/,Year 2,Choose Exactly 20 credits from the following Modules,20,optional
Swansea,BA (hons) international relations,https://www.swansea.ac.uk/undergraduate/courses/social-sciences/politics-philosophy-international-relations/ba-international-relations/,Year 2,Choose Exactly 40 credits from the following Modules,40,optional
Swansea,BA (hons) international relations,https://www.swansea.ac.uk/undergraduate/courses/social-sciences/politics-philosophy-international-relations/ba-international-relations/,Year 2,Students choose 120 credits from the following,120,
Swansea,BA (hons) international relations,https://www.swansea.ac.uk/undergraduate/courses/social-sciences/politics-philosophy-international-relations/ba-international-relations/,Year 2,Choose Exactly 20 credits from the following Modules,20,optional
Swansea,BA (hons) international relations,https://www.swansea.ac.uk/undergraduate/courses/social-sciences/politics-philosophy-international-relations/ba-international-relations/,Year 2,Choose Exactly 40 credits from the following Modules,40,optional
Swansea,BA (hons) international relations,https://www.swansea.ac.uk/undergraduate/courses/social-sciences/politics-philosophy-international-relations/ba-international-relations/,Year 3,Students choose 120 credits from the following,120,
Swansea,BA (hons) international relations,https://www.swansea.ac.uk/undergraduate/courses/social-sciences/politics-philosophy-international-relations/ba-international-relations/,Year 3,Choose Exactly 40 credits from the following Modules,40,optional
Swansea,BA (hons) international relations,https://www.swansea.ac.uk/undergraduate/courses/social-sciences/politics-philosophy-international-relations/ba-international-relations/,Year 3,Choose Exactly 20 credits from the following Modules,20,optional
Swansea,BA (hons) international relations,https://www.swansea.ac.uk/undergraduate/courses/social-sciences/politics-philosophy-international-relations/ba-international-relations/,Year 3,Choose Exactly 20 credits from the following Modules,20,optional
Swansea,BA (hons) international relations,https://www.swansea.ac.uk/undergraduate/courses/social-sciences/politics-philosophy-international-relations/ba-international-relations/,Year 3,Students choose 120 credits from the following,120,
Swansea,BA (hons) international relations,https://www.swansea.ac.uk/undergraduate/courses/social-sciences/politics-philosophy-international-relations/ba-international-relations/,Year 3,Choose Exactly 40 credits from the following Modules,40,optional
Swansea,BA (hons) international relations,https://www.swansea.ac.uk/undergraduate/courses/social-sciences/politics-philosophy-international-relations/ba-international-relations/,Year 3,Choose Exactly 20 credits from the following Modules,20,optional
Swansea,BA (hons) international relations,https://www.swansea.ac.uk/undergraduate/courses/social-sciences/politics-philosophy-international-relations/ba-international-relations/,Year 3,Choose Exactly 20 credits from the following Modules,20,optional
Swansea,BA (hons) international relations,https://www.swansea.ac.uk/undergraduate/courses/social-sciences/politics-philosophy-international-relations/ba-international-relations/,Year 4,Students choose 120 credits from the following,120,
Swansea,BA (hons) international relations,https://www.swansea.ac.uk/undergraduate/courses/social-sciences/politics-philosophy-international-relations/ba-international-relations/,Year 4,Choose Exactly 40 credits from the following Modules,40,optional
Swansea,BA (hons) international relations,https://www.swansea.ac.uk/undergraduate/courses/social-sciences/politics-philosophy-international-relations/ba-international-relations/,Year 4,Choose Exactly 20 credits from the following Modules,20,optional
Swansea,BA (hons) international relations,https://www.swansea.ac.uk/undergraduate/courses/social-sciences/politics-philosophy-international-relations/ba-international-relations/,Year 4,Choose Exactly 20 credits from the following Modules,20,optional
Swansea,BA (hons) international relations,https://www.swansea.ac.uk/undergraduate/courses/social-sciences/politics-philosophy-international-relations/ba-international-relations/,Year 4,Students choose 120 credits from the following,120,
Swansea,BA (hons) international relations,https://www.swansea.ac.uk/undergraduate/courses/social-sciences/politics-philosophy-international-relations/ba-international-relations/,Year 4,Choose Exactly 40 credits from the following Modules,40,optional
Swansea,BA (hons) international relations,https://www.swansea.ac.uk/undergraduate/courses/social-sciences/politics-philosophy-international-relations/ba-international-relations/,Year 4,Choose Exactly 20 credits from the following Modules,20,optional
Swansea,BA (hons) international relations,https://www.swansea.ac.uk/undergraduate/courses/social-sciences/politics-philosophy-international-relations/ba-international-relations/,Year 4,Choose Exactly 20 credits from the following Modules,20,optional
Swansea,BA (hons) international relations with modern languages,https://www.swansea.ac.uk/undergraduate/courses/social-sciences/politics-philosophy-international-relations/international-relations-with-modern-languages-ba/,Year 1,Students choose 120 credits from the following,120,
Swansea,BA (hons) international relations with modern languages,https://www.swansea.ac.uk/undergraduate/courses/social-sciences/politics-philosophy-international-relations/international-relations-with-modern-languages-ba/,Year 1,Choose Exactly 20 credits from the following Modules,20,optional
Swansea,BA (hons) international relations with modern languages,https://www.swansea.ac.uk/undergraduate/courses/social-sciences/politics-philosophy-international-relations/international-relations-with-modern-languages-ba/,Year 1,Choose Exactly 40 credits from the following Modules,40,optional
Swansea,BA (hons) international relations with modern languages,https://www.swansea.ac.uk/undergraduate/courses/social-sciences/politics-philosophy-international-relations/international-relations-with-modern-languages-ba/,Year 1,Students choose 120 credits from the following,120,
Swansea,BA (hons) international relations with modern languages,https://www.swansea.ac.uk/undergraduate/courses/social-sciences/politics-philosophy-international-relations/international-relations-with-modern-languages-ba/,Year 1,Choose Exactly 20 credits from the following Modules,20,optional
Swansea,BA (hons) international relations with modern languages,https://www.swansea.ac.uk/undergraduate/courses/social-sciences/politics-philosophy-international-relations/international-relations-with-modern-languages-ba/,Year 1,Choose Exactly 40 credits from the following Modules,40,optional
Swansea,BA (hons) international relations with modern languages,https://www.swansea.ac.uk/undergraduate/courses/social-sciences/politics-philosophy-international-relations/international-relations-with-modern-languages-ba/,Year 1,Students choose 120 credits from the following,120,
Swansea,BA (hons) international relations with modern languages,https://www.swansea.ac.uk/undergraduate/courses/social-sciences/politics-philosophy-international-relations/international-relations-with-modern-languages-ba/,Year 1,Choose Exactly 20 credits from the following Modules,20,optional
Swansea,BA (hons) international relations with modern languages,https://www.swansea.ac.uk/undergraduate/courses/social-sciences/politics-philosophy-international-relations/international-relations-with-modern-languages-ba/,Year 1,Choose Exactly 40 credits from the following Modules,40,optional
Swansea,BA (hons) international relations with modern languages,https://www.swansea.ac.uk/undergraduate/courses/social-sciences/politics-philosophy-international-relations/international-relations-with-modern-languages-ba/,Year 2,Students choose 120 credits from the following,120,
Swansea,BA (hons) international relations with modern languages,https://www.swansea.ac.uk/undergraduate/courses/social-sciences/politics-philosophy-international-relations/international-relations-with-modern-languages-ba/,Year 2,Choose Exactly 40 credits from the following Modules,40,optional
Swansea,BA (hons) international relations with modern languages,https://www.swansea.ac.uk/undergraduate/courses/social-sciences/politics-philosophy-international-relations/international-relations-with-modern-languages-ba/,Year 2,Choose Exactly 40 credits from the following Modules,40,optional
Swansea,BA (hons) international relations with modern languages,https://www.swansea.ac.uk/undergraduate/courses/social-sciences/politics-philosophy-international-relations/international-relations-with-modern-languages-ba/,Year 2,Students choose 120 credits from the following,120,
Swansea,BA (hons) international relations with modern languages,https://www.swansea.ac.uk/undergraduate/courses/social-sciences/politics-philosophy-international-relations/international-relations-with-modern-languages-ba/,Year 2,Choose Exactly 40 credits from the following Modules,40,optional
Swansea,BA (hons) international relations with modern languages,https://www.swansea.ac.uk/undergraduate/courses/social-sciences/politics-philosophy-international-relations/international-relations-with-modern-languages-ba/,Year 2,Choose Exactly 40 credits from the following Modules,40,optional
Swansea,BA (hons) international relations with modern languages,https://www.swansea.ac.uk/undergraduate/courses/social-sciences/politics-philosophy-international-relations/international-relations-with-modern-languages-ba/,Year 2,Students choose 120 credits from the following,120,
Swansea,BA (hons) international relations with modern languages,https://www.swansea.ac.uk/undergraduate/courses/social-sciences/politics-philosophy-international-relations/international-relations-with-modern-languages-ba/,Year 2,Choose Exactly 40 credits from the following Modules,40,optional
Swansea,BA (hons) international relations with modern languages,https://www.swansea.ac.uk/undergraduate/courses/social-sciences/politics-philosophy-international-relations/international-relations-with-modern-languages-ba/,Year 2,Choose Exactly 40 credits from the following Modules,40,optional
Swansea,BA (hons) international relations with modern languages,https://www.swansea.ac.uk/undergraduate/courses/social-sciences/politics-philosophy-international-relations/international-relations-with-modern-languages-ba/,Year 3,Students choose 120 credits from the following,120,
Swansea,BA (hons) international relations with modern languages,https://www.swansea.ac.uk/undergraduate/courses/social-sciences/politics-philosophy-international-relations/international-relations-with-modern-languages-ba/,Year 3,Choose Exactly 40 credits from the following Modules,40,optional
Swansea,BA (hons) international relations with modern languages,https://www.swansea.ac.uk/undergraduate/courses/social-sciences/politics-philosophy-international-relations/international-relations-with-modern-languages-ba/,Year 3,Choose Exactly 20 credits from the following Modules,20,optional
Swansea,BA (hons) international relations with modern languages,https://www.swansea.ac.uk/undergraduate/courses/social-sciences/politics-philosophy-international-relations/international-relations-with-modern-languages-ba/,Year 3,NOTE,60,optional
Swansea,BA (hons) international relations with modern languages,https://www.swansea.ac.uk/undergraduate/courses/social-sciences/politics-philosophy-international-relations/international-relations-with-modern-languages-ba/,Year 3,Choose Exactly 40 credits from the following Modules,40,optional
Swansea,BA (hons) international relations with modern languages,https://www.swansea.ac.uk/undergraduate/courses/social-sciences/politics-philosophy-international-relations/international-relations-with-modern-languages-ba/,Year 3,NOTE,40,optional
Swansea,BA (hons) international relations with modern languages,https://www.swansea.ac.uk/undergraduate/courses/social-sciences/politics-philosophy-international-relations/international-relations-with-modern-languages-ba/,Year 4,Students choose 120 credits from the following,120,
Swansea,BA (hons) international relations with modern languages,https://www.swansea.ac.uk/undergraduate/courses/social-sciences/politics-philosophy-international-relations/international-relations-with-modern-languages-ba/,Year 4,Choose Exactly 40 credits from the following Modules,40,optional
Swansea,BA (hons) international relations with modern languages,https://www.swansea.ac.uk/undergraduate/courses/social-sciences/politics-philosophy-international-relations/international-relations-with-modern-languages-ba/,Year 4,Choose Exactly 20 credits from the following Modules,20,optional
Swansea,BA (hons) international relations with modern languages,https://www.swansea.ac.uk/undergraduate/courses/social-sciences/politics-philosophy-international-relations/international-relations-with-modern-languages-ba/,Year 4,NOTE,60,optional
Swansea,BA (hons) international relations with modern languages,https://www.swansea.ac.uk/undergraduate/courses/social-sciences/politics-philosophy-international-relations/international-relations-with-modern-languages-ba/,Year 4,Choose Exactly 40 credits from the following Modules,40,optional
Swansea,BA (hons) international relations with modern languages,https://www.swansea.ac.uk/undergraduate/courses/social-sciences/politics-philosophy-international-relations/international-relations-with-modern-languages-ba/,Year 4,NOTE : Select 40 credits of appropriate Language modules,40,optional
Swansea,BA (hons) international relations with modern languages,https://www.swansea.ac.uk/undergraduate/courses/social-sciences/politics-philosophy-international-relations/international-relations-with-modern-languages-ba/,Year 4,Students choose 120 credits from the following,120,
Swansea,BA (hons) international relations with modern languages,https://www.swansea.ac.uk/undergraduate/courses/social-sciences/politics-philosophy-international-relations/international-relations-with-modern-languages-ba/,Year 4,Choose Exactly 40 credits from the following Modules,40,optional
Swansea,BA (hons) international relations with modern languages,https://www.swansea.ac.uk/undergraduate/courses/social-sciences/politics-philosophy-international-relations/international-relations-with-modern-languages-ba/,Year 4,Choose Exactly 20 credits from the following Modules,20,optional
Swansea,BA (hons) international relations with modern languages,https://www.swansea.ac.uk/undergraduate/courses/social-sciences/politics-philosophy-international-relations/international-relations-with-modern-languages-ba/,Year 4,NOTE,60,optional
Swansea,BA (hons) international relations with modern languages,https://www.swansea.ac.uk/undergraduate/courses/social-sciences/politics-philosophy-international-relations/international-relations-with-modern-languages-ba/,Year 4,Choose Exactly 40 credits from the following Modules,40,optional
Swansea,BA (hons) international relations with modern languages,https://www.swansea.ac.uk/undergraduate/courses/social-sciences/politics-philosophy-international-relations/international-relations-with-modern-languages-ba/,Year 4,NOTE,40,optional
Swansea,BA (hons) politics & international relations,https://www.swansea.ac.uk/undergraduate/courses/artsandhumanities/politics-and-international-relations/ba-politics-and-international-relations/,Year 2,Students choose 120 credits from the following,120,
Swansea,BA (hons) politics & international relations,https://www.swansea.ac.uk/undergraduate/courses/artsandhumanities/politics-and-international-relations/ba-politics-and-international-relations/,Year 2,Choose Exactly 20 credits from the following Modules,20,optional
Swansea,BA (hons) politics & international relations,https://www.swansea.ac.uk/undergraduate/courses/artsandhumanities/politics-and-international-relations/ba-politics-and-international-relations/,Year 2,Choose Exactly 20 credits from the following Modules,20,optional
Swansea,BA (hons) politics & international relations,https://www.swansea.ac.uk/undergraduate/courses/artsandhumanities/politics-and-international-relations/ba-politics-and-international-relations/,Year 2,Students choose 120 credits from the following,120,
Swansea,BA (hons) politics & international relations,https://www.swansea.ac.uk/undergraduate/courses/artsandhumanities/politics-and-international-relations/ba-politics-and-international-relations/,Year 2,Choose Exactly 20 credits from the following Modules,20,optional
Swansea,BA (hons) politics & international relations,https://www.swansea.ac.uk/undergraduate/courses/artsandhumanities/politics-and-international-relations/ba-politics-and-international-relations/,Year 2,Choose Exactly 20 credits from the following Modules,20,optional
Swansea,BA (hons) politics & international relations,https://www.swansea.ac.uk/undergraduate/courses/artsandhumanities/politics-and-international-relations/ba-politics-and-international-relations/,Year 2,Students choose 120 credits from the following,120,
Swansea,BA (hons) politics & international relations,https://www.swansea.ac.uk/undergraduate/courses/artsandhumanities/politics-and-international-relations/ba-politics-and-international-relations/,Year 2,Choose Exactly 20 credits from the following Modules,20,optional
Swansea,BA (hons) politics & international relations,https://www.swansea.ac.uk/undergraduate/courses/artsandhumanities/politics-and-international-relations/ba-politics-and-international-relations/,Year 2,Choose Exactly 20 credits from the following Modules,20,optional
Swansea,BA (hons) politics & international relations,https://www.swansea.ac.uk/undergraduate/courses/artsandhumanities/politics-and-international-relations/ba-politics-and-international-relations/,Year 3,Students choose 120 credits from the following,120,
Swansea,BA (hons) politics & international relations,https://www.swansea.ac.uk/undergraduate/courses/artsandhumanities/politics-and-international-relations/ba-politics-and-international-relations/,Year 3,Choose Exactly 40 credits from the following Modules,40,optional
Swansea,BA (hons) politics & international relations,https://www.swansea.ac.uk/undergraduate/courses/artsandhumanities/politics-and-international-relations/ba-politics-and-international-relations/,Year 3,Choose Exactly 20 credits from the following Modules,20,optional
Swansea,BA (hons) politics & international relations,https://www.swansea.ac.uk/undergraduate/courses/artsandhumanities/politics-and-international-relations/ba-politics-and-international-relations/,Year 3,Choose Exactly 20 credits from the following Modules,20,optional
Swansea,BA (hons) politics & international relations,https://www.swansea.ac.uk/undergraduate/courses/artsandhumanities/politics-and-international-relations/ba-politics-and-international-relations/,Year 4,Students choose 120 credits from the following,120,
Swansea,BA (hons) politics & international relations,https://www.swansea.ac.uk/undergraduate/courses/artsandhumanities/politics-and-international-relations/ba-politics-and-international-relations/,Year 4,Choose Exactly 40 credits from the following Modules,40,optional
Swansea,BA (hons) politics & international relations,https://www.swansea.ac.uk/undergraduate/courses/artsandhumanities/politics-and-international-relations/ba-politics-and-international-relations/,Year 4,Choose Exactly 20 credits from the following Modules,20,optional
Swansea,BA (hons) politics & international relations,https://www.swansea.ac.uk/undergraduate/courses/artsandhumanities/politics-and-international-relations/ba-politics-and-international-relations/,Year 4,Choose Exactly 20 credits from the following Modules,20,optional
Swansea,BA (hons) politics & international relations,https://www.swansea.ac.uk/undergraduate/courses/artsandhumanities/politics-and-international-relations/ba-politics-and-international-relations/,Year 4,Students choose 120 credits from the following,120,
Swansea,BA (hons) politics & international relations,https://www.swansea.ac.uk/undergraduate/courses/artsandhumanities/politics-and-international-relations/ba-politics-and-international-relations/,Year 4,Choose Exactly 40 credits from the following Modules,40,optional
Swansea,BA (hons) politics & international relations,https://www.swansea.ac.uk/undergraduate/courses/artsandhumanities/politics-and-international-relations/ba-politics-and-international-relations/,Year 4,Choose Exactly 20 credits from the following Modules,20,optional
Swansea,BA (hons) politics & international relations,https://www.swansea.ac.uk/undergraduate/courses/artsandhumanities/politics-and-international-relations/ba-politics-and-international-relations/,Year 4,Choose Exactly 20 credits from the following Modules,20,optional
Swansea,LLB (hons) law with international relations,https://www.swansea.ac.uk/undergraduate/courses/law/llb-law-international-relations/,Year 1,Students choose 120 credits from the following,120,
Swansea,LLB (hons) law with international relations,https://www.swansea.ac.uk/undergraduate/courses/law/llb-law-international-relations/,Year 1,Choose Exactly 20 credits from the following Modules,20,optional
Swansea,LLB (hons) law with international relations,https://www.swansea.ac.uk/undergraduate/courses/law/llb-law-international-relations/,Year 1,Choose Exactly 20 credits from the following Modules,20,optional
Swansea,LLB (hons) law with international relations,https://www.swansea.ac.uk/undergraduate/courses/law/llb-law-international-relations/,Year 1,Students choose 120 credits from the following,120,
Swansea,LLB (hons) law with international relations,https://www.swansea.ac.uk/undergraduate/courses/law/llb-law-international-relations/,Year 1,Choose Exactly 20 credits from the following Modules,20,optional
Swansea,LLB (hons) law with international relations,https://www.swansea.ac.uk/undergraduate/courses/law/llb-law-international-relations/,Year 1,Choose Exactly 20 credits from the following Modules,20,optional
Swansea,LLB (hons) law with international relations,https://www.swansea.ac.uk/undergraduate/courses/law/llb-law-international-relations/,Year 1,Students choose 120 credits from the following,120,
Swansea,LLB (hons) law with international relations,https://www.swansea.ac.uk/undergraduate/courses/law/llb-law-international-relations/,Year 1,Choose Exactly 20 credits from the following Modules,20,optional
Swansea,LLB (hons) law with international relations,https://www.swansea.ac.uk/undergraduate/courses/law/llb-law-international-relations/,Year 1,Choose Exactly 20 credits from the following Modules,20,optional
Swansea,LLB (hons) law with international relations,https://www.swansea.ac.uk/undergraduate/courses/law/llb-law-international-relations/,Year 2,Students choose 120 credits from the following,120,
Swansea,LLB (hons) law with international relations,https://www.swansea.ac.uk/undergraduate/courses/law/llb-law-international-relations/,Year 2,Choose Exactly 30 credits from the following Modules,30,optional
Swansea,LLB (hons) law with international relations,https://www.swansea.ac.uk/undergraduate/courses/law/llb-law-international-relations/,Year 2,Choose Exactly 30 credits from the following Modules,30,optional
Swansea,LLB (hons) law with international relations,https://www.swansea.ac.uk/undergraduate/courses/law/llb-law-international-relations/,Year 2,Students choose 120 credits from the following,120,
Swansea,LLB (hons) law with international relations,https://www.swansea.ac.uk/undergraduate/courses/law/llb-law-international-relations/,Year 2,Choose Exactly 30 credits from the following Modules,30,optional
Swansea,LLB (hons) law with international relations,https://www.swansea.ac.uk/undergraduate/courses/law/llb-law-international-relations/,Year 2,Choose Exactly 30 credits from the following Modules,30,optional
Swansea,LLB (hons) law with international relations,https://www.swansea.ac.uk/undergraduate/courses/law/llb-law-international-relations/,Year 2,Students choose 120 credits from the following,120,
Swansea,LLB (hons) law with international relations,https://www.swansea.ac.uk/undergraduate/courses/law/llb-law-international-relations/,Year 2,Choose Exactly 30 credits from the following Modules,30,optional
Swansea,LLB (hons) law with international relations,https://www.swansea.ac.uk/undergraduate/courses/law/llb-law-international-relations/,Year 2,Choose Exactly 30 credits from the following Modules,30,optional
Swansea,LLB (hons) law with international relations,https://www.swansea.ac.uk/undergraduate/courses/law/llb-law-international-relations/,Year 3,Students choose 120 credits from the following,120,
Swansea,LLB (hons) law with international relations,https://www.swansea.ac.uk/undergraduate/courses/law/llb-law-international-relations/,Year 3,Choose Exactly 80 credits from the following Modules,80,optional
Swansea,LLB (hons) law with international relations,https://www.swansea.ac.uk/undergraduate/courses/law/llb-law-international-relations/,Year 3,Choose Exactly 20 credits from the following Modules,20,optional
Swansea,LLB (hons) law with international relations,https://www.swansea.ac.uk/undergraduate/courses/law/llb-law-international-relations/,Year 3,Students choose 120 credits from the following,120,
Swansea,LLB (hons) law with international relations,https://www.swansea.ac.uk/undergraduate/courses/law/llb-law-international-relations/,Year 3,Choose Exactly 80 credits from the following Modules,80,optional
Swansea,LLB (hons) law with international relations,https://www.swansea.ac.uk/undergraduate/courses/law/llb-law-international-relations/,Year 3,Choose Exactly 20 credits from the following Modules,20,optional
Swansea,LLB (hons) law with international relations,https://www.swansea.ac.uk/undergraduate/courses/law/llb-law-international-relations/,Year 4,Students choose 120 credits from the following,120,
Swansea,LLB (hons) law with international relations,https://www.swansea.ac.uk/undergraduate/courses/law/llb-law-international-relations/,Year 4,Choose Exactly 20 credits from the following Modules,20,optional
Swansea,LLB (hons) law with international relations,https://www.swansea.ac.uk/undergraduate/courses/law/llb-law-international-relations/,Year 4,Choose Exactly 40 credits from the following Modules,40,optional
Swansea,LLB (hons) law with international relations,https://www.swansea.ac.uk/undergraduate/courses/law/llb-law-international-relations/,Year 4,Choose Exactly 40 credits from the following Modules,40,optional
Swansea,LLB (hons) law in practice with international relations,https://www.swansea.ac.uk/undergraduate/courses/law/llb-law-practice-international-relations/,Year 1,Students choose 120 credits from the following,120,
Swansea,LLB (hons) law in practice with international relations,https://www.swansea.ac.uk/undergraduate/courses/law/llb-law-practice-international-relations/,Year 1,Choose Exactly 20 credits from the following Modules,20,optional
Swansea,LLB (hons) law in practice with international relations,https://www.swansea.ac.uk/undergraduate/courses/law/llb-law-practice-international-relations/,Year 1,Choose Exactly 20 credits from the following Modules,20,optional
Swansea,LLB (hons) law in practice with international relations,https://www.swansea.ac.uk/undergraduate/courses/law/llb-law-practice-international-relations/,Year 1,Students choose 120 credits from the following,120,
Swansea,LLB (hons) law in practice with international relations,https://www.swansea.ac.uk/undergraduate/courses/law/llb-law-practice-international-relations/,Year 1,Choose Exactly 20 credits from the following Modules,20,optional
Swansea,LLB (hons) law in practice with international relations,https://www.swansea.ac.uk/undergraduate/courses/law/llb-law-practice-international-relations/,Year 1,Choose Exactly 20 credits from the following Modules,20,optional
Swansea,LLB (hons) law in practice with international relations,https://www.swansea.ac.uk/undergraduate/courses/law/llb-law-practice-international-relations/,Year 2,Students choose 0 credits from the following,0,
Swansea,LLB (hons) law in practice with international relations,https://www.swansea.ac.uk/undergraduate/courses/law/llb-law-practice-international-relations/,Year 2,Choose Exactly 30 credits from the following Modules,30,optional
Swansea,LLB (hons) law in practice with international relations,https://www.swansea.ac.uk/undergraduate/courses/law/llb-law-practice-international-relations/,Year 2,Choose Exactly 30 credits from the following Modules,30,optional
Swansea,LLB (hons) law in practice with international relations,https://www.swansea.ac.uk/undergraduate/courses/law/llb-law-practice-international-relations/,Year 2,Students choose 120 credits from the following,120,
Swansea,LLB (hons) law in practice with international relations,https://www.swansea.ac.uk/undergraduate/courses/law/llb-law-practice-international-relations/,Year 2,Choose Exactly 30 credits from the following Modules,30,optional
Swansea,LLB (hons) law in practice with international relations,https://www.swansea.ac.uk/undergraduate/courses/law/llb-law-practice-international-relations/,Year 2,Choose Exactly 30 credits from the following Modules,30,optional
Swansea,LLB (hons) law in practice with international relations,https://www.swansea.ac.uk/undergraduate/courses/law/llb-law-practice-international-relations/,Year 4,Students choose 120 credits from the following,120,
Swansea,LLB (hons) law in practice with international relations,https://www.swansea.ac.uk/undergraduate/courses/law/llb-law-practice-international-relations/,Year 4,Choose Exactly 80 credits from the following Modules,80,optional
Swansea,LLB (hons) law in practice with international relations,https://www.swansea.ac.uk/undergraduate/courses/law/llb-law-practice-international-relations/,Year 4,Choose Exactly 20 credits from the following Modules,20,optional
Swansea,LLB (hons) law in practice with international relations,https://www.swansea.ac.uk/undergraduate/courses/law/llb-law-practice-international-relations/,Year 4,Students choose 120 credits from the following,120,
Swansea,LLB (hons) law in practice with international relations,https://www.swansea.ac.uk/undergraduate/courses/law/llb-law-practice-international-relations/,Year 4,Choose Exactly 80 credits from the following Modules,80,optional
Swansea,LLB (hons) law in practice with international relations,https://www.swansea.ac.uk/undergraduate/courses/law/llb-law-practice-international-relations/,Year 4,Choose Exactly 20 credits from the following Modules,20,optional
Swansea,BA (hons) politics,https://www.swansea.ac.uk/undergraduate/courses/social-sciences/politics-philosophy-international-relations/ba-politics/,Year 1,Students choose 120 credits from the following,120,
Swansea,BA (hons) politics,https://www.swansea.ac.uk/undergraduate/courses/social-sciences/politics-philosophy-international-relations/ba-politics/,Year 1,Choose Exactly 20 credits from the following Modules,20,optional
Swansea,BA (hons) politics,https://www.swansea.ac.uk/undergraduate/courses/social-sciences/politics-philosophy-international-relations/ba-politics/,Year 1,Students choose 120 credits from the following,120,
Swansea,BA (hons) politics,https://www.swansea.ac.uk/undergraduate/courses/social-sciences/politics-philosophy-international-relations/ba-politics/,Year 1,Choose Exactly 20 credits from the following Modules,20,optional
Swansea,BA (hons) politics,https://www.swansea.ac.uk/undergraduate/courses/social-sciences/politics-philosophy-international-relations/ba-politics/,Year 1,Students choose 120 credits from the following,120,
Swansea,BA (hons) politics,https://www.swansea.ac.uk/undergraduate/courses/social-sciences/politics-philosophy-international-relations/ba-politics/,Year 1,Choose Exactly 20 credits from the following Modules,20,optional
Swansea,BA (hons) politics,https://www.swansea.ac.uk/undergraduate/courses/social-sciences/politics-philosophy-international-relations/ba-politics/,Year 1,Students choose 120 credits from the following,120,
Swansea,BA (hons) politics,https://www.swansea.ac.uk/undergraduate/courses/social-sciences/politics-philosophy-international-relations/ba-politics/,Year 1,Choose Exactly 20 credits from the following Modules,20,optional
Swansea,BA (hons) politics,https://www.swansea.ac.uk/undergraduate/courses/social-sciences/politics-philosophy-international-relations/ba-politics/,Year 2,Students choose 120 credits from the following,120,
Swansea,BA (hons) politics,https://www.swansea.ac.uk/undergraduate/courses/social-sciences/politics-philosophy-international-relations/ba-politics/,Year 2,Choose Exactly 40 credits from the following Modules,40,optional
Swansea,BA (hons) politics,https://www.swansea.ac.uk/undergraduate/courses/social-sciences/politics-philosophy-international-relations/ba-politics/,Year 2,Choose Exactly 20 credits from the following Modules,20,optional
Swansea,BA (hons) politics,https://www.swansea.ac.uk/undergraduate/courses/social-sciences/politics-philosophy-international-relations/ba-politics/,Year 2,Students choose 120 credits from the following,120,
Swansea,BA (hons) politics,https://www.swansea.ac.uk/undergraduate/courses/social-sciences/politics-philosophy-international-relations/ba-politics/,Year 2,Choose Exactly 40 credits from the following Modules,40,optional
Swansea,BA (hons) politics,https://www.swansea.ac.uk/undergraduate/courses/social-sciences/politics-philosophy-international-relations/ba-politics/,Year 2,Choose Exactly 20 credits from the following Modules,20,optional
Swansea,BA (hons) politics,https://www.swansea.ac.uk/undergraduate/courses/social-sciences/politics-philosophy-international-relations/ba-politics/,Year 2,Students choose 120 credits from the following,120,
Swansea,BA (hons) politics,https://www.swansea.ac.uk/undergraduate/courses/social-sciences/politics-philosophy-international-relations/ba-politics/,Year 2,Choose Exactly 40 credits from the following Modules,40,optional
Swansea,BA (hons) politics,https://www.swansea.ac.uk/undergraduate/courses/social-sciences/politics-philosophy-international-relations/ba-politics/,Year 2,Choose Exactly 20 credits from the following Modules,20,optional
Swansea,BA (hons) politics,https://www.swansea.ac.uk/undergraduate/courses/social-sciences/politics-philosophy-international-relations/ba-politics/,Year 2,Students choose 120 credits from the following,120,
Swansea,BA (hons) politics,https://www.swansea.ac.uk/undergraduate/courses/social-sciences/politics-philosophy-international-relations/ba-politics/,Year 2,Choose Exactly 40 credits from the following Modules,40,optional
Swansea,BA (hons) politics,https://www.swansea.ac.uk/undergraduate/courses/social-sciences/politics-philosophy-international-relations/ba-politics/,Year 2,Choose Exactly 20 credits from the following Modules,20,optional
Swansea,BA (hons) politics,https://www.swansea.ac.uk/undergraduate/courses/social-sciences/politics-philosophy-international-relations/ba-politics/,Year 3,Students choose 120 credits from the following,120,
Swansea,BA (hons) politics,https://www.swansea.ac.uk/undergraduate/courses/social-sciences/politics-philosophy-international-relations/ba-politics/,Year 3,Choose Exactly 40 credits from the following Modules,40,optional
Swansea,BA (hons) politics,https://www.swansea.ac.uk/undergraduate/courses/social-sciences/politics-philosophy-international-relations/ba-politics/,Year 3,Choose Exactly 20 credits from the following Modules,20,optional
Swansea,BA (hons) politics,https://www.swansea.ac.uk/undergraduate/courses/social-sciences/politics-philosophy-international-relations/ba-politics/,Year 3,Choose Exactly 20 credits from the following Modules,20,optional
Swansea,BA (hons) politics,https://www.swansea.ac.uk/undergraduate/courses/social-sciences/politics-philosophy-international-relations/ba-politics/,Year 3,Students choose 120 credits from the following,120,
Swansea,BA (hons) politics,https://www.swansea.ac.uk/undergraduate/courses/social-sciences/politics-philosophy-international-relations/ba-politics/,Year 3,Choose Exactly 40 credits from the following Modules,40,optional
Swansea,BA (hons) politics,https://www.swansea.ac.uk/undergraduate/courses/social-sciences/politics-philosophy-international-relations/ba-politics/,Year 3,Choose Exactly 20 credits from the following Modules,20,optional
Swansea,BA (hons) politics,https://www.swansea.ac.uk/undergraduate/courses/social-sciences/politics-philosophy-international-relations/ba-politics/,Year 3,Choose Exactly 20 credits from the following Modules,20,optional
Swansea,BA (hons) politics,https://www.swansea.ac.uk/undergraduate/courses/social-sciences/politics-philosophy-international-relations/ba-politics/,Year 4,Students choose 120 credits from the following,120,
Swansea,BA (hons) politics,https://www.swansea.ac.uk/undergraduate/courses/social-sciences/politics-philosophy-international-relations/ba-politics/,Year 4,Choose Exactly 40 credits from the following Modules,40,optional
Swansea,BA (hons) politics,https://www.swansea.ac.uk/undergraduate/courses/social-sciences/politics-philosophy-international-relations/ba-politics/,Year 4,Choose Exactly 20 credits from the following Modules,20,optional
Swansea,BA (hons) politics,https://www.swansea.ac.uk/undergraduate/courses/social-sciences/politics-philosophy-international-relations/ba-politics/,Year 4,Choose Exactly 20 credits from the following Modules,20,optional
Swansea,BA (hons) politics,https://www.swansea.ac.uk/undergraduate/courses/social-sciences/politics-philosophy-international-relations/ba-politics/,Year 4,Students choose 120 credits from the following,120,
Swansea,BA (hons) politics,https://www.swansea.ac.uk/undergraduate/courses/social-sciences/politics-philosophy-international-relations/ba-politics/,Year 4,Choose Exactly 40 credits from the following Modules,40,optional
Swansea,BA (hons) politics,https://www.swansea.ac.uk/undergraduate/courses/social-sciences/politics-philosophy-international-relations/ba-politics/,Year 4,Choose Exactly 20 credits from the following Modules,20,optional
Swansea,BA (hons) politics,https://www.swansea.ac.uk/undergraduate/courses/social-sciences/politics-philosophy-international-relations/ba-politics/,Year 4,Choose Exactly 20 credits from the following Modules,20,optional
London Met,BA (hons) international relations & politics,http://www.londonmet.ac.uk/courses/undergraduate/international-relations-and-politics---ba-hons/,Year 1,After Empire: Regions and Powers in World Politics,,
London Met,BA (hons) international relations & politics,http://www.londonmet.ac.uk/courses/undergraduate/international-relations-and-politics---ba-hons/,Year 1,Conflict and Diplomacy Since 1945,,
London Met,BA (hons) international relations & politics,http://www.londonmet.ac.uk/courses/undergraduate/international-relations-and-politics---ba-hons/,Year 1,Global Wealth and Inequality: An Introduction to International Political Economy,,
London Met,BA (hons) international relations & politics,http://www.londonmet.ac.uk/courses/undergraduate/international-relations-and-politics---ba-hons/,Year 1,Perspectives from the Global South,,
London Met,BA (hons) international relations & politics,http://www.londonmet.ac.uk/courses/undergraduate/international-relations-and-politics---ba-hons/,Year 1,Political Science Concepts and Institutions,,
London Met,BA (hons) international relations & politics,http://www.londonmet.ac.uk/courses/undergraduate/international-relations-and-politics---ba-hons/,Year 1,Understanding the International System,,
London Met,BA (hons) international relations & politics,http://www.londonmet.ac.uk/courses/undergraduate/international-relations-and-politics---ba-hons/,Year 1,"Violence, Peace and Progress: Issues in World Politics",,
London Met,BA (hons) international relations & politics,http://www.londonmet.ac.uk/courses/undergraduate/international-relations-and-politics---ba-hons/,Year 1,What is Politics For? Political Aims and Ideas,,
London Met,BA (hons) international relations & politics,http://www.londonmet.ac.uk/courses/undergraduate/international-relations-and-politics---ba-hons/,Year 2,British Politics,,
London Met,BA (hons) international relations & politics,http://www.londonmet.ac.uk/courses/undergraduate/international-relations-and-politics---ba-hons/,Year 2,Paradigms and Politics: Research Methods and Models,,
London Met,BA (hons) international relations & politics,http://www.londonmet.ac.uk/courses/undergraduate/international-relations-and-politics---ba-hons/,Year 2,"Political Ideas in Modernity: Choices, Rights and Challenges",,
London Met,BA (hons) international relations & politics,http://www.londonmet.ac.uk/courses/undergraduate/international-relations-and-politics---ba-hons/,Year 2,Political Ideas in Modernity: From Renaissance to Revolution,,
London Met,BA (hons) international relations & politics,http://www.londonmet.ac.uk/courses/undergraduate/international-relations-and-politics---ba-hons/,Year 2,Theories of International Relations: Discipline and Diversity,,
London Met,BA (hons) international relations & politics,http://www.londonmet.ac.uk/courses/undergraduate/international-relations-and-politics---ba-hons/,Year 2,"Modern Diplomacy: Communication, Representation, Negotiation",,
London Met,BA (hons) international relations & politics,http://www.londonmet.ac.uk/courses/undergraduate/international-relations-and-politics---ba-hons/,Year 2,Peace and Conflict: Theories and Issues,,
London Met,BA (hons) international relations & politics,http://www.londonmet.ac.uk/courses/undergraduate/international-relations-and-politics---ba-hons/,Year 2,Politics of the Middle East,,
London Met,BA (hons) international relations & politics,http://www.londonmet.ac.uk/courses/undergraduate/international-relations-and-politics---ba-hons/,Year 2,Sustainability and Environmental Justice,,
London Met,BA (hons) international relations & politics,http://www.londonmet.ac.uk/courses/undergraduate/international-relations-and-politics---ba-hons/,Year 2,The New Diplomacy,,
London Met,BA (hons) international relations & politics,http://www.londonmet.ac.uk/courses/undergraduate/international-relations-and-politics---ba-hons/,Year 2,The Politics of the European Union,,
London Met,BA (hons) international relations & politics,http://www.londonmet.ac.uk/courses/undergraduate/international-relations-and-politics---ba-hons/,Year 3,International Security Studies: Issues and Challenges,,
London Met,BA (hons) international relations & politics,http://www.londonmet.ac.uk/courses/undergraduate/international-relations-and-politics---ba-hons/,Year 3,International Security Studies: Theories and Challenges,,
London Met,BA (hons) international relations & politics,http://www.londonmet.ac.uk/courses/undergraduate/international-relations-and-politics---ba-hons/,Year 3,"The Modern State: Democracy, Dictatorship and Beyond",,
London Met,BA (hons) international relations & politics,http://www.londonmet.ac.uk/courses/undergraduate/international-relations-and-politics---ba-hons/,Year 3,"The Modern State: Progress, Protests and Power",,
London Met,BA (hons) international relations & politics,http://www.londonmet.ac.uk/courses/undergraduate/international-relations-and-politics---ba-hons/,Year 3,Placement 1 Year,,
London Met,BA (hons) international relations & politics,http://www.londonmet.ac.uk/courses/undergraduate/international-relations-and-politics---ba-hons/,Year 3,Project 1 Semester,,
London Met,BA (hons) international relations & politics,http://www.londonmet.ac.uk/courses/undergraduate/international-relations-and-politics---ba-hons/,Year 3,Project 1 Year,,
London Met,BA (hons) international relations & politics,http://www.londonmet.ac.uk/courses/undergraduate/international-relations-and-politics---ba-hons/,Year 3,Action and Identity: Gender and Political Participation,,
London Met,BA (hons) international relations & politics,http://www.londonmet.ac.uk/courses/undergraduate/international-relations-and-politics---ba-hons/,Year 3,Conflict Resolution: Building Sustainable Peace,,
London Met,BA (hons) international relations & politics,http://www.londonmet.ac.uk/courses/undergraduate/international-relations-and-politics---ba-hons/,Year 3,Conflict Resolution: Concepts and Strategies,,
London Met,BA (hons) international relations & politics,http://www.londonmet.ac.uk/courses/undergraduate/international-relations-and-politics---ba-hons/,Year 3,Global Populism and the Crisis of Democracy,,
London Met,BA (hons) international relations & politics,http://www.londonmet.ac.uk/courses/undergraduate/international-relations-and-politics---ba-hons/,Year 3,Human Rights and Global Justice,,
London Met,BA (hons) international relations & politics,http://www.londonmet.ac.uk/courses/undergraduate/international-relations-and-politics---ba-hons/,Year 3,Public Diplomacy and Global Influence,,
London Met,BA (hons) international relations,http://www.londonmet.ac.uk/courses/undergraduate/international-relations---ba-hons/,Year 1,After Empire: Regions and Powers in World Politics,,
London Met,BA (hons) international relations,http://www.londonmet.ac.uk/courses/undergraduate/international-relations---ba-hons/,Year 1,Conflict and Diplomacy Since 1945,,
London Met,BA (hons) international relations,http://www.londonmet.ac.uk/courses/undergraduate/international-relations---ba-hons/,Year 1,Global Wealth and Inequality: An Introduction to International Political Economy,,
London Met,BA (hons) international relations,http://www.londonmet.ac.uk/courses/undergraduate/international-relations---ba-hons/,Year 1,Perspectives from the Global South,,
London Met,BA (hons) international relations,http://www.londonmet.ac.uk/courses/undergraduate/international-relations---ba-hons/,Year 1,Political Science Concepts and Institutions,,
London Met,BA (hons) international relations,http://www.londonmet.ac.uk/courses/undergraduate/international-relations---ba-hons/,Year 1,Understanding the International System,,
London Met,BA (hons) international relations,http://www.londonmet.ac.uk/courses/undergraduate/international-relations---ba-hons/,Year 1,"Violence, Peace and Progress: Issues in World Politics",,
London Met,BA (hons) international relations,http://www.londonmet.ac.uk/courses/undergraduate/international-relations---ba-hons/,Year 1,What is Politics For? Political Aims and Ideas,,
London Met,BA (hons) international relations,http://www.londonmet.ac.uk/courses/undergraduate/international-relations---ba-hons/,Year 1,"Language Module (Arabic, French, Spanish or English)",,
London Met,BA (hons) international relations,http://www.londonmet.ac.uk/courses/undergraduate/international-relations---ba-hons/,Year 2,Paradigms and Politics: Research Methods and Models,,
London Met,BA (hons) international relations,http://www.londonmet.ac.uk/courses/undergraduate/international-relations---ba-hons/,Year 2,Theories of International Relations: Discipline and Diversity,,
London Met,BA (hons) international relations,http://www.londonmet.ac.uk/courses/undergraduate/international-relations---ba-hons/,Year 2,"Language Module (Arabic, French, Spanish or English)",,
London Met,BA (hons) international relations,http://www.londonmet.ac.uk/courses/undergraduate/international-relations---ba-hons/,Year 2,"Language Module (Arabic, French, Spanish or English)",,
London Met,BA (hons) international relations,http://www.londonmet.ac.uk/courses/undergraduate/international-relations---ba-hons/,Year 2,British Politics,,
London Met,BA (hons) international relations,http://www.londonmet.ac.uk/courses/undergraduate/international-relations---ba-hons/,Year 2,"Modern Diplomacy: Communication, Representation, Negotiation",,
London Met,BA (hons) international relations,http://www.londonmet.ac.uk/courses/undergraduate/international-relations---ba-hons/,Year 2,Peace and Conflict: Theories and Issues,,
London Met,BA (hons) international relations,http://www.londonmet.ac.uk/courses/undergraduate/international-relations---ba-hons/,Year 2,"Political Ideas in Modernity: Choices, Rights and Challenges",,
London Met,BA (hons) international relations,http://www.londonmet.ac.uk/courses/undergraduate/international-relations---ba-hons/,Year 2,Political Ideas in Modernity: From Renaissance to Revolution,,
London Met,BA (hons) international relations,http://www.londonmet.ac.uk/courses/undergraduate/international-relations---ba-hons/,Year 2,Politics of the Middle East,,
London Met,BA (hons) international relations,http://www.londonmet.ac.uk/courses/undergraduate/international-relations---ba-hons/,Year 2,Sustainability and Environmental Justice,,
London Met,BA (hons) international relations,http://www.londonmet.ac.uk/courses/undergraduate/international-relations---ba-hons/,Year 2,The New Diplomacy,,
London Met,BA (hons) international relations,http://www.londonmet.ac.uk/courses/undergraduate/international-relations---ba-hons/,Year 2,The Politics of the European Union,,
London Met,BA (hons) international relations,http://www.londonmet.ac.uk/courses/undergraduate/international-relations---ba-hons/,Year 3,International Security Studies: Issues and Challenges,,
London Met,BA (hons) international relations,http://www.londonmet.ac.uk/courses/undergraduate/international-relations---ba-hons/,Year 3,International Security Studies: Theories and Challenges,,
London Met,BA (hons) international relations,http://www.londonmet.ac.uk/courses/undergraduate/international-relations---ba-hons/,Year 3,Placement 1 Year,,
London Met,BA (hons) international relations,http://www.londonmet.ac.uk/courses/undergraduate/international-relations---ba-hons/,Year 3,Project 1 Semester,,
London Met,BA (hons) international relations,http://www.londonmet.ac.uk/courses/undergraduate/international-relations---ba-hons/,Year 3,Project 1 Year,,
London Met,BA (hons) international relations,http://www.londonmet.ac.uk/courses/undergraduate/international-relations---ba-hons/,Year 3,Action and Identity: Gender and Political Participation,,
London Met,BA (hons) international relations,http://www.londonmet.ac.uk/courses/undergraduate/international-relations---ba-hons/,Year 3,Conflict Resolution: Building Sustainable Peace,,
London Met,BA (hons) international relations,http://www.londonmet.ac.uk/courses/undergraduate/international-relations---ba-hons/,Year 3,Conflict Resolution: Concepts and Strategies,,
London Met,BA (hons) international relations,http://www.londonmet.ac.uk/courses/undergraduate/international-relations---ba-hons/,Year 3,Global Populism and the Crisis of Democracy,,
London Met,BA (hons) international relations,http://www.londonmet.ac.uk/courses/undergraduate/international-relations---ba-hons/,Year 3,Human Rights and Global Justice,,
London Met,BA (hons) international relations,http://www.londonmet.ac.uk/courses/undergraduate/international-relations---ba-hons/,Year 3,"Language Module (Arabic, French, Spanish or English)",,
London Met,BA (hons) international relations,http://www.londonmet.ac.uk/courses/undergraduate/international-relations---ba-hons/,Year 3,"Language Module (Arabic, French, Spanish or English)",,
London Met,BA (hons) international relations,http://www.londonmet.ac.uk/courses/undergraduate/international-relations---ba-hons/,Year 3,Public Diplomacy and Global Influence,,
London Met,BA (hons) international relations,http://www.londonmet.ac.uk/courses/undergraduate/international-relations---ba-hons/,Year 3,"The Modern State: Democracy, Dictatorship and Beyond",,
London Met,BA (hons) international relations,http://www.londonmet.ac.uk/courses/undergraduate/international-relations---ba-hons/,Year 3,"The Modern State: Progress, Protests and Power",,
London Met,LLB (hons) law with international relations,http://www.londonmet.ac.uk/courses/undergraduate/law-with-international-relations---llb-hons/,Year 1,Administrative Law,,
London Met,LLB (hons) law with international relations,http://www.londonmet.ac.uk/courses/undergraduate/law-with-international-relations---llb-hons/,Year 1,Constitutional Law,,
London Met,LLB (hons) law with international relations,http://www.londonmet.ac.uk/courses/undergraduate/law-with-international-relations---llb-hons/,Year 1,Contract I,,
London Met,LLB (hons) law with international relations,http://www.londonmet.ac.uk/courses/undergraduate/law-with-international-relations---llb-hons/,Year 1,Criminal Law I,,
London Met,LLB (hons) law with international relations,http://www.londonmet.ac.uk/courses/undergraduate/law-with-international-relations---llb-hons/,Year 1,English Legal System,,
London Met,LLB (hons) law with international relations,http://www.londonmet.ac.uk/courses/undergraduate/law-with-international-relations---llb-hons/,Year 1,Land Law I,,
London Met,LLB (hons) law with international relations,http://www.londonmet.ac.uk/courses/undergraduate/law-with-international-relations---llb-hons/,Year 1,Law of Tort I,,
London Met,LLB (hons) law with international relations,http://www.londonmet.ac.uk/courses/undergraduate/law-with-international-relations---llb-hons/,Year 1,Legal Method,,
London Met,LLB (hons) law with international relations,http://www.londonmet.ac.uk/courses/undergraduate/law-with-international-relations---llb-hons/,Year 2,Contract Law II,,
London Met,LLB (hons) law with international relations,http://www.londonmet.ac.uk/courses/undergraduate/law-with-international-relations---llb-hons/,Year 2,Criminal Law II,,
London Met,LLB (hons) law with international relations,http://www.londonmet.ac.uk/courses/undergraduate/law-with-international-relations---llb-hons/,Year 2,Land Law II,,
London Met,LLB (hons) law with international relations,http://www.londonmet.ac.uk/courses/undergraduate/law-with-international-relations---llb-hons/,Year 2,Law of Equity and Trusts I,,
London Met,LLB (hons) law with international relations,http://www.londonmet.ac.uk/courses/undergraduate/law-with-international-relations---llb-hons/,Year 2,Law of Tort II,,
London Met,LLB (hons) law with international relations,http://www.londonmet.ac.uk/courses/undergraduate/law-with-international-relations---llb-hons/,Year 2,Law of the European Union I,,
London Met,LLB (hons) law with international relations,http://www.londonmet.ac.uk/courses/undergraduate/law-with-international-relations---llb-hons/,Year 2,"Modern Diplomacy: Communication, Representation, Negotiation",,
London Met,LLB (hons) law with international relations,http://www.londonmet.ac.uk/courses/undergraduate/law-with-international-relations---llb-hons/,Year 2,Peace and Conflict: Practice and Approaches,,
London Met,LLB (hons) law with international relations,http://www.londonmet.ac.uk/courses/undergraduate/law-with-international-relations---llb-hons/,Year 2,The New Diplomacy,,
London Met,LLB (hons) law with international relations,http://www.londonmet.ac.uk/courses/undergraduate/law-with-international-relations---llb-hons/,Year 2,Advocacy and Mooting,,
London Met,LLB (hons) law with international relations,http://www.londonmet.ac.uk/courses/undergraduate/law-with-international-relations---llb-hons/,Year 2,Alternative Dispute Resolution,,
London Met,LLB (hons) law with international relations,http://www.londonmet.ac.uk/courses/undergraduate/law-with-international-relations---llb-hons/,Year 2,Child Law,,
London Met,LLB (hons) law with international relations,http://www.londonmet.ac.uk/courses/undergraduate/law-with-international-relations---llb-hons/,Year 2,Civil Liberties and Human Rights,,
London Met,LLB (hons) law with international relations,http://www.londonmet.ac.uk/courses/undergraduate/law-with-international-relations---llb-hons/,Year 2,Company Law,,
London Met,LLB (hons) law with international relations,http://www.londonmet.ac.uk/courses/undergraduate/law-with-international-relations---llb-hons/,Year 2,Competition Law,,
London Met,LLB (hons) law with international relations,http://www.londonmet.ac.uk/courses/undergraduate/law-with-international-relations---llb-hons/,Year 2,Consumer Rights Law,,
London Met,LLB (hons) law with international relations,http://www.londonmet.ac.uk/courses/undergraduate/law-with-international-relations---llb-hons/,Year 2,Criminal Punishment - Policies and Practice,,
London Met,LLB (hons) law with international relations,http://www.londonmet.ac.uk/courses/undergraduate/law-with-international-relations---llb-hons/,Year 2,Emerging Crimes and Criminal Law,,
London Met,LLB (hons) law with international relations,http://www.londonmet.ac.uk/courses/undergraduate/law-with-international-relations---llb-hons/,Year 2,Employment Law,,
London Met,LLB (hons) law with international relations,http://www.londonmet.ac.uk/courses/undergraduate/law-with-international-relations---llb-hons/,Year 2,Environmental Law and Sustainability,,
London Met,LLB (hons) law with international relations,http://www.londonmet.ac.uk/courses/undergraduate/law-with-international-relations---llb-hons/,Year 2,Family Law,,
London Met,LLB (hons) law with international relations,http://www.londonmet.ac.uk/courses/undergraduate/law-with-international-relations---llb-hons/,Year 2,Housing Law,,
London Met,LLB (hons) law with international relations,http://www.londonmet.ac.uk/courses/undergraduate/law-with-international-relations---llb-hons/,Year 2,Immigrants and Nativists,,
London Met,LLB (hons) law with international relations,http://www.londonmet.ac.uk/courses/undergraduate/law-with-international-relations---llb-hons/,Year 2,Jurisprudence,,
London Met,LLB (hons) law with international relations,http://www.londonmet.ac.uk/courses/undergraduate/law-with-international-relations---llb-hons/,Year 2,Law and Deal-Making in the Entertainment Industry,,
London Met,LLB (hons) law with international relations,http://www.londonmet.ac.uk/courses/undergraduate/law-with-international-relations---llb-hons/,Year 2,Law of Immigration and Asylum,,
London Met,LLB (hons) law with international relations,http://www.londonmet.ac.uk/courses/undergraduate/law-with-international-relations---llb-hons/,Year 2,Legal Research Methods,,
London Met,LLB (hons) law with international relations,http://www.londonmet.ac.uk/courses/undergraduate/law-with-international-relations---llb-hons/,Year 2,Medical Law,,
London Met,LLB (hons) law with international relations,http://www.londonmet.ac.uk/courses/undergraduate/law-with-international-relations---llb-hons/,Year 2,Politics of the Middle East,,
London Met,LLB (hons) law with international relations,http://www.londonmet.ac.uk/courses/undergraduate/law-with-international-relations---llb-hons/,Year 2,Public International Law,,
London Met,LLB (hons) law with international relations,http://www.londonmet.ac.uk/courses/undergraduate/law-with-international-relations---llb-hons/,Year 2,Sustainability and Environmental Justice,,
London Met,LLB (hons) law with international relations,http://www.londonmet.ac.uk/courses/undergraduate/law-with-international-relations---llb-hons/,Year 2,The Law of Criminal Evidence,,
London Met,LLB (hons) law with international relations,http://www.londonmet.ac.uk/courses/undergraduate/law-with-international-relations---llb-hons/,Year 2,The Politics of the European Union,,
London Met,LLB (hons) law with international relations,http://www.londonmet.ac.uk/courses/undergraduate/law-with-international-relations---llb-hons/,Year 2,Theories of International Relations: Discipline and Diversity,,
London Met,LLB (hons) law with international relations,http://www.londonmet.ac.uk/courses/undergraduate/law-with-international-relations---llb-hons/,Year 3,Civil Law and Practice,,
London Met,LLB (hons) law with international relations,http://www.londonmet.ac.uk/courses/undergraduate/law-with-international-relations---llb-hons/,Year 3,Criminal Litigation,,
London Met,LLB (hons) law with international relations,http://www.londonmet.ac.uk/courses/undergraduate/law-with-international-relations---llb-hons/,Year 3,Law of Equity and Trusts II,,
London Met,LLB (hons) law with international relations,http://www.londonmet.ac.uk/courses/undergraduate/law-with-international-relations---llb-hons/,Year 3,Law of the European Union II,,
London Met,LLB (hons) law with international relations,http://www.londonmet.ac.uk/courses/undergraduate/law-with-international-relations---llb-hons/,Year 3,International Security Studies: Issues and Challenges,,
London Met,LLB (hons) law with international relations,http://www.londonmet.ac.uk/courses/undergraduate/law-with-international-relations---llb-hons/,Year 3,International Security Studies: Theories and Challenges,,
London Met,LLB (hons) law with international relations,http://www.londonmet.ac.uk/courses/undergraduate/law-with-international-relations---llb-hons/,Year 3,Action and Identity: Gender and Political Participation,,
London Met,LLB (hons) law with international relations,http://www.londonmet.ac.uk/courses/undergraduate/law-with-international-relations---llb-hons/,Year 3,Advocacy and Mooting,,
London Met,LLB (hons) law with international relations,http://www.londonmet.ac.uk/courses/undergraduate/law-with-international-relations---llb-hons/,Year 3,Alternative Dispute Resolution,,
London Met,LLB (hons) law with international relations,http://www.londonmet.ac.uk/courses/undergraduate/law-with-international-relations---llb-hons/,Year 3,Child Law,,
London Met,LLB (hons) law with international relations,http://www.londonmet.ac.uk/courses/undergraduate/law-with-international-relations---llb-hons/,Year 3,Civil Liberties and Human Rights,,
London Met,LLB (hons) law with international relations,http://www.londonmet.ac.uk/courses/undergraduate/law-with-international-relations---llb-hons/,Year 3,Company Law,,
London Met,LLB (hons) law with international relations,http://www.londonmet.ac.uk/courses/undergraduate/law-with-international-relations---llb-hons/,Year 3,Competition Law,,
London Met,LLB (hons) law with international relations,http://www.londonmet.ac.uk/courses/undergraduate/law-with-international-relations---llb-hons/,Year 3,Concise Legal Dissertation,,
London Met,LLB (hons) law with international relations,http://www.londonmet.ac.uk/courses/undergraduate/law-with-international-relations---llb-hons/,Year 3,Conflict Resolution: Building Sustainable Peace,,
London Met,LLB (hons) law with international relations,http://www.londonmet.ac.uk/courses/undergraduate/law-with-international-relations---llb-hons/,Year 3,Conflict Resolution: Concepts and Strategies,,
London Met,LLB (hons) law with international relations,http://www.londonmet.ac.uk/courses/undergraduate/law-with-international-relations---llb-hons/,Year 3,Consumer Rights Law,,
London Met,LLB (hons) law with international relations,http://www.londonmet.ac.uk/courses/undergraduate/law-with-international-relations---llb-hons/,Year 3,Emerging Crimes and Criminal Law,,
London Met,LLB (hons) law with international relations,http://www.londonmet.ac.uk/courses/undergraduate/law-with-international-relations---llb-hons/,Year 3,Employment and Equality Law,,
London Met,LLB (hons) law with international relations,http://www.londonmet.ac.uk/courses/undergraduate/law-with-international-relations---llb-hons/,Year 3,Environmental Law and Sustainability,,
London Met,LLB (hons) law with international relations,http://www.londonmet.ac.uk/courses/undergraduate/law-with-international-relations---llb-hons/,Year 3,Family Law,,
London Met,LLB (hons) law with international relations,http://www.londonmet.ac.uk/courses/undergraduate/law-with-international-relations---llb-hons/,Year 3,Housing Law,,
London Met,LLB (hons) law with international relations,http://www.londonmet.ac.uk/courses/undergraduate/law-with-international-relations---llb-hons/,Year 3,International Trade Law,,
London Met,LLB (hons) law with international relations,http://www.londonmet.ac.uk/courses/undergraduate/law-with-international-relations---llb-hons/,Year 3,Jurisprudence,,
London Met,LLB (hons) law with international relations,http://www.londonmet.ac.uk/courses/undergraduate/law-with-international-relations---llb-hons/,Year 3,Law Dissertation,,
London Met,LLB (hons) law with international relations,http://www.londonmet.ac.uk/courses/undergraduate/law-with-international-relations---llb-hons/,Year 3,Law and Deal-Making in the Entertainment Industry,,
London Met,LLB (hons) law with international relations,http://www.londonmet.ac.uk/courses/undergraduate/law-with-international-relations---llb-hons/,Year 3,Law of Immigration and Asylum,,
London Met,LLB (hons) law with international relations,http://www.londonmet.ac.uk/courses/undergraduate/law-with-international-relations---llb-hons/,Year 3,Medical Law,,
London Met,LLB (hons) law with international relations,http://www.londonmet.ac.uk/courses/undergraduate/law-with-international-relations---llb-hons/,Year 3,Penal Policy,,
London Met,LLB (hons) law with international relations,http://www.londonmet.ac.uk/courses/undergraduate/law-with-international-relations---llb-hons/,Year 3,Public Diplomacy and Global Influence,,
London Met,LLB (hons) law with international relations,http://www.londonmet.ac.uk/courses/undergraduate/law-with-international-relations---llb-hons/,Year 3,Public International Law,,
London Met,LLB (hons) law with international relations,http://www.londonmet.ac.uk/courses/undergraduate/law-with-international-relations---llb-hons/,Year 3,Strategic Communications and Global Media,,
London Met,LLB (hons) law with international relations,http://www.londonmet.ac.uk/courses/undergraduate/law-with-international-relations---llb-hons/,Year 3,The Law of Criminal Evidence,,
Plymouth,BSc (hons) international relations,https://www.plymouth.ac.uk/courses/undergraduate/bsc-international-relations,Year 1,PIR4001 Democracy and Democratization,20,core
Plymouth,BSc (hons) international relations,https://www.plymouth.ac.uk/courses/undergraduate/bsc-international-relations,Year 1,PIR4002 Discovering World Politics,20,core
Plymouth,BSc (hons) international relations,https://www.plymouth.ac.uk/courses/undergraduate/bsc-international-relations,Year 1,PIR4004 Comparative Democracies,20,core
Plymouth,BSc (hons) international relations,https://www.plymouth.ac.uk/courses/undergraduate/bsc-international-relations,Year 1,PIR4005 International Relations Since 1945,20,core
Plymouth,BSc (hons) international relations,https://www.plymouth.ac.uk/courses/undergraduate/bsc-international-relations,Year 1,PIR4006 One Planet? Society and Sustainability,20,core
Plymouth,BSc (hons) international relations,https://www.plymouth.ac.uk/courses/undergraduate/bsc-international-relations,Year 1,PIR4007 Theories of International Relations,20,core
Plymouth,BSc (hons) international relations,https://www.plymouth.ac.uk/courses/undergraduate/bsc-international-relations,Year 2,PIR5002 Global Governance and the United Nations,20,core
Plymouth,BSc (hons) international relations,https://www.plymouth.ac.uk/courses/undergraduate/bsc-international-relations,Year 2,PIR5007 Global Political Economy,20,core
Plymouth,BSc (hons) international relations,https://www.plymouth.ac.uk/courses/undergraduate/bsc-international-relations,Year 2,PIR5008 International Security Studies,20,core
Plymouth,BSc (hons) international relations,https://www.plymouth.ac.uk/courses/undergraduate/bsc-international-relations,Year 2,PIR5009MX Refugee Studies,20,optional
Plymouth,BSc (hons) international relations,https://www.plymouth.ac.uk/courses/undergraduate/bsc-international-relations,Year 2,PIR6000 Dissertation in Politics and International Relations,40,core
Plymouth,BSc (hons) international relations,https://www.plymouth.ac.uk/courses/undergraduate/bsc-international-relations,Year 2,PIR6001 Work Based Learning in Politics or International Relations,20,optional
Plymouth,BSc (hons) international relations,https://www.plymouth.ac.uk/courses/undergraduate/bsc-international-relations,Year 2,PIR6002 NATO after the Cold War and Beyond,20,optional
Plymouth,BSc (hons) international relations,https://www.plymouth.ac.uk/courses/undergraduate/bsc-international-relations,Year 2,PIR6006 The Politics of the United States,20,optional
Plymouth,BSc (hons) international relations,https://www.plymouth.ac.uk/courses/undergraduate/bsc-international-relations,Year 2,PIR6010 The Politics and International Relations of the Middle East,20,optional
Plymouth,BSc (hons) international relations,https://www.plymouth.ac.uk/courses/undergraduate/bsc-international-relations,Year 2,ANT6008MX Coastal Cultures,20,optional
Plymouth,BSc (hons) international relations,https://www.plymouth.ac.uk/courses/undergraduate/bsc-international-relations,Year 2,"ENG5010MX Writing Creative Nonfiction: Autobiography, Travel Writing, Reportage",20,optional
Plymouth,BSc (hons) international relations,https://www.plymouth.ac.uk/courses/undergraduate/bsc-international-relations,Year 2,ENG6008MX Features Journalism Workshop,20,optional
Plymouth,BSc (hons) international relations,https://www.plymouth.ac.uk/courses/undergraduate/bsc-international-relations,Year 2,ENG6005MX American Crime Writing,20,optional
Plymouth,BSc (hons) international relations,https://www.plymouth.ac.uk/courses/undergraduate/bsc-international-relations,Year 2,HIS5014MX Dunkirk to D Day: The Second World War in Europe,20,optional
Plymouth,BSc (hons) international relations,https://www.plymouth.ac.uk/courses/undergraduate/bsc-international-relations,Year 2,"HIS6002MX Piracy and Privateering, c.1560-1816",20,optional
Plymouth,BSc (hons) international relations,https://www.plymouth.ac.uk/courses/undergraduate/bsc-international-relations,Year 2,CRM6011MX Security Management,20,optional
Plymouth,BSc (hons) international relations,https://www.plymouth.ac.uk/courses/undergraduate/bsc-international-relations,Year 2,SOC5005MX Globalisation and Social Justice,20,optional
Plymouth,BSc (hons) international relations,https://www.plymouth.ac.uk/courses/undergraduate/bsc-international-relations,Year 2,"SOC6004MX Health, Medical Power and Social Justice",20,optional
Plymouth,BSc (hons) international relations,https://www.plymouth.ac.uk/courses/undergraduate/bsc-international-relations,Year 2,CRM6011MX Security Management,20,optional
Plymouth,BSc (hons) international relations,https://www.plymouth.ac.uk/courses/undergraduate/bsc-international-relations,Year 2,PIR5013MX Politics Beyond Parliaments,20,optional
Plymouth,BSc (hons) international relations,https://www.plymouth.ac.uk/courses/undergraduate/bsc-international-relations,Year 2,PIR6008MX Voter Behaviour and Effective Election Campaigning,20,optional
Plymouth,BSc (hons) international relations,https://www.plymouth.ac.uk/courses/undergraduate/bsc-international-relations,Year 2,PIR5009MX Refugee Studies,20,optional
Plymouth,BSc (hons) politics & international relations,https://www.plymouth.ac.uk/courses/undergraduate/bsc-politics-and-international-relations,Year 1,PIR4001 Democracy and Democratization,20,core
Plymouth,BSc (hons) politics & international relations,https://www.plymouth.ac.uk/courses/undergraduate/bsc-politics-and-international-relations,Year 1,PIR4002 Discovering World Politics,20,core
Plymouth,BSc (hons) politics & international relations,https://www.plymouth.ac.uk/courses/undergraduate/bsc-politics-and-international-relations,Year 1,PIR4004 Comparative Democracies,20,core
Plymouth,BSc (hons) politics & international relations,https://www.plymouth.ac.uk/courses/undergraduate/bsc-politics-and-international-relations,Year 1,PIR4005 International Relations Since 1945,20,core
Plymouth,BSc (hons) politics & international relations,https://www.plymouth.ac.uk/courses/undergraduate/bsc-politics-and-international-relations,Year 1,PIR4006 One Planet? Society and Sustainability,20,core
Plymouth,BSc (hons) politics & international relations,https://www.plymouth.ac.uk/courses/undergraduate/bsc-politics-and-international-relations,Year 1,PIR4007 Theories of International Relations,20,core
Plymouth,BSc (hons) politics & international relations,https://www.plymouth.ac.uk/courses/undergraduate/bsc-politics-and-international-relations,Year 2,PIR5002 Global Governance and the United Nations,20,optional
Plymouth,BSc (hons) politics & international relations,https://www.plymouth.ac.uk/courses/undergraduate/bsc-politics-and-international-relations,Year 2,PIR5005 Democracy in the UK: An Introduction to British Politics,20,optional
Plymouth,BSc (hons) politics & international relations,https://www.plymouth.ac.uk/courses/undergraduate/bsc-politics-and-international-relations,Year 2,PIR5007 Global Political Economy,20,optional
Plymouth,BSc (hons) politics & international relations,https://www.plymouth.ac.uk/courses/undergraduate/bsc-politics-and-international-relations,Year 2,PIR5008 International Security Studies,20,optional
Plymouth,BSc (hons) politics & international relations,https://www.plymouth.ac.uk/courses/undergraduate/bsc-politics-and-international-relations,Year 2,PIR5009MX Refugee Studies,20,optional
Plymouth,BSc (hons) politics & international relations,https://www.plymouth.ac.uk/courses/undergraduate/bsc-politics-and-international-relations,Year 2,PIR5013MX Politics Beyond Parliaments,20,optional
Plymouth,BSc (hons) politics & international relations,https://www.plymouth.ac.uk/courses/undergraduate/bsc-politics-and-international-relations,Year 2,PIR6000 Dissertation in Politics and International Relations,40,core
Plymouth,BSc (hons) politics & international relations,https://www.plymouth.ac.uk/courses/undergraduate/bsc-politics-and-international-relations,Year 2,PIR6001 Work Based Learning in Politics or International Relations,20,optional
Plymouth,BSc (hons) politics & international relations,https://www.plymouth.ac.uk/courses/undergraduate/bsc-politics-and-international-relations,Year 2,PIR6002 NATO after the Cold War and Beyond,20,optional
Plymouth,BSc (hons) politics & international relations,https://www.plymouth.ac.uk/courses/undergraduate/bsc-politics-and-international-relations,Year 2,PIR6006 The Politics of the United States,20,optional
Plymouth,BSc (hons) politics & international relations,https://www.plymouth.ac.uk/courses/undergraduate/bsc-politics-and-international-relations,Year 2,PIR6010 The Politics and International Relations of the Middle East,20,optional
Plymouth,BSc (hons) politics & international relations,https://www.plymouth.ac.uk/courses/undergraduate/bsc-politics-and-international-relations,Year 2,PIR6008MX Voter Behaviour and Effective Election Campaigning,20,optional
Plymouth,BSc (hons) politics & international relations,https://www.plymouth.ac.uk/courses/undergraduate/bsc-politics-and-international-relations,Year 2,ANT6008MX Coastal Cultures,20,optional
Plymouth,BSc (hons) politics & international relations,https://www.plymouth.ac.uk/courses/undergraduate/bsc-politics-and-international-relations,Year 2,"ENG5010MX Writing Creative Nonfiction: Autobiography, Travel Writing, Reportage",20,optional
Plymouth,BSc (hons) politics & international relations,https://www.plymouth.ac.uk/courses/undergraduate/bsc-politics-and-international-relations,Year 2,ENG6008MX Features Journalism Workshop,20,optional
Plymouth,BSc (hons) politics & international relations,https://www.plymouth.ac.uk/courses/undergraduate/bsc-politics-and-international-relations,Year 2,ENG6005MX American Crime Writing,20,optional
Plymouth,BSc (hons) politics & international relations,https://www.plymouth.ac.uk/courses/undergraduate/bsc-politics-and-international-relations,Year 2,HIS5014MX Dunkirk to D Day: The Second World War in Europe,20,optional
Plymouth,BSc (hons) politics & international relations,https://www.plymouth.ac.uk/courses/undergraduate/bsc-politics-and-international-relations,Year 2,"HIS6002MX Piracy and Privateering, c.1560-1816",20,optional
Plymouth,BSc (hons) politics & international relations,https://www.plymouth.ac.uk/courses/undergraduate/bsc-politics-and-international-relations,Year 2,CRM6011MX Security Management,20,optional
Plymouth,BSc (hons) politics & international relations,https://www.plymouth.ac.uk/courses/undergraduate/bsc-politics-and-international-relations,Year 2,SOC5005MX Globalisation and Social Justice,20,optional
Plymouth,BSc (hons) politics & international relations,https://www.plymouth.ac.uk/courses/undergraduate/bsc-politics-and-international-relations,Year 2,"SOC6004MX Health, Medical Power and Social Justice",20,optional
Plymouth,BSc (hons) politics & international relations,https://www.plymouth.ac.uk/courses/undergraduate/bsc-politics-and-international-relations,Year 2,CRM6011MX Security Management,20,optional
Southampton,BSc (hons) politics,https://www.southampton.ac.uk/courses/politics-degree-bsc,Year 3,Partisans,,
Southampton,BSc (hons) politics,https://www.southampton.ac.uk/courses/politics-degree-bsc,Year 3,Public Opinion and Elections,,
Southampton,BSc (hons) politics,https://www.southampton.ac.uk/courses/politics-degree-bsc,Year 3,Politics and Protest,,
Southampton,BSc (hons) politics,https://www.southampton.ac.uk/courses/politics-degree-bsc,Year 3,Reinventing Democracy,,
Southampton,BSc (hons) politics,https://www.southampton.ac.uk/courses/politics-degree-bsc,Year 3,Politics and Governance of the EU,,
Southampton,BSc (hons) politics,https://www.southampton.ac.uk/courses/politics-degree-bsc,Year 3,"coursework, laboratory reports and essays",,
Southampton,BSc (hons) politics,https://www.southampton.ac.uk/courses/politics-degree-bsc,Year 3,dissertations,,
Southampton,BSc (hons) politics,https://www.southampton.ac.uk/courses/politics-degree-bsc,Year 3,essays,,
Southampton,BSc (hons) politics,https://www.southampton.ac.uk/courses/politics-degree-bsc,Year 3,group essays,,
Southampton,BSc (hons) politics,https://www.southampton.ac.uk/courses/politics-degree-bsc,Year 3,individual and group projects,,
Southampton,BSc (hons) politics,https://www.southampton.ac.uk/courses/politics-degree-bsc,Year 3,written exams,,
Southampton,BSc (hons) politics,https://www.southampton.ac.uk/courses/politics-degree-bsc,Year 1,"coursework, laboratory reports and essays",,
Southampton,BSc (hons) politics,https://www.southampton.ac.uk/courses/politics-degree-bsc,Year 1,dissertations,,
Southampton,BSc (hons) politics,https://www.southampton.ac.uk/courses/politics-degree-bsc,Year 1,essays,,
Southampton,BSc (hons) politics,https://www.southampton.ac.uk/courses/politics-degree-bsc,Year 1,group essays,,
Southampton,BSc (hons) politics,https://www.southampton.ac.uk/courses/politics-degree-bsc,Year 1,individual and group projects,,
Southampton,BSc (hons) politics,https://www.southampton.ac.uk/courses/politics-degree-bsc,Year 1,written exams,,
Southampton,BSc (hons) politics,https://www.southampton.ac.uk/courses/politics-degree-bsc,Year 2,"coursework, laboratory reports and essays",,
Southampton,BSc (hons) politics,https://www.southampton.ac.uk/courses/politics-degree-bsc,Year 2,dissertations,,
Southampton,BSc (hons) politics,https://www.southampton.ac.uk/courses/politics-degree-bsc,Year 2,essays,,
Southampton,BSc (hons) politics,https://www.southampton.ac.uk/courses/politics-degree-bsc,Year 2,group essays,,
Southampton,BSc (hons) politics,https://www.southampton.ac.uk/courses/politics-degree-bsc,Year 2,individual and group projects,,
Southampton,BSc (hons) politics,https://www.southampton.ac.uk/courses/politics-degree-bsc,Year 2,written exams,,
Southampton,BSc (hons) international relations,https://www.southampton.ac.uk/courses/international-relations-degree-bsc,Year 3,Partisans,,
Southampton,BSc (hons) international relations,https://www.southampton.ac.uk/courses/international-relations-degree-bsc,Year 3,Public Opinion and Elections,,
Southampton,BSc (hons) international relations,https://www.southampton.ac.uk/courses/international-relations-degree-bsc,Year 3,Politics and Protest,,
Southampton,BSc (hons) international relations,https://www.southampton.ac.uk/courses/international-relations-degree-bsc,Year 3,Reinventing Democracy,,
Southampton,BSc (hons) international relations,https://www.southampton.ac.uk/courses/international-relations-degree-bsc,Year 3,Politics and Governance of the EU,,
Southampton,BSc (hons) international relations,https://www.southampton.ac.uk/courses/international-relations-degree-bsc,Year 3,"coursework, laboratory reports and essays",,
Southampton,BSc (hons) international relations,https://www.southampton.ac.uk/courses/international-relations-degree-bsc,Year 3,dissertations,,
Southampton,BSc (hons) international relations,https://www.southampton.ac.uk/courses/international-relations-degree-bsc,Year 3,essays,,
Southampton,BSc (hons) international relations,https://www.southampton.ac.uk/courses/international-relations-degree-bsc,Year 3,group essays,,
Southampton,BSc (hons) international relations,https://www.southampton.ac.uk/courses/international-relations-degree-bsc,Year 3,individual and group projects,,
Southampton,BSc (hons) international relations,https://www.southampton.ac.uk/courses/international-relations-degree-bsc,Year 3,written exams,,
Southampton,BSc (hons) international relations,https://www.southampton.ac.uk/courses/international-relations-degree-bsc,Year 1,"coursework, laboratory reports and essays",,
Southampton,BSc (hons) international relations,https://www.southampton.ac.uk/courses/international-relations-degree-bsc,Year 1,dissertations,,
Southampton,BSc (hons) international relations,https://www.southampton.ac.uk/courses/international-relations-degree-bsc,Year 1,essays,,
Southampton,BSc (hons) international relations,https://www.southampton.ac.uk/courses/international-relations-degree-bsc,Year 1,group essays,,
Southampton,BSc (hons) international relations,https://www.southampton.ac.uk/courses/international-relations-degree-bsc,Year 1,individual and group projects,,
Southampton,BSc (hons) international relations,https://www.southampton.ac.uk/courses/international-relations-degree-bsc,Year 1,written exams,,
Southampton,BSc (hons) international relations,https://www.southampton.ac.uk/courses/international-relations-degree-bsc,Year 2,"coursework, laboratory reports and essays",,
Southampton,BSc (hons) international relations,https://www.southampton.ac.uk/courses/international-relations-degree-bsc,Year 2,dissertations,,
Southampton,BSc (hons) international relations,https://www.southampton.ac.uk/courses/international-relations-degree-bsc,Year 2,essays,,
Southampton,BSc (hons) international relations,https://www.southampton.ac.uk/courses/international-relations-degree-bsc,Year 2,group essays,,
Southampton,BSc (hons) international relations,https://www.southampton.ac.uk/courses/international-relations-degree-bsc,Year 2,individual and group projects,,
Southampton,BSc (hons) international relations,https://www.southampton.ac.uk/courses/international-relations-degree-bsc,Year 2,written exams,,
Southampton,BSc (hons) politics & international relations,https://www.southampton.ac.uk/courses/politics-international-relations-degree-bsc,Year 3,Partisans,,
Southampton,BSc (hons) politics & international relations,https://www.southampton.ac.uk/courses/politics-international-relations-degree-bsc,Year 3,Public Opinion and Elections,,
Southampton,BSc (hons) politics & international relations,https://www.southampton.ac.uk/courses/politics-international-relations-degree-bsc,Year 3,Politics and Protest,,
Southampton,BSc (hons) politics & international relations,https://www.southampton.ac.uk/courses/politics-international-relations-degree-bsc,Year 3,Reinventing Democracy,,
Southampton,BSc (hons) politics & international relations,https://www.southampton.ac.uk/courses/politics-international-relations-degree-bsc,Year 3,Politics and Governance of the EU,,
Southampton,BSc (hons) politics & international relations,https://www.southampton.ac.uk/courses/politics-international-relations-degree-bsc,Year 3,"coursework, laboratory reports and essays",,
Southampton,BSc (hons) politics & international relations,https://www.southampton.ac.uk/courses/politics-international-relations-degree-bsc,Year 3,dissertations,,
Southampton,BSc (hons) politics & international relations,https://www.southampton.ac.uk/courses/politics-international-relations-degree-bsc,Year 3,essays,,
Southampton,BSc (hons) politics & international relations,https://www.southampton.ac.uk/courses/politics-international-relations-degree-bsc,Year 3,group essays,,
Southampton,BSc (hons) politics & international relations,https://www.southampton.ac.uk/courses/politics-international-relations-degree-bsc,Year 3,individual and group projects,,
Southampton,BSc (hons) politics & international relations,https://www.southampton.ac.uk/courses/politics-international-relations-degree-bsc,Year 3,written exams,,
Southampton,BSc (hons) politics & international relations,https://www.southampton.ac.uk/courses/politics-international-relations-degree-bsc,Year 1,"coursework, laboratory reports and essays",,
Southampton,BSc (hons) politics & international relations,https://www.southampton.ac.uk/courses/politics-international-relations-degree-bsc,Year 1,dissertations,,
Southampton,BSc (hons) politics & international relations,https://www.southampton.ac.uk/courses/politics-international-relations-degree-bsc,Year 1,essays,,
Southampton,BSc (hons) politics & international relations,https://www.southampton.ac.uk/courses/politics-international-relations-degree-bsc,Year 1,group essays,,
Southampton,BSc (hons) politics & international relations,https://www.southampton.ac.uk/courses/politics-international-relations-degree-bsc,Year 1,individual and group projects,,
Southampton,BSc (hons) politics & international relations,https://www.southampton.ac.uk/courses/politics-international-relations-degree-bsc,Year 1,written exams,,
Southampton,BSc (hons) politics & international relations,https://www.southampton.ac.uk/courses/politics-international-relations-degree-bsc,Year 2,"coursework, laboratory reports and essays",,
Southampton,BSc (hons) politics & international relations,https://www.southampton.ac.uk/courses/politics-international-relations-degree-bsc,Year 2,dissertations,,
Southampton,BSc (hons) politics & international relations,https://www.southampton.ac.uk/courses/politics-international-relations-degree-bsc,Year 2,essays,,
Southampton,BSc (hons) politics & international relations,https://www.southampton.ac.uk/courses/politics-international-relations-degree-bsc,Year 2,group essays,,
Southampton,BSc (hons) politics & international relations,https://www.southampton.ac.uk/courses/politics-international-relations-degree-bsc,Year 2,individual and group projects,,
Southampton,BSc (hons) politics & international relations,https://www.southampton.ac.uk/courses/politics-international-relations-degree-bsc,Year 2,written exams,,
Northumbria,BA (hons) international relations & politics,https://www.northumbria.ac.uk/study-at-northumbria/courses/international-relations-and-politics-ba-hons-uusirp1/,Year 1,"Researching International Relations and Politics (Core,",20,core
Northumbria,BA (hons) international relations & politics,https://www.northumbria.ac.uk/study-at-northumbria/courses/international-relations-and-politics-ba-hons-uusirp1/,Year 1,Skills for Academic Success in a UK University (Core,0,core
Northumbria,BA (hons) international relations & politics,https://www.northumbria.ac.uk/study-at-northumbria/courses/international-relations-and-politics-ba-hons-uusirp1/,Year 1,"Researching International Relations and Politics (Core,",20,core
Northumbria,BA (hons) international relations & politics,https://www.northumbria.ac.uk/study-at-northumbria/courses/international-relations-and-politics-ba-hons-uusirp1/,Year 1,Skills for Academic Success in a UK University (Core,0,core
Northumbria,BA (hons) international relations & politics,https://www.northumbria.ac.uk/study-at-northumbria/courses/international-relations-and-politics-ba-hons-uusirp1/,Year 2,"Social Sciences Study Abroad (60 credit) (Optional,",60,
Northumbria,BA (hons) international relations & politics,https://www.northumbria.ac.uk/study-at-northumbria/courses/international-relations-and-politics-ba-hons-uusirp1/,Year 2,"From Bastille to Strasbourg- A Journey through Human Rights (Optional,",20,optional
Northumbria,BA (hons) international relations & politics,https://www.northumbria.ac.uk/study-at-northumbria/courses/international-relations-and-politics-ba-hons-uusirp1/,Year 2,"Government in Action: Inside the Civil Service (Core,",20,optional
Northumbria,BA (hons) international relations & politics,https://www.northumbria.ac.uk/study-at-northumbria/courses/international-relations-and-politics-ba-hons-uusirp1/,Year 2,Skills for Academic Success in a UK University (Core,0,optional
Northumbria,BA (hons) international relations & politics,https://www.northumbria.ac.uk/study-at-northumbria/courses/international-relations-and-politics-ba-hons-uusirp1/,Year 2,"Social Sciences Study Abroad (60 credit) (Optional,",60,
Northumbria,BA (hons) international relations & politics,https://www.northumbria.ac.uk/study-at-northumbria/courses/international-relations-and-politics-ba-hons-uusirp1/,Year 2,"From Bastille to Strasbourg- A Journey through Human Rights (Optional,",20,optional
Northumbria,BA (hons) international relations & politics,https://www.northumbria.ac.uk/study-at-northumbria/courses/international-relations-and-politics-ba-hons-uusirp1/,Year 2,"Government in Action: Inside the Civil Service (Core,",20,optional
Northumbria,BA (hons) international relations & politics,https://www.northumbria.ac.uk/study-at-northumbria/courses/international-relations-and-politics-ba-hons-uusirp1/,Year 2,Skills for Academic Success in a UK University (Core,0,optional
Northumbria,BA (hons) international relations & politics,https://www.northumbria.ac.uk/study-at-northumbria/courses/international-relations-and-politics-ba-hons-uusirp1/,Year 4,"War Games- Negotiating Security through Simulations (Optional,",20,optional
Northumbria,BA (hons) international relations & politics,https://www.northumbria.ac.uk/study-at-northumbria/courses/international-relations-and-politics-ba-hons-uusirp1/,Year 4,Skills for Academic Success in a UK University (Core,0,optional
Northumbria,BA (hons) international relations & politics,https://www.northumbria.ac.uk/study-at-northumbria/courses/international-relations-and-politics-ba-hons-uusirp1/,Year 4,"War Games- Negotiating Security through Simulations (Optional,",20,optional
Northumbria,BA (hons) international relations & politics,https://www.northumbria.ac.uk/study-at-northumbria/courses/international-relations-and-politics-ba-hons-uusirp1/,Year 4,Skills for Academic Success in a UK University (Core,0,optional
Northumbria,BA (hons) international relations & politics,https://www.northumbria.ac.uk/study-at-northumbria/courses/international-relations-and-politics-ba-hons-uusirp1/,Year 4,Read our Undergraduate Application Guides,,optional
Northumbria,BA (hons) international relations & politics,https://www.northumbria.ac.uk/study-at-northumbria/courses/international-relations-and-politics-ba-hons-uusirp1/,Year 4,Get some advice on planning and writing your personal statement,,optional
SOAS,BA (hons) international relations,https://www.soas.ac.uk/study/find-course/ba-international-relations,Year 1,Introduction to Global History 1,15,
SOAS,BA (hons) international relations,https://www.soas.ac.uk/study/find-course/ba-international-relations,Year 1,Introduction to Global History 2,15,
SOAS,BA (hons) international relations,https://www.soas.ac.uk/study/find-course/ba-international-relations,Year 1,Introduction to International Relations I,15,
SOAS,BA (hons) international relations,https://www.soas.ac.uk/study/find-course/ba-international-relations,Year 1,Introduction to International Relations II,15,
SOAS,BA (hons) international relations,https://www.soas.ac.uk/study/find-course/ba-international-relations,Year 1,Introduction to Political Analysis I,15,
SOAS,BA (hons) international relations,https://www.soas.ac.uk/study/find-course/ba-international-relations,Year 1,Introduction to Political Analysis II,15,
SOAS,BA (hons) international relations,https://www.soas.ac.uk/study/find-course/ba-international-relations,Year 1,Introduction to Comparative Politics I,15,
SOAS,BA (hons) international relations,https://www.soas.ac.uk/study/find-course/ba-international-relations,Year 1,Introduction to Comparative Politics II,15,
SOAS,BA (hons) international relations,https://www.soas.ac.uk/study/find-course/ba-international-relations,Year 1,Introduction to Political Economy 1,15,
SOAS,BA (hons) international relations,https://www.soas.ac.uk/study/find-course/ba-international-relations,Year 1,Introduction to Political Economy 2,15,
SOAS,BA (hons) international relations,https://www.soas.ac.uk/study/find-course/ba-international-relations,Year 1,Introduction to Political Theory 1,15,
SOAS,BA (hons) international relations,https://www.soas.ac.uk/study/find-course/ba-international-relations,Year 1,Introduction to Political Theory 2,15,
SOAS,BA (hons) international relations,https://www.soas.ac.uk/study/find-course/ba-international-relations,Year 2,Introduction to Research Methods,15,
SOAS,BA (hons) international relations,https://www.soas.ac.uk/study/find-course/ba-international-relations,Year 2,International Institutions and World Politics,15,
SOAS,BA (hons) international relations,https://www.soas.ac.uk/study/find-course/ba-international-relations,Year 2,Politics of the World Economy,15,
SOAS,BA (hons) international relations,https://www.soas.ac.uk/study/find-course/ba-international-relations,Year 2,Postcolonial Theory,15,
SOAS,BA (hons) international relations,https://www.soas.ac.uk/study/find-course/ba-international-relations,Year 2,Religion and World Politics,15,
SOAS,BA (hons) international relations,https://www.soas.ac.uk/study/find-course/ba-international-relations,Year 2,War and the International,15,
SOAS,BA (hons) international relations,https://www.soas.ac.uk/study/find-course/ba-international-relations,Year 2,International Relations of South Asia,15,
SOAS,BA (hons) international relations,https://www.soas.ac.uk/study/find-course/ba-international-relations,Year 2,Globalising East Asia,15,
SOAS,BA (hons) international relations,https://www.soas.ac.uk/study/find-course/ba-international-relations,Year 2,International Relations of East Asia,15,
SOAS,BA (hons) international relations,https://www.soas.ac.uk/study/find-course/ba-international-relations,Year 2,International Relations of Africa 1,15,
SOAS,BA (hons) international relations,https://www.soas.ac.uk/study/find-course/ba-international-relations,Year 2,International Relations of Africa 2,15,
SOAS,BA (hons) international relations,https://www.soas.ac.uk/study/find-course/ba-international-relations,Year 2,International Relations of the Middle East 1,15,
SOAS,BA (hons) international relations,https://www.soas.ac.uk/study/find-course/ba-international-relations,Year 2,International Relations of the Middle East 2,15,
SOAS,BA (hons) international relations,https://www.soas.ac.uk/study/find-course/ba-international-relations,Year 2,Government and Politics of Southeast Asia I,15,
SOAS,BA (hons) international relations,https://www.soas.ac.uk/study/find-course/ba-international-relations,Year 2,Government and Politics of Southeast Asia II,15,
SOAS,BA (hons) international relations,https://www.soas.ac.uk/study/find-course/ba-international-relations,Year 2,Politics of Development,15,
SOAS,BA (hons) international relations,https://www.soas.ac.uk/study/find-course/ba-international-relations,Year 2,Politics of Nationalism,15,
SOAS,BA (hons) international relations,https://www.soas.ac.uk/study/find-course/ba-international-relations,Year 2,Concepts in Political Theory,15,
SOAS,BA (hons) international relations,https://www.soas.ac.uk/study/find-course/ba-international-relations,Year 3,Globalisation and Global Governance,15,
SOAS,BA (hons) international relations,https://www.soas.ac.uk/study/find-course/ba-international-relations,Year 3,The Politics of Global Migration,15,
SOAS,BA (hons) international relations,https://www.soas.ac.uk/study/find-course/ba-international-relations,Year 3,Critical Security Studies,15,
SOAS,BA (hons) international relations,https://www.soas.ac.uk/study/find-course/ba-international-relations,Year 3,Decolonising World Politics,15,
SOAS,BA (hons) international relations,https://www.soas.ac.uk/study/find-course/ba-international-relations,Year 3,Foreign Policy Analysis,15,
SOAS,BA (hons) international relations,https://www.soas.ac.uk/study/find-course/ba-international-relations,Year 3,Politics of Gender,15,
SOAS,BA (hons) international relations,https://www.soas.ac.uk/study/find-course/ba-international-relations,Year 3,Politics of Culture,15,
SOAS,BA (hons) international relations,https://www.soas.ac.uk/study/find-course/ba-international-relations,Year 3,Palestine/Israel and the International,15,
SOAS,BA (hons) international relations,https://www.soas.ac.uk/study/find-course/ba-international-relations,Year 3,"Republicanism, Empire and Revolution",15,
SOAS,BA (hons) international relations,https://www.soas.ac.uk/study/find-course/ba-international-relations,Year 3,Taiwan's International and Cross-Strait Relations,15,
SOAS,BA (hons) international relations,https://www.soas.ac.uk/study/find-course/ba-international-relations,Year 3,Final Year Project in Politics and International Relations,30,
SOAS,BA (hons) international relations,https://www.soas.ac.uk/study/find-course/ba-international-relations,Year 3,Islam and Democracy,15,
SOAS,BA (hons) international relations,https://www.soas.ac.uk/study/find-course/ba-international-relations,Year 3,"Conflict, Rights and Justice",15,
SOAS,BA (hons) international relations,https://www.soas.ac.uk/study/find-course/ba-international-relations,Year 3,Mastering Nature: The Politics of Science and Technology in the Global South,15,
SOAS,BA (hons) politics,https://www.soas.ac.uk/study/find-course/ba-politics,Year 1,Introduction to Comparative Politics I,15,
SOAS,BA (hons) politics,https://www.soas.ac.uk/study/find-course/ba-politics,Year 1,Introduction to Comparative Politics II,15,
SOAS,BA (hons) politics,https://www.soas.ac.uk/study/find-course/ba-politics,Year 1,Introduction to Political Analysis I,15,
SOAS,BA (hons) politics,https://www.soas.ac.uk/study/find-course/ba-politics,Year 1,Introduction to Political Analysis II,15,
SOAS,BA (hons) politics,https://www.soas.ac.uk/study/find-course/ba-politics,Year 1,Introduction to Political Theory 1,15,
SOAS,BA (hons) politics,https://www.soas.ac.uk/study/find-course/ba-politics,Year 1,Introduction to Political Theory 2,15,
SOAS,BA (hons) politics,https://www.soas.ac.uk/study/find-course/ba-politics,Year 1,Introduction to Global History 1,15,
SOAS,BA (hons) politics,https://www.soas.ac.uk/study/find-course/ba-politics,Year 1,Introduction to Global History 2,15,
SOAS,BA (hons) politics,https://www.soas.ac.uk/study/find-course/ba-politics,Year 1,Introduction to International Relations I,15,
SOAS,BA (hons) politics,https://www.soas.ac.uk/study/find-course/ba-politics,Year 1,Introduction to International Relations II,15,
SOAS,BA (hons) politics,https://www.soas.ac.uk/study/find-course/ba-politics,Year 1,Introduction to Political Economy 1,15,
SOAS,BA (hons) politics,https://www.soas.ac.uk/study/find-course/ba-politics,Year 1,Introduction to Political Economy 2,15,
SOAS,BA (hons) politics,https://www.soas.ac.uk/study/find-course/ba-politics,Year 2,Introduction to Research Methods,15,
SOAS,BA (hons) politics,https://www.soas.ac.uk/study/find-course/ba-politics,Year 2,Politics of the World Economy,15,
SOAS,BA (hons) politics,https://www.soas.ac.uk/study/find-course/ba-politics,Year 2,Postcolonial Theory,15,
SOAS,BA (hons) politics,https://www.soas.ac.uk/study/find-course/ba-politics,Year 2,Religion and World Politics,15,
SOAS,BA (hons) politics,https://www.soas.ac.uk/study/find-course/ba-politics,Year 2,War and the International,15,
SOAS,BA (hons) politics,https://www.soas.ac.uk/study/find-course/ba-politics,Year 2,"H337 The Politics of Partition, India/Pakistan",15,
SOAS,BA (hons) politics,https://www.soas.ac.uk/study/find-course/ba-politics,Year 2,"H380 Racial Domination, Resistance, and Apartheid",15,
SOAS,BA (hons) politics,https://www.soas.ac.uk/study/find-course/ba-politics,Year 2,H443 How to Stage a Revolution in the Middle East,15,
SOAS,BA (hons) politics,https://www.soas.ac.uk/study/find-course/ba-politics,Year 2,Politics of Development,15,
SOAS,BA (hons) politics,https://www.soas.ac.uk/study/find-course/ba-politics,Year 2,Politics of Nationalism,15,
SOAS,BA (hons) politics,https://www.soas.ac.uk/study/find-course/ba-politics,Year 2,Concepts in Political Theory,15,
SOAS,BA (hons) politics,https://www.soas.ac.uk/study/find-course/ba-politics,Year 2,Political Parties and Elections,15,
SOAS,BA (hons) politics,https://www.soas.ac.uk/study/find-course/ba-politics,Year 2,The State and Politics in Africa,15,
SOAS,BA (hons) politics,https://www.soas.ac.uk/study/find-course/ba-politics,Year 2,Democracy and Authoritarianism in India,15,
SOAS,BA (hons) politics,https://www.soas.ac.uk/study/find-course/ba-politics,Year 2,Government and Politics of China I,15,
SOAS,BA (hons) politics,https://www.soas.ac.uk/study/find-course/ba-politics,Year 2,Government and Politics of China II,15,
SOAS,BA (hons) politics,https://www.soas.ac.uk/study/find-course/ba-politics,Year 2,Government and Politics of the Middle East I,15,
SOAS,BA (hons) politics,https://www.soas.ac.uk/study/find-course/ba-politics,Year 2,Government and Politics of the Middle East II,15,
SOAS,BA (hons) politics,https://www.soas.ac.uk/study/find-course/ba-politics,Year 2,Government and Politics of Southeast Asia I,15,
SOAS,BA (hons) politics,https://www.soas.ac.uk/study/find-course/ba-politics,Year 2,Government and Politics of Southeast Asia II,15,
SOAS,BA (hons) politics,https://www.soas.ac.uk/study/find-course/ba-politics,Year 3,Politics of Gender,15,
SOAS,BA (hons) politics,https://www.soas.ac.uk/study/find-course/ba-politics,Year 3,Politics of Culture,15,
SOAS,BA (hons) politics,https://www.soas.ac.uk/study/find-course/ba-politics,Year 3,"Conflict, Rights and Justice",15,
SOAS,BA (hons) politics,https://www.soas.ac.uk/study/find-course/ba-politics,Year 3,Globalisation and Global Governance,15,
SOAS,BA (hons) politics,https://www.soas.ac.uk/study/find-course/ba-politics,Year 3,Critical Security Studies,15,
SOAS,BA (hons) politics,https://www.soas.ac.uk/study/find-course/ba-politics,Year 3,"Elections, Gender and Social Movements in Taiwan",15,
SOAS,BA (hons) politics,https://www.soas.ac.uk/study/find-course/ba-politics,Year 3,"Republicanism, Empire and Revolution",15,
SOAS,BA (hons) politics,https://www.soas.ac.uk/study/find-course/ba-politics,Year 3,Taiwan's International and Cross-Strait Relations,15,
SOAS,BA (hons) politics,https://www.soas.ac.uk/study/find-course/ba-politics,Year 3,Final Year Project in Politics and International Relations,30,
SOAS,BA (hons) politics,https://www.soas.ac.uk/study/find-course/ba-politics,Year 3,Islam and Democracy,15,
SOAS,BA (hons) politics,https://www.soas.ac.uk/study/find-course/ba-politics,Year 3,Decolonising World Politics,15,
SOAS,BA (hons) politics,https://www.soas.ac.uk/study/find-course/ba-politics,Year 3,Mastering Nature: The Politics of Science and Technology in the Global South,15,
SOAS,BA (hons) politics,https://www.soas.ac.uk/study/find-course/ba-politics,Year 3,Political Thought of the Global South,15,
SOAS,BA (hons) politics,https://www.soas.ac.uk/study/find-course/ba-politics,Year 3,Foreign Policy Analysis,15,
Leeds,BA (hons) politics,https://courses.leeds.ac.uk/202526/f552/politics-ba,Year 1,The Politics of Global Challenges: Becoming an Independent Researcher,40,
Leeds,BA (hons) politics,https://courses.leeds.ac.uk/202526/f552/politics-ba,Year 1,Comparative Politics,20,
Leeds,BA (hons) politics,https://courses.leeds.ac.uk/202526/f552/politics-ba,Year 1,British Politics,20,
Leeds,BA (hons) politics,https://courses.leeds.ac.uk/202526/f552/politics-ba,Year 1,Freedom Power and Resistance,20,
Leeds,BA (hons) politics,https://courses.leeds.ac.uk/202526/f552/politics-ba,Year 2,Approaches to Analysis,20,
Leeds,BA (hons) politics,https://courses.leeds.ac.uk/202526/f552/politics-ba,Year 2,"You will take 100 credits of optional modules from a range of related topics, typically including",100,
Leeds,BA (hons) politics,https://courses.leeds.ac.uk/202526/f552/politics-ba,Year 2,Revolution and Reaction,20,
Leeds,BA (hons) politics,https://courses.leeds.ac.uk/202526/f552/politics-ba,Year 2,"Justice, Conflict and Community",20,
Leeds,BA (hons) politics,https://courses.leeds.ac.uk/202526/f552/politics-ba,Year 2,The Labour Party since 1945,20,
Leeds,BA (hons) politics,https://courses.leeds.ac.uk/202526/f552/politics-ba,Year 2,Politics and Policy in the EU,20,
Leeds,BA (hons) politics,https://courses.leeds.ac.uk/202526/f552/politics-ba,Year 2,Media and Democracy,20,
Leeds,BA (hons) politics,https://courses.leeds.ac.uk/202526/f552/politics-ba,Year 2,United States Politics,20,
Leeds,BA (hons) politics,https://courses.leeds.ac.uk/202526/f552/politics-ba,Year 2,State and Politics in Africa,20,
Leeds,BA (hons) politics,https://courses.leeds.ac.uk/202526/f552/politics-ba,Year 2,Planet Politics,20,
Leeds,BA (hons) politics,https://courses.leeds.ac.uk/202526/f552/politics-ba,Year 2,Britain in Flux,20,
Leeds,BA (hons) politics,https://courses.leeds.ac.uk/202526/f552/politics-ba,Year 3,POLIS Final Year Project,40,
Leeds,BA (hons) politics,https://courses.leeds.ac.uk/202526/f552/politics-ba,Year 3,"You will take 100 credits of optional modules from a range of related topics, typically including",100,optional
Leeds,BA (hons) politics,https://courses.leeds.ac.uk/202526/f552/politics-ba,Year 3,Video Games,20,optional
Leeds,BA (hons) politics,https://courses.leeds.ac.uk/202526/f552/politics-ba,Year 3,Nuclear Weapons and Global Politics,20,optional
Leeds,BA (hons) politics,https://courses.leeds.ac.uk/202526/f552/politics-ba,Year 3,Ethics and Politics of Human Rights,20,optional
Leeds,BA (hons) politics,https://courses.leeds.ac.uk/202526/f552/politics-ba,Year 3,British Foreign Policy,20,optional
Leeds,BA (hons) politics,https://courses.leeds.ac.uk/202526/f552/politics-ba,Year 3,The Far Right in Europe and Beyond,20,optional
Leeds,BA (hons) politics,https://courses.leeds.ac.uk/202526/f552/politics-ba,Year 3,Rethinking Resistance,20,optional
Leeds,BA (hons) politics,https://courses.leeds.ac.uk/202526/f552/politics-ba,Year 3,Politics of National Identity in the UK,20,optional
Leeds,BA (hons) politics,https://courses.leeds.ac.uk/202526/f552/politics-ba,Year 3,"Gender, Violence and Security in Global Politics",20,optional
Leeds,BA (hons) politics,https://courses.leeds.ac.uk/202526/f552/politics-ba,Year 3,Terrorism,20,optional
Leeds,BA (hons) politics,https://courses.leeds.ac.uk/202526/f552/politics-ba,Year 3,The End of British Politics?,20,optional
Leeds,BA (hons) politics,https://courses.leeds.ac.uk/202526/f552/politics-ba,Year 3,Europe in the World,20,optional
Leeds,BA (hons) international relations,https://courses.leeds.ac.uk/202526/a753/international-relations-ba,Year 1,The Politics of Global Challenges: Becoming an Independent Researcher,40,
Leeds,BA (hons) international relations,https://courses.leeds.ac.uk/202526/a753/international-relations-ba,Year 1,International Politics,20,
Leeds,BA (hons) international relations,https://courses.leeds.ac.uk/202526/a753/international-relations-ba,Year 1,Making of the Modern World,20,
Leeds,BA (hons) international relations,https://courses.leeds.ac.uk/202526/a753/international-relations-ba,Year 1,Comparative Politics,20,
Leeds,BA (hons) international relations,https://courses.leeds.ac.uk/202526/a753/international-relations-ba,Year 2,Approaches to Analysis,20,
Leeds,BA (hons) international relations,https://courses.leeds.ac.uk/202526/a753/international-relations-ba,Year 2,Theories of International Relations,20,
Leeds,BA (hons) international relations,https://courses.leeds.ac.uk/202526/a753/international-relations-ba,Year 2,Global Security Challenges,20,
Leeds,BA (hons) international relations,https://courses.leeds.ac.uk/202526/a753/international-relations-ba,Year 2,"You will choose 60 credits of optional modules from a range of related topics, typically including",60,
Leeds,BA (hons) international relations,https://courses.leeds.ac.uk/202526/a753/international-relations-ba,Year 2,Politics and Policy in the EU,20,
Leeds,BA (hons) international relations,https://courses.leeds.ac.uk/202526/a753/international-relations-ba,Year 2,"Analysing Data in Politics, International Development and International Relations",20,
Leeds,BA (hons) international relations,https://courses.leeds.ac.uk/202526/a753/international-relations-ba,Year 2,United States Politics,20,
Leeds,BA (hons) international relations,https://courses.leeds.ac.uk/202526/a753/international-relations-ba,Year 2,Politics of Contemporary China,20,
Leeds,BA (hons) international relations,https://courses.leeds.ac.uk/202526/a753/international-relations-ba,Year 2,State and Politics in Africa,20,
Leeds,BA (hons) international relations,https://courses.leeds.ac.uk/202526/a753/international-relations-ba,Year 2,The Political Economy of North-South Relations,20,
Leeds,BA (hons) international relations,https://courses.leeds.ac.uk/202526/a753/international-relations-ba,Year 3,POLIS Final Year Project,40,
Leeds,BA (hons) international relations,https://courses.leeds.ac.uk/202526/a753/international-relations-ba,Year 3,"You will choose 60 credits of optional modules from a range of related topics, typically including",60,optional
Leeds,BA (hons) international relations,https://courses.leeds.ac.uk/202526/a753/international-relations-ba,Year 3,British Foreign Policy,20,optional
Leeds,BA (hons) international relations,https://courses.leeds.ac.uk/202526/a753/international-relations-ba,Year 3,"Gender, Violence, and Security in Global Politics",20,optional
Leeds,BA (hons) international relations,https://courses.leeds.ac.uk/202526/a753/international-relations-ba,Year 3,American Foreign Policy,20,optional
Leeds,BA (hons) international relations,https://courses.leeds.ac.uk/202526/a753/international-relations-ba,Year 3,Terrorism,20,optional
Leeds,BA (hons) international relations,https://courses.leeds.ac.uk/202526/a753/international-relations-ba,Year 3,Europe in the World,20,optional
Leeds,BA (hons) international relations,https://courses.leeds.ac.uk/202526/a753/international-relations-ba,Year 3,Nuclear Weapons and Global Politics,20,optional
Leeds,BA (hons) international relations,https://courses.leeds.ac.uk/202526/a753/international-relations-ba,Year 3,Global Political Economy,20,optional
Leeds,BA (hons) modern languages & international relations,https://courses.leeds.ac.uk/202526/j042/modern-languages-and-international-relations-ba,Year 1,An introductory module to the culture and history of the societies where your chosen language is spoken,20,core
Leeds,BA (hons) modern languages & international relations,https://courses.leeds.ac.uk/202526/j042/modern-languages-and-international-relations-ba,Year 4,British Foreign Policy,,optional
Leeds,BA (hons) modern languages & international relations,https://courses.leeds.ac.uk/202526/j042/modern-languages-and-international-relations-ba,Year 4,Gender and Security in Global Politics,,optional
Leeds,BA (hons) modern languages & international relations,https://courses.leeds.ac.uk/202526/j042/modern-languages-and-international-relations-ba,Year 4,"Terrorism: Concepts, Debates, Cases",,optional
Leeds,BA (hons) modern languages & international relations,https://courses.leeds.ac.uk/202526/j042/modern-languages-and-international-relations-ba,Year 4,"Video Games: Politics, Society and Culture",,optional
Leeds,BA (hons) modern languages & international relations,https://courses.leeds.ac.uk/202526/j042/modern-languages-and-international-relations-ba,Year 4,Violence and Reconciliation in Africa,,optional
Leeds,BA (hons) modern languages & international relations,https://courses.leeds.ac.uk/202526/j042/modern-languages-and-international-relations-ba,Year 4,Europe in the World,,optional
Leeds,BA (hons) modern languages & international relations,https://courses.leeds.ac.uk/202526/j042/modern-languages-and-international-relations-ba,Year 4,Nuclear Weapons and Global Politics,,optional
Leeds,BA (hons) modern languages & international relations,https://courses.leeds.ac.uk/202526/j042/modern-languages-and-international-relations-ba,Year 4,Global Political Economy,,optional
Leeds,BSc (hons) social & political sciences,https://courses.leeds.ac.uk/202526/j441/social-and-political-sciences-bsc,Year 1,Comparative Politics,20,
Leeds,BSc (hons) social & political sciences,https://courses.leeds.ac.uk/202526/j441/social-and-political-sciences-bsc,Year 1,International Politics,20,
Leeds,BSc (hons) social & political sciences,https://courses.leeds.ac.uk/202526/j441/social-and-political-sciences-bsc,Year 1,Making Sense of Society: Reading Social Theory,20,
Leeds,BSc (hons) social & political sciences,https://courses.leeds.ac.uk/202526/j441/social-and-political-sciences-bsc,Year 1,Formations of Coloniality and Modernity,20,
Leeds,BSc (hons) social & political sciences,https://courses.leeds.ac.uk/202526/j441/social-and-political-sciences-bsc,Year 1,You will also choose 40 credits of discovery modules .,40,
Leeds,BSc (hons) social & political sciences,https://courses.leeds.ac.uk/202526/j441/social-and-political-sciences-bsc,Year 2,Sociology and Social Policy Research Methods,20,
Leeds,BSc (hons) social & political sciences,https://courses.leeds.ac.uk/202526/j441/social-and-political-sciences-bsc,Year 2,Theories of International Relations,20,optional
Leeds,BSc (hons) social & political sciences,https://courses.leeds.ac.uk/202526/j441/social-and-political-sciences-bsc,Year 2,Revolution and Reaction: Political Problems in the 20th Century,20,optional
Leeds,BSc (hons) social & political sciences,https://courses.leeds.ac.uk/202526/j441/social-and-political-sciences-bsc,Year 2,"Justice, Community and Conflict",20,optional
Leeds,BSc (hons) social & political sciences,https://courses.leeds.ac.uk/202526/j441/social-and-political-sciences-bsc,Year 2,Key Debates in Social Policy,20,optional
Leeds,BSc (hons) social & political sciences,https://courses.leeds.ac.uk/202526/j441/social-and-political-sciences-bsc,Year 2,Central Problems in Sociology,20,optional
Leeds,BSc (hons) social & political sciences,https://courses.leeds.ac.uk/202526/j441/social-and-political-sciences-bsc,Year 3,Dissertation,40,
Leeds,BSc (hons) social & political sciences,https://courses.leeds.ac.uk/202526/j441/social-and-political-sciences-bsc,Year 3,Research Skills for your Dissertation,20,
Westminster,BA (hons) international relations,http://www.westminster.ac.uk/international-relations-ba,Year 1,"Doing Politics: Participation, Campaigning, and Change",,core
Westminster,BA (hons) international relations,http://www.westminster.ac.uk/international-relations-ba,Year 1,Introduction to Development: Understanding Global Inequalities,,core
Westminster,BA (hons) international relations,http://www.westminster.ac.uk/international-relations-ba,Year 1,Introduction to International Relations,,core
Westminster,BA (hons) international relations,http://www.westminster.ac.uk/international-relations-ba,Year 1,Sites and Spaces of International (dis)order,,core
Westminster,BA (hons) international relations,http://www.westminster.ac.uk/international-relations-ba,Year 1,"Thinking Politics: Concepts, Ideas and Ideologies",,core
Westminster,BA (hons) international relations,http://www.westminster.ac.uk/international-relations-ba,Year 1,Democracy and Development in Asia and Africa,,optional
Westminster,BA (hons) international relations,http://www.westminster.ac.uk/international-relations-ba,Year 1,Feminist Political Thought,,optional
Westminster,BA (hons) international relations,http://www.westminster.ac.uk/international-relations-ba,Year 1,Governance and Institutions: From the Local to the Global,,optional
Westminster,BA (hons) international relations,http://www.westminster.ac.uk/international-relations-ba,Year 1,Labour and Migration in the World Economy,,optional
Westminster,BA (hons) international relations,http://www.westminster.ac.uk/international-relations-ba,Year 2,Global Security,,core
Westminster,BA (hons) international relations,http://www.westminster.ac.uk/international-relations-ba,Year 2,Mapping Global Change and Decolonial Futures,,core
Westminster,BA (hons) international relations,http://www.westminster.ac.uk/international-relations-ba,Year 2,Political Research and Practice,,core
Westminster,BA (hons) international relations,http://www.westminster.ac.uk/international-relations-ba,Year 2,Theorising Politics and International Relations,,core
Westminster,BA (hons) international relations,http://www.westminster.ac.uk/international-relations-ba,Year 2,British Politics: Crisis and Possibilities,,optional
Westminster,BA (hons) international relations,http://www.westminster.ac.uk/international-relations-ba,Year 2,"Gender, Sexuality and Global Politics",,optional
Westminster,BA (hons) international relations,http://www.westminster.ac.uk/international-relations-ba,Year 2,Global Political Economy,,optional
Westminster,BA (hons) international relations,http://www.westminster.ac.uk/international-relations-ba,Year 2,Governance in Europe,,optional
Westminster,BA (hons) international relations,http://www.westminster.ac.uk/international-relations-ba,Year 2,Humanitarian Intervention and International Relations,,optional
Westminster,BA (hons) international relations,http://www.westminster.ac.uk/international-relations-ba,Year 2,Rethinking Development and Sustainability,,optional
Westminster,BA (hons) international relations,http://www.westminster.ac.uk/international-relations-ba,Year 2,The Politics of Inclusion / Exclusion,,optional
Westminster,BA (hons) international relations,http://www.westminster.ac.uk/international-relations-ba,Year 3,Dissertation,,core
Westminster,BA (hons) international relations,http://www.westminster.ac.uk/international-relations-ba,Year 3,"Security, Secrecy and the State: The War on Terror and its Aftermath",,core
Westminster,BA (hons) international relations,http://www.westminster.ac.uk/international-relations-ba,Year 3,"Sovereignty, Indigeneity, Resistance",,core
Westminster,BA (hons) international relations,http://www.westminster.ac.uk/international-relations-ba,Year 3,Foreign Policy and Diplomacy in a Changing World,,optional
Westminster,BA (hons) international relations,http://www.westminster.ac.uk/international-relations-ba,Year 3,American Power in a Multi-Polar World,,optional
Westminster,BA (hons) international relations,http://www.westminster.ac.uk/international-relations-ba,Year 3,Politics and Development in the Middle East,,optional
Westminster,BA (hons) international relations,http://www.westminster.ac.uk/international-relations-ba,Year 3,The Politics of Protest: Social and Political Movements Today,,optional
Westminster,BA (hons) international relations,http://www.westminster.ac.uk/international-relations-ba,Year 3,Policy and Practice,,optional
Westminster,BA (hons) international relations,http://www.westminster.ac.uk/international-relations-ba,Year 3,Development Futures,,optional
Westminster,BA (hons) international relations,http://www.westminster.ac.uk/international-relations-ba,Year 3,Governing Crisis,,optional
Westminster,BA (hons) politics & international relations,http://www.westminster.ac.uk/politics-and-international-relations-ba,Year 1,"Doing Politics: Participation, Campaigning, and Change",,core
Westminster,BA (hons) politics & international relations,http://www.westminster.ac.uk/politics-and-international-relations-ba,Year 1,Introduction to Development: Understanding Global Inequalities,,core
Westminster,BA (hons) politics & international relations,http://www.westminster.ac.uk/politics-and-international-relations-ba,Year 1,Introduction to International Relations,,core
Westminster,BA (hons) politics & international relations,http://www.westminster.ac.uk/politics-and-international-relations-ba,Year 1,Sites and Spaces of International (dis)order,,core
Westminster,BA (hons) politics & international relations,http://www.westminster.ac.uk/politics-and-international-relations-ba,Year 1,"Thinking Politics: Concepts, Ideas and Ideologies",,core
Westminster,BA (hons) politics & international relations,http://www.westminster.ac.uk/politics-and-international-relations-ba,Year 1,Democracy and Development in Asia and Africa,,optional
Westminster,BA (hons) politics & international relations,http://www.westminster.ac.uk/politics-and-international-relations-ba,Year 1,Feminist Political Thought,,optional
Westminster,BA (hons) politics & international relations,http://www.westminster.ac.uk/politics-and-international-relations-ba,Year 1,Governance and Institutions: From the Local to the Global,,optional
Westminster,BA (hons) politics & international relations,http://www.westminster.ac.uk/politics-and-international-relations-ba,Year 1,Labour and Migration in the World Economy,,optional
Westminster,BA (hons) politics & international relations,http://www.westminster.ac.uk/politics-and-international-relations-ba,Year 2,Mapping Global Change and Decolonial Futures,,core
Westminster,BA (hons) politics & international relations,http://www.westminster.ac.uk/politics-and-international-relations-ba,Year 2,Political Research and Practice,,core
Westminster,BA (hons) politics & international relations,http://www.westminster.ac.uk/politics-and-international-relations-ba,Year 2,The Politics of Inclusion / Exclusion,,core
Westminster,BA (hons) politics & international relations,http://www.westminster.ac.uk/politics-and-international-relations-ba,Year 2,Theorising Politics and International Relations,,core
Westminster,BA (hons) politics & international relations,http://www.westminster.ac.uk/politics-and-international-relations-ba,Year 2,British Politics: Crisis and Possibilities,,optional
Westminster,BA (hons) politics & international relations,http://www.westminster.ac.uk/politics-and-international-relations-ba,Year 2,"Gender, Sexuality and Global Politics",,optional
Westminster,BA (hons) politics & international relations,http://www.westminster.ac.uk/politics-and-international-relations-ba,Year 2,Global Political Economy,,optional
Westminster,BA (hons) politics & international relations,http://www.westminster.ac.uk/politics-and-international-relations-ba,Year 2,Global Security,,optional
Westminster,BA (hons) politics & international relations,http://www.westminster.ac.uk/politics-and-international-relations-ba,Year 2,Governance in Europe,,optional
Westminster,BA (hons) politics & international relations,http://www.westminster.ac.uk/politics-and-international-relations-ba,Year 2,Humanitarian Intervention and International Relations,,optional
Westminster,BA (hons) politics & international relations,http://www.westminster.ac.uk/politics-and-international-relations-ba,Year 2,Rethinking Development and Sustainability,,optional
Westminster,BA (hons) politics & international relations,http://www.westminster.ac.uk/politics-and-international-relations-ba,Year 3,Dissertation,,core
Westminster,BA (hons) politics & international relations,http://www.westminster.ac.uk/politics-and-international-relations-ba,Year 3,"Justice, Ethics, and World Order(s)",,core
Westminster,BA (hons) politics & international relations,http://www.westminster.ac.uk/politics-and-international-relations-ba,Year 3,Policy and Practice,,core
Westminster,BA (hons) politics & international relations,http://www.westminster.ac.uk/politics-and-international-relations-ba,Year 3,American Power in a Multi-Polar World,,optional
Westminster,BA (hons) politics & international relations,http://www.westminster.ac.uk/politics-and-international-relations-ba,Year 3,Development Futures,,optional
Westminster,BA (hons) politics & international relations,http://www.westminster.ac.uk/politics-and-international-relations-ba,Year 3,Foreign Policy and Diplomacy in a Changing World,,optional
Westminster,BA (hons) politics & international relations,http://www.westminster.ac.uk/politics-and-international-relations-ba,Year 3,Governing Crisis,,optional
Westminster,BA (hons) politics & international relations,http://www.westminster.ac.uk/politics-and-international-relations-ba,Year 3,Politics and Development in the Middle East,,optional
Westminster,BA (hons) politics & international relations,http://www.westminster.ac.uk/politics-and-international-relations-ba,Year 3,"Security, Secrecy and the State: The War on Terror and its Aftermath",,optional
Westminster,BA (hons) politics & international relations,http://www.westminster.ac.uk/politics-and-international-relations-ba,Year 3,The Politics of Protest: Social and Political Movements Today,,optional
Westminster,LLB (hons) law & international relations,https://www.westminster.ac.uk/law-and-international-relations-llb,Year 1,Introduction to International Relations,,core
Westminster,LLB (hons) law & international relations,https://www.westminster.ac.uk/law-and-international-relations-llb,Year 1,"Legal Systems, Cultures and Ideas",,core
Westminster,LLB (hons) law & international relations,https://www.westminster.ac.uk/law-and-international-relations-llb,Year 1,Private Law,,core
Westminster,LLB (hons) law & international relations,https://www.westminster.ac.uk/law-and-international-relations-llb,Year 1,Public Law,,core
Westminster,LLB (hons) law & international relations,https://www.westminster.ac.uk/law-and-international-relations-llb,Year 1,Sites and Spaces of International (Dis)order,,core
Westminster,LLB (hons) law & international relations,https://www.westminster.ac.uk/law-and-international-relations-llb,Year 1,Introduction to Rights and the Law,,optional
Westminster,LLB (hons) law & international relations,https://www.westminster.ac.uk/law-and-international-relations-llb,Year 1,Governance and Institutions: From the Local to the Global,,optional
Westminster,LLB (hons) law & international relations,https://www.westminster.ac.uk/law-and-international-relations-llb,Year 1,Islamic Law in Context,,optional
Westminster,LLB (hons) law & international relations,https://www.westminster.ac.uk/law-and-international-relations-llb,Year 1,"Doing Politics: Participation, Campaigning, and Change",,optional
Westminster,LLB (hons) law & international relations,https://www.westminster.ac.uk/law-and-international-relations-llb,Year 1,Introduction to Legal Practice,,optional
Westminster,LLB (hons) law & international relations,https://www.westminster.ac.uk/law-and-international-relations-llb,Year 1,Labour and Migration in the World Economy,,optional
Westminster,LLB (hons) law & international relations,https://www.westminster.ac.uk/law-and-international-relations-llb,Year 1,Democracy and Development in Asia and Africa,,optional
Westminster,LLB (hons) law & international relations,https://www.westminster.ac.uk/law-and-international-relations-llb,Year 2,Criminal Law,,core
Westminster,LLB (hons) law & international relations,https://www.westminster.ac.uk/law-and-international-relations-llb,Year 2,Global Security,,core
Westminster,LLB (hons) law & international relations,https://www.westminster.ac.uk/law-and-international-relations-llb,Year 2,Introduction to Public International Law,,core
Westminster,LLB (hons) law & international relations,https://www.westminster.ac.uk/law-and-international-relations-llb,Year 2,Professional Practice: Project,,core
Westminster,LLB (hons) law & international relations,https://www.westminster.ac.uk/law-and-international-relations-llb,Year 2,Property Law,,core
Westminster,LLB (hons) law & international relations,https://www.westminster.ac.uk/law-and-international-relations-llb,Year 2,European Law: Contemporary Legal Issues,,optional
Westminster,LLB (hons) law & international relations,https://www.westminster.ac.uk/law-and-international-relations-llb,Year 2,Rethinking Development and Sustainability,,optional
Westminster,LLB (hons) law & international relations,https://www.westminster.ac.uk/law-and-international-relations-llb,Year 2,Humanitarian Intervention and International Relations,,optional
Westminster,LLB (hons) law & international relations,https://www.westminster.ac.uk/law-and-international-relations-llb,Year 2,Civil Law and Legal Systems,,optional
Westminster,LLB (hons) law & international relations,https://www.westminster.ac.uk/law-and-international-relations-llb,Year 2,Introduction to Human Rights Law,,optional
Westminster,LLB (hons) law & international relations,https://www.westminster.ac.uk/law-and-international-relations-llb,Year 2,Adjudication and Alternative Dispute Resolution,,optional
Westminster,LLB (hons) law & international relations,https://www.westminster.ac.uk/law-and-international-relations-llb,Year 2,Climate Change and the Law: International and National Perspectives,,optional
Westminster,LLB (hons) law & international relations,https://www.westminster.ac.uk/law-and-international-relations-llb,Year 3,"Justice, Ethics, and World Order(s)",,core
Westminster,LLB (hons) law & international relations,https://www.westminster.ac.uk/law-and-international-relations-llb,Year 3,Laws of Occupation,,core
Westminster,LLB (hons) law & international relations,https://www.westminster.ac.uk/law-and-international-relations-llb,Year 3,Professional Legal Practice,,core
Westminster,LLB (hons) law & international relations,https://www.westminster.ac.uk/law-and-international-relations-llb,Year 3,"International Law, Peace, Conflict and Security",,optional
Westminster,LLB (hons) law & international relations,https://www.westminster.ac.uk/law-and-international-relations-llb,Year 3,Countering Terrorism,,optional
Westminster,LLB (hons) law & international relations,https://www.westminster.ac.uk/law-and-international-relations-llb,Year 3,Law of International Trade,,optional
Westminster,LLB (hons) law & international relations,https://www.westminster.ac.uk/law-and-international-relations-llb,Year 3,American Power in a Multi-Polar World,,optional
Westminster,LLB (hons) law & international relations,https://www.westminster.ac.uk/law-and-international-relations-llb,Year 3,"Security, Secrecy and the State: The War on Terror and its Aftermath",,optional
Westminster,LLB (hons) law & international relations,https://www.westminster.ac.uk/law-and-international-relations-llb,Year 3,Foreign Policy and Diplomacy in a Changing World,,optional
Westminster,LLB (hons) law & international relations,https://www.westminster.ac.uk/law-and-international-relations-llb,Year 3,International Criminal Justice: Mass Atrocity Crimes,,optional
Royal Holloway,BA (hons) politics,https://www.royalholloway.ac.uk/studying-here/undergraduate/politics-and-international-relations/politics/,Year 1,All modules are core,,
Royal Holloway,BA (hons) politics,https://www.royalholloway.ac.uk/studying-here/undergraduate/politics-and-international-relations/politics/,Year 3,The Politics of Africa,,
Royal Holloway,BA (hons) politics,https://www.royalholloway.ac.uk/studying-here/undergraduate/politics-and-international-relations/politics/,Year 3,American Political Development,,
Royal Holloway,BA (hons) politics,https://www.royalholloway.ac.uk/studying-here/undergraduate/politics-and-international-relations/politics/,Year 3,Defence and Security Governance,,
Royal Holloway,BA (hons) politics,https://www.royalholloway.ac.uk/studying-here/undergraduate/politics-and-international-relations/politics/,Year 3,IELTS,,
Royal Holloway,BA (hons) politics,https://www.royalholloway.ac.uk/studying-here/undergraduate/politics-and-international-relations/politics/,Year 3,Pearson Test of English: 67 with 61 in writing (no other subscore lower than 54),,
Royal Holloway,BA (hons) politics,https://www.royalholloway.ac.uk/studying-here/undergraduate/politics-and-international-relations/politics/,Year 3,Trinity College London Integrated Skills in English (ISE),,
Royal Holloway,BA (hons) politics,https://www.royalholloway.ac.uk/studying-here/undergraduate/politics-and-international-relations/politics/,Year 3,Cambridge English,,
Royal Holloway,BA (hons) politics,https://www.royalholloway.ac.uk/studying-here/undergraduate/politics-and-international-relations/politics/,Year 3,TOEFL iBT,,
Royal Holloway,BA (hons) politics,https://www.royalholloway.ac.uk/studying-here/undergraduate/politics-and-international-relations/politics/,Year 3,Duolingo,,
Royal Holloway,BA (hons) politics & international relations,https://www.royalholloway.ac.uk/studying-here/undergraduate/politics-and-international-relations/politics-and-international-relations/,Year 1,All modules are core,,
Royal Holloway,BA (hons) politics & international relations,https://www.royalholloway.ac.uk/studying-here/undergraduate/politics-and-international-relations/politics-and-international-relations/,Year 3,The Politics of Africa,,
Royal Holloway,BA (hons) politics & international relations,https://www.royalholloway.ac.uk/studying-here/undergraduate/politics-and-international-relations/politics-and-international-relations/,Year 3,American Political Development,,
Royal Holloway,BA (hons) politics & international relations,https://www.royalholloway.ac.uk/studying-here/undergraduate/politics-and-international-relations/politics-and-international-relations/,Year 3,Defence and Security Governance,,
Royal Holloway,BA (hons) politics & international relations,https://www.royalholloway.ac.uk/studying-here/undergraduate/politics-and-international-relations/politics-and-international-relations/,Year 3,IELTS,,
Royal Holloway,BA (hons) politics & international relations,https://www.royalholloway.ac.uk/studying-here/undergraduate/politics-and-international-relations/politics-and-international-relations/,Year 3,Pearson Test of English: 67 with 61 in writing (no other subscore lower than 54),,
Royal Holloway,BA (hons) politics & international relations,https://www.royalholloway.ac.uk/studying-here/undergraduate/politics-and-international-relations/politics-and-international-relations/,Year 3,Trinity College London Integrated Skills in English (ISE),,
Royal Holloway,BA (hons) politics & international relations,https://www.royalholloway.ac.uk/studying-here/undergraduate/politics-and-international-relations/politics-and-international-relations/,Year 3,Cambridge English,,
Royal Holloway,BA (hons) politics & international relations,https://www.royalholloway.ac.uk/studying-here/undergraduate/politics-and-international-relations/politics-and-international-relations/,Year 3,TOEFL iBT,,
Royal Holloway,BA (hons) politics & international relations,https://www.royalholloway.ac.uk/studying-here/undergraduate/politics-and-international-relations/politics-and-international-relations/,Year 3,Duolingo,,
Royal Holloway,BA (hons) international relations,https://www.royalholloway.ac.uk/studying-here/undergraduate/politics-and-international-relations/international-relations/,Year 1,All modules are core,,
Royal Holloway,BA (hons) international relations,https://www.royalholloway.ac.uk/studying-here/undergraduate/politics-and-international-relations/international-relations/,Year 3,The Politics of Africa,,
Royal Holloway,BA (hons) international relations,https://www.royalholloway.ac.uk/studying-here/undergraduate/politics-and-international-relations/international-relations/,Year 3,American Political Development,,
Royal Holloway,BA (hons) international relations,https://www.royalholloway.ac.uk/studying-here/undergraduate/politics-and-international-relations/international-relations/,Year 3,Defence and Security Governance,,
Royal Holloway,BA (hons) international relations,https://www.royalholloway.ac.uk/studying-here/undergraduate/politics-and-international-relations/international-relations/,Year 3,IELTS,,
Royal Holloway,BA (hons) international relations,https://www.royalholloway.ac.uk/studying-here/undergraduate/politics-and-international-relations/international-relations/,Year 3,Pearson Test of English: 67 with 61 in writing (no other subscore lower than 54),,
Royal Holloway,BA (hons) international relations,https://www.royalholloway.ac.uk/studying-here/undergraduate/politics-and-international-relations/international-relations/,Year 3,Trinity College London Integrated Skills in English (ISE),,
Royal Holloway,BA (hons) international relations,https://www.royalholloway.ac.uk/studying-here/undergraduate/politics-and-international-relations/international-relations/,Year 3,Cambridge English,,
Royal Holloway,BA (hons) international relations,https://www.royalholloway.ac.uk/studying-here/undergraduate/politics-and-international-relations/international-relations/,Year 3,TOEFL iBT,,
Royal Holloway,BA (hons) international relations,https://www.royalholloway.ac.uk/studying-here/undergraduate/politics-and-international-relations/international-relations/,Year 3,Duolingo,,
Royal Holloway,BA (hons) modern languages with international relations,https://www.royalholloway.ac.uk/studying-here/undergraduate/modern-languages-literatures-and-cultures/modern-languages-with-international-relations/,Year 1,All modules are optional,,
Royal Holloway,BA (hons) modern languages with international relations,https://www.royalholloway.ac.uk/studying-here/undergraduate/modern-languages-literatures-and-cultures/modern-languages-with-international-relations/,Year 2,All modules are optional,,
Royal Holloway,BA (hons) modern languages with international relations,https://www.royalholloway.ac.uk/studying-here/undergraduate/modern-languages-literatures-and-cultures/modern-languages-with-international-relations/,Year 3,IELTS,,
Royal Holloway,BA (hons) modern languages with international relations,https://www.royalholloway.ac.uk/studying-here/undergraduate/modern-languages-literatures-and-cultures/modern-languages-with-international-relations/,Year 3,Pearson Test of English: 67 with 61 in writing (no other subscore lower than 54),,
Royal Holloway,BA (hons) modern languages with international relations,https://www.royalholloway.ac.uk/studying-here/undergraduate/modern-languages-literatures-and-cultures/modern-languages-with-international-relations/,Year 3,Trinity College London Integrated Skills in English (ISE),,
Royal Holloway,BA (hons) modern languages with international relations,https://www.royalholloway.ac.uk/studying-here/undergraduate/modern-languages-literatures-and-cultures/modern-languages-with-international-relations/,Year 3,Cambridge English,,
Royal Holloway,BA (hons) modern languages with international relations,https://www.royalholloway.ac.uk/studying-here/undergraduate/modern-languages-literatures-and-cultures/modern-languages-with-international-relations/,Year 3,TOEFL iBT,,
Royal Holloway,BA (hons) modern languages with international relations,https://www.royalholloway.ac.uk/studying-here/undergraduate/modern-languages-literatures-and-cultures/modern-languages-with-international-relations/,Year 3,Duolingo,,
Royal Holloway,LLB (hons) law with international relations,https://www.royalholloway.ac.uk/studying-here/undergraduate/law/law-with-international-relations/,Year 1,All modules are core,,
Royal Holloway,LLB (hons) law with international relations,https://www.royalholloway.ac.uk/studying-here/undergraduate/law/law-with-international-relations/,Year 3,Law Dissertation,,
Royal Holloway,LLB (hons) law with international relations,https://www.royalholloway.ac.uk/studying-here/undergraduate/law/law-with-international-relations/,Year 3,Company Law,,
Royal Holloway,LLB (hons) law with international relations,https://www.royalholloway.ac.uk/studying-here/undergraduate/law/law-with-international-relations/,Year 3,Medical Law,,
Royal Holloway,LLB (hons) law with international relations,https://www.royalholloway.ac.uk/studying-here/undergraduate/law/law-with-international-relations/,Year 3,Advocacy and Court Practice,,
Royal Holloway,LLB (hons) law with international relations,https://www.royalholloway.ac.uk/studying-here/undergraduate/law/law-with-international-relations/,Year 3,Law of Evidence,,
Royal Holloway,LLB (hons) law with international relations,https://www.royalholloway.ac.uk/studying-here/undergraduate/law/law-with-international-relations/,Year 3,International and Comparative Human Rights Law,,
Royal Holloway,LLB (hons) law with international relations,https://www.royalholloway.ac.uk/studying-here/undergraduate/law/law-with-international-relations/,Year 3,Public International Law,,
Royal Holloway,LLB (hons) law with international relations,https://www.royalholloway.ac.uk/studying-here/undergraduate/law/law-with-international-relations/,Year 3,Family Law,,
Royal Holloway,LLB (hons) law with international relations,https://www.royalholloway.ac.uk/studying-here/undergraduate/law/law-with-international-relations/,Year 3,Jurisprudence,,
Royal Holloway,LLB (hons) law with international relations,https://www.royalholloway.ac.uk/studying-here/undergraduate/law/law-with-international-relations/,Year 3,Intellectual Property Law,,
Royal Holloway,LLB (hons) law with international relations,https://www.royalholloway.ac.uk/studying-here/undergraduate/law/law-with-international-relations/,Year 3,The Politics of Africa,,
Royal Holloway,LLB (hons) law with international relations,https://www.royalholloway.ac.uk/studying-here/undergraduate/law/law-with-international-relations/,Year 3,Defence in the Post-Cold War World,,
Royal Holloway,LLB (hons) law with international relations,https://www.royalholloway.ac.uk/studying-here/undergraduate/law/law-with-international-relations/,Year 3,Understanding China's Rise: Domestic Politics and Foreign Policy,,
Royal Holloway,LLB (hons) law with international relations,https://www.royalholloway.ac.uk/studying-here/undergraduate/law/law-with-international-relations/,Year 3,Refugees and Migration in World Politics,,
Royal Holloway,LLB (hons) law with international relations,https://www.royalholloway.ac.uk/studying-here/undergraduate/law/law-with-international-relations/,Year 3,IELTS,,
Royal Holloway,LLB (hons) law with international relations,https://www.royalholloway.ac.uk/studying-here/undergraduate/law/law-with-international-relations/,Year 3,Pearson Test of English: 67 with 61 in writing (no other subscore lower than 54),,
Royal Holloway,LLB (hons) law with international relations,https://www.royalholloway.ac.uk/studying-here/undergraduate/law/law-with-international-relations/,Year 3,Trinity College London Integrated Skills in English (ISE),,
Royal Holloway,LLB (hons) law with international relations,https://www.royalholloway.ac.uk/studying-here/undergraduate/law/law-with-international-relations/,Year 3,Cambridge English,,
Royal Holloway,LLB (hons) law with international relations,https://www.royalholloway.ac.uk/studying-here/undergraduate/law/law-with-international-relations/,Year 3,TOEFL iBT,,
Royal Holloway,LLB (hons) law with international relations,https://www.royalholloway.ac.uk/studying-here/undergraduate/law/law-with-international-relations/,Year 3,Duolingo,,
Royal Holloway,LLB (hons) law with international relations with a year in industry,https://www.royalholloway.ac.uk/studying-here/undergraduate/law/law-with-international-relations-with-a-year-in-industry/,Year 1,All modules are core,,
Royal Holloway,LLB (hons) law with international relations with a year in industry,https://www.royalholloway.ac.uk/studying-here/undergraduate/law/law-with-international-relations-with-a-year-in-industry/,Year 4,Law Dissertation,,
Royal Holloway,LLB (hons) law with international relations with a year in industry,https://www.royalholloway.ac.uk/studying-here/undergraduate/law/law-with-international-relations-with-a-year-in-industry/,Year 4,Company Law,,
Royal Holloway,LLB (hons) law with international relations with a year in industry,https://www.royalholloway.ac.uk/studying-here/undergraduate/law/law-with-international-relations-with-a-year-in-industry/,Year 4,Medical Law,,
Royal Holloway,LLB (hons) law with international relations with a year in industry,https://www.royalholloway.ac.uk/studying-here/undergraduate/law/law-with-international-relations-with-a-year-in-industry/,Year 4,Advocacy and Court Practice,,
Royal Holloway,LLB (hons) law with international relations with a year in industry,https://www.royalholloway.ac.uk/studying-here/undergraduate/law/law-with-international-relations-with-a-year-in-industry/,Year 4,Law of Evidence,,
Royal Holloway,LLB (hons) law with international relations with a year in industry,https://www.royalholloway.ac.uk/studying-here/undergraduate/law/law-with-international-relations-with-a-year-in-industry/,Year 4,International and Comparative Human Rights Law,,
Royal Holloway,LLB (hons) law with international relations with a year in industry,https://www.royalholloway.ac.uk/studying-here/undergraduate/law/law-with-international-relations-with-a-year-in-industry/,Year 4,Public International Law,,
Royal Holloway,LLB (hons) law with international relations with a year in industry,https://www.royalholloway.ac.uk/studying-here/undergraduate/law/law-with-international-relations-with-a-year-in-industry/,Year 4,Family Law,,
Royal Holloway,LLB (hons) law with international relations with a year in industry,https://www.royalholloway.ac.uk/studying-here/undergraduate/law/law-with-international-relations-with-a-year-in-industry/,Year 4,Jurisprudence,,
Royal Holloway,LLB (hons) law with international relations with a year in industry,https://www.royalholloway.ac.uk/studying-here/undergraduate/law/law-with-international-relations-with-a-year-in-industry/,Year 4,Intellectual Property Law,,
Royal Holloway,LLB (hons) law with international relations with a year in industry,https://www.royalholloway.ac.uk/studying-here/undergraduate/law/law-with-international-relations-with-a-year-in-industry/,Year 4,The Politics of Africa,,
Royal Holloway,LLB (hons) law with international relations with a year in industry,https://www.royalholloway.ac.uk/studying-here/undergraduate/law/law-with-international-relations-with-a-year-in-industry/,Year 4,Defence in the Post-Cold War World,,
Royal Holloway,LLB (hons) law with international relations with a year in industry,https://www.royalholloway.ac.uk/studying-here/undergraduate/law/law-with-international-relations-with-a-year-in-industry/,Year 4,Understanding China's Rise: Domestic Politics and Foreign Policy,,
Royal Holloway,LLB (hons) law with international relations with a year in industry,https://www.royalholloway.ac.uk/studying-here/undergraduate/law/law-with-international-relations-with-a-year-in-industry/,Year 4,Refugees and Migration in World Politics,,
Royal Holloway,LLB (hons) law with international relations with a year in industry,https://www.royalholloway.ac.uk/studying-here/undergraduate/law/law-with-international-relations-with-a-year-in-industry/,Year 3,IELTS,,
Royal Holloway,LLB (hons) law with international relations with a year in industry,https://www.royalholloway.ac.uk/studying-here/undergraduate/law/law-with-international-relations-with-a-year-in-industry/,Year 3,Pearson Test of English: 67 with 61 in writing (no other subscore lower than 54),,
Royal Holloway,LLB (hons) law with international relations with a year in industry,https://www.royalholloway.ac.uk/studying-here/undergraduate/law/law-with-international-relations-with-a-year-in-industry/,Year 3,Trinity College London Integrated Skills in English (ISE),,
Royal Holloway,LLB (hons) law with international relations with a year in industry,https://www.royalholloway.ac.uk/studying-here/undergraduate/law/law-with-international-relations-with-a-year-in-industry/,Year 3,Cambridge English,,
Royal Holloway,LLB (hons) law with international relations with a year in industry,https://www.royalholloway.ac.uk/studying-here/undergraduate/law/law-with-international-relations-with-a-year-in-industry/,Year 3,TOEFL iBT,,
Royal Holloway,LLB (hons) law with international relations with a year in industry,https://www.royalholloway.ac.uk/studying-here/undergraduate/law/law-with-international-relations-with-a-year-in-industry/,Year 3,Duolingo,,
Royal Holloway,"BA (hons) politics, international relations",https://www.royalholloway.ac.uk/studying-here/undergraduate/politics-and-international-relations/politics-international-relations-and-modern-languages-french/,Year 4,American Political Development,,
Royal Holloway,"BA (hons) politics, international relations",https://www.royalholloway.ac.uk/studying-here/undergraduate/politics-and-international-relations/politics-international-relations-and-modern-languages-french/,Year 4,Text and Image in France,,
Royal Holloway,"BA (hons) politics, international relations",https://www.royalholloway.ac.uk/studying-here/undergraduate/politics-and-international-relations/politics-international-relations-and-modern-languages-french/,Year 4,Blindness and Vision in French Culture,,
Royal Holloway,"BA (hons) politics, international relations",https://www.royalholloway.ac.uk/studying-here/undergraduate/politics-and-international-relations/politics-international-relations-and-modern-languages-french/,Year 3,IELTS,,
Royal Holloway,"BA (hons) politics, international relations",https://www.royalholloway.ac.uk/studying-here/undergraduate/politics-and-international-relations/politics-international-relations-and-modern-languages-french/,Year 3,Pearson Test of English: 67 with 61 in writing (no other subscore lower than 54),,
Royal Holloway,"BA (hons) politics, international relations",https://www.royalholloway.ac.uk/studying-here/undergraduate/politics-and-international-relations/politics-international-relations-and-modern-languages-french/,Year 3,Trinity College London Integrated Skills in English (ISE),,
Royal Holloway,"BA (hons) politics, international relations",https://www.royalholloway.ac.uk/studying-here/undergraduate/politics-and-international-relations/politics-international-relations-and-modern-languages-french/,Year 3,Cambridge English,,
Royal Holloway,"BA (hons) politics, international relations",https://www.royalholloway.ac.uk/studying-here/undergraduate/politics-and-international-relations/politics-international-relations-and-modern-languages-french/,Year 3,TOEFL iBT,,
Royal Holloway,"BA (hons) politics, international relations",https://www.royalholloway.ac.uk/studying-here/undergraduate/politics-and-international-relations/politics-international-relations-and-modern-languages-french/,Year 3,Duolingo,,
Chichester,BA (hons) politics & international relations,https://www.chi.ac.uk/department-humanities/undergraduate/ba-hons-politics-and-international-relations,Year 3,War and Peace Twentieth Century Europe and Global Conflict,,
Chichester,BA (hons) politics & international relations,https://www.chi.ac.uk/department-humanities/undergraduate/ba-hons-politics-and-international-relations,Year 3,The United States: An Introduction (1763 – The Present),,
Chichester,BA (hons) politics & international relations,https://www.chi.ac.uk/department-humanities/undergraduate/ba-hons-politics-and-international-relations,Year 3,Introduction to International Relations Theory and Practice,,
Chichester,BA (hons) politics & international relations,https://www.chi.ac.uk/department-humanities/undergraduate/ba-hons-politics-and-international-relations,Year 3,Introduction to Soft Power,,
Chichester,BA (hons) politics & international relations,https://www.chi.ac.uk/department-humanities/undergraduate/ba-hons-politics-and-international-relations,Year 3,Russia and China: An Introduction to Post-Communism,,
Chichester,BA (hons) politics & international relations,https://www.chi.ac.uk/department-humanities/undergraduate/ba-hons-politics-and-international-relations,Year 3,"Britain and Europe: Brexit – Before, During and After",,
Chichester,BA (hons) politics & international relations,https://www.chi.ac.uk/department-humanities/undergraduate/ba-hons-politics-and-international-relations,Year 3,Contemporary Issues in International Relations I: Global Security Challenges,,
Chichester,BA (hons) politics & international relations,https://www.chi.ac.uk/department-humanities/undergraduate/ba-hons-politics-and-international-relations,Year 3,EU Law II,,
Chichester,BA (hons) politics & international relations,https://www.chi.ac.uk/department-humanities/undergraduate/ba-hons-politics-and-international-relations,Year 3,International Human Rights,,
Chichester,BA (hons) politics & international relations,https://www.chi.ac.uk/department-humanities/undergraduate/ba-hons-politics-and-international-relations,Year 3,International Organisations,,
Chichester,BA (hons) politics & international relations,https://www.chi.ac.uk/department-humanities/undergraduate/ba-hons-politics-and-international-relations,Year 3,Identity and Conflict in Russia and Eurasia,,
Chichester,BA (hons) politics & international relations,https://www.chi.ac.uk/department-humanities/undergraduate/ba-hons-politics-and-international-relations,Year 3,terrorism,,
Chichester,BA (hons) politics & international relations,https://www.chi.ac.uk/department-humanities/undergraduate/ba-hons-politics-and-international-relations,Year 3,cyber-security,,
Chichester,BA (hons) politics & international relations,https://www.chi.ac.uk/department-humanities/undergraduate/ba-hons-politics-and-international-relations,Year 3,bio-security,,
Chichester,BA (hons) politics & international relations,https://www.chi.ac.uk/department-humanities/undergraduate/ba-hons-politics-and-international-relations,Year 3,migration,,
Chichester,BA (hons) politics & international relations,https://www.chi.ac.uk/department-humanities/undergraduate/ba-hons-politics-and-international-relations,Year 3,corruption,,
Chichester,BA (hons) politics & international relations,https://www.chi.ac.uk/department-humanities/undergraduate/ba-hons-politics-and-international-relations,Year 3,trans-national crime.,,
Chichester,BA (hons) politics & international relations,https://www.chi.ac.uk/department-humanities/undergraduate/ba-hons-politics-and-international-relations,Year 3,United Nations (UN),,
Chichester,BA (hons) politics & international relations,https://www.chi.ac.uk/department-humanities/undergraduate/ba-hons-politics-and-international-relations,Year 3,North Atlantic Treaty Organisation (NATO),,
Chichester,BA (hons) politics & international relations,https://www.chi.ac.uk/department-humanities/undergraduate/ba-hons-politics-and-international-relations,Year 3,Organisation for Security and Cooperation in Europe (OSCE),,
Chichester,BA (hons) politics & international relations,https://www.chi.ac.uk/department-humanities/undergraduate/ba-hons-politics-and-international-relations,Year 3,World Health Organisation (WTO),,
Chichester,BA (hons) politics & international relations,https://www.chi.ac.uk/department-humanities/undergraduate/ba-hons-politics-and-international-relations,Year 3,Red Cross,,
Chichester,BA (hons) politics & international relations,https://www.chi.ac.uk/department-humanities/undergraduate/ba-hons-politics-and-international-relations,Year 3,Amnesty International,,
Chichester,BA (hons) politics & international relations,https://www.chi.ac.uk/department-humanities/undergraduate/ba-hons-politics-and-international-relations,Year 3,and others.,,
Chichester,BA (hons) politics & international relations,https://www.chi.ac.uk/department-humanities/undergraduate/ba-hons-politics-and-international-relations,Year 3,Azerbaijan (Nagorno Karabakh),,
Chichester,BA (hons) politics & international relations,https://www.chi.ac.uk/department-humanities/undergraduate/ba-hons-politics-and-international-relations,Year 3,Georgia (Abkhazia/South Ossetia),,
Chichester,BA (hons) politics & international relations,https://www.chi.ac.uk/department-humanities/undergraduate/ba-hons-politics-and-international-relations,Year 3,Moldova (Transnistria),,
Chichester,BA (hons) politics & international relations,https://www.chi.ac.uk/department-humanities/undergraduate/ba-hons-politics-and-international-relations,Year 3,Ukraine (Crimea/Eastern Ukraine),,
Chichester,BA (hons) politics & international relations,https://www.chi.ac.uk/department-humanities/undergraduate/ba-hons-politics-and-international-relations,Year 3,Chechnya (Russian Federation),,
Chichester,BA (hons) politics & international relations,https://www.chi.ac.uk/department-humanities/undergraduate/ba-hons-politics-and-international-relations,Year 3,as well as causes of intra,,
Chichester,BA (hons) politics & international relations,https://www.chi.ac.uk/department-humanities/undergraduate/ba-hons-politics-and-international-relations,Year 3,Contemporary Issues in International Relations II: Climate Change and Activism,,
Chichester,BA (hons) politics & international relations,https://www.chi.ac.uk/department-humanities/undergraduate/ba-hons-politics-and-international-relations,Year 3,"Civil Society, NGOs and International Development",,
Chichester,BA (hons) politics & international relations,https://www.chi.ac.uk/department-humanities/undergraduate/ba-hons-politics-and-international-relations,Year 3,Globalisation and Its Malcontents,,
Chichester,BA (hons) politics & international relations,https://www.chi.ac.uk/department-humanities/undergraduate/ba-hons-politics-and-international-relations,Year 3,International Law,,
Chichester,BA (hons) politics & international relations,https://www.chi.ac.uk/department-humanities/undergraduate/ba-hons-politics-and-international-relations,Year 3,"International Diplomacy, Sustaintable Growth and Cultural Heritage",,
Chichester,BA (hons) politics & international relations,https://www.chi.ac.uk/department-humanities/undergraduate/ba-hons-politics-and-international-relations,Year 3,Multi-Media and Public Communications,,
Chichester,BA (hons) politics & international relations,https://www.chi.ac.uk/department-humanities/undergraduate/ba-hons-politics-and-international-relations,Year 3,The Politics of East Asia,,
Coventry,BA (hons) international relations,https://www.coventry.ac.uk/course-structure/ug/fah/international-relations-ba-hons/?term=2025-26,Year 1,History BA (Hons),,
Coventry,BA (hons) international relations,https://www.coventry.ac.uk/course-structure/ug/fah/international-relations-ba-hons/?term=2025-26,Year 1,History and Politics BA (Hons),,
Coventry,BA (hons) international relations,https://www.coventry.ac.uk/course-structure/ug/fah/international-relations-ba-hons/?term=2025-26,Year 1,International Relations BA (Hons),,
Coventry,BA (hons) international relations,https://www.coventry.ac.uk/course-structure/ug/fah/international-relations-ba-hons/?term=2025-26,Year 1,Politics BA (Hons),,
Coventry,BA (hons) international relations,https://www.coventry.ac.uk/course-structure/ug/fah/international-relations-ba-hons/?term=2025-26,Year 1,Politics and International Relations BA (Hons),,
Coventry,BA (hons) international relations,https://www.coventry.ac.uk/course-structure/ug/fah/international-relations-ba-hons/?term=2025-26,Year 2,Placement year,,
Coventry,BA (hons) international relations,https://www.coventry.ac.uk/course-structure/ug/fah/international-relations-ba-hons/?term=2025-26,Year 2,Final year,,
Coventry,BA (hons) international relations,https://www.coventry.ac.uk/course-structure/ug/fah/international-relations-ba-hons/?term=2025-26,Year 2,The Politics of the Global South,30,core
Coventry,BA (hons) international relations,https://www.coventry.ac.uk/course-structure/ug/fah/international-relations-ba-hons/?term=2025-26,Year 2,The Spy Game: Intelligence and Surveillance,30,core
Coventry,BA (hons) politics & international relations,https://www.coventry.ac.uk/course-structure/ug/fah/politics-and-international-relations/?term=2025-26,Year 1,History BA (Hons),,
Coventry,BA (hons) politics & international relations,https://www.coventry.ac.uk/course-structure/ug/fah/politics-and-international-relations/?term=2025-26,Year 1,History and Politics BA (Hons),,
Coventry,BA (hons) politics & international relations,https://www.coventry.ac.uk/course-structure/ug/fah/politics-and-international-relations/?term=2025-26,Year 1,International Relations BA (Hons),,
Coventry,BA (hons) politics & international relations,https://www.coventry.ac.uk/course-structure/ug/fah/politics-and-international-relations/?term=2025-26,Year 1,Politics BA (Hons),,
Coventry,BA (hons) politics & international relations,https://www.coventry.ac.uk/course-structure/ug/fah/politics-and-international-relations/?term=2025-26,Year 1,Politics and International Relations BA (Hons),,
Coventry,BA (hons) politics & international relations,https://www.coventry.ac.uk/course-structure/ug/fah/politics-and-international-relations/?term=2025-26,Year 2,Placement year,,
Coventry,BA (hons) politics & international relations,https://www.coventry.ac.uk/course-structure/ug/fah/politics-and-international-relations/?term=2025-26,Year 2,Final year,,
Coventry,BA (hons) politics & international relations,https://www.coventry.ac.uk/course-structure/ug/fah/politics-and-international-relations/?term=2025-26,Year 2,International Relations of the Middle East and South Asia,30,core
Coventry,BA (hons) politics & international relations,https://www.coventry.ac.uk/course-structure/ug/fah/politics-and-international-relations/?term=2025-26,Year 2,"Global Conspiracies, Populism, and the Far Right",30,core
Winchester,BA (hons) politics with international relations,https://www.winchester.ac.uk/study/undergraduate/courses/ba-hons-politics-with-international-relations,Year 1,"Teaching, learning and assessment: 204 hours",,
Winchester,BA (hons) politics with international relations,https://www.winchester.ac.uk/study/undergraduate/courses/ba-hons-politics-with-international-relations,Year 1,Independent learning: 996 hours,,
Winchester,BA (hons) politics with international relations,https://www.winchester.ac.uk/study/undergraduate/courses/ba-hons-politics-with-international-relations,Year 2,"Teaching, learning and assessment: 168 hours",,
Winchester,BA (hons) politics with international relations,https://www.winchester.ac.uk/study/undergraduate/courses/ba-hons-politics-with-international-relations,Year 2,Independent learning: 1008 hours,,
Winchester,BA (hons) politics with international relations,https://www.winchester.ac.uk/study/undergraduate/courses/ba-hons-politics-with-international-relations,Year 2,Placement: 24 hours,,
Winchester,BA (hons) politics with international relations,https://www.winchester.ac.uk/study/undergraduate/courses/ba-hons-politics-with-international-relations,Year 3,"Teaching, learning and assessment: 168 hours",,
Winchester,BA (hons) politics with international relations,https://www.winchester.ac.uk/study/undergraduate/courses/ba-hons-politics-with-international-relations,Year 3,Independent learning: 1032 hours,,
